# This file uses centimeters as units for non-parametric coordinates.

mtllib objAltar.mtl
g default
v -3.172841 -0.134891 3.090681
v 3.172841 -0.134891 3.090681
v -3.172841 0.219961 3.090681
v 3.172841 0.219961 3.090681
v -3.172841 0.219961 -3.090679
v 3.172841 0.219961 -3.090679
v -3.172841 -0.134891 -3.090679
v 3.172841 -0.134891 -3.090679
v -2.908437 0.219961 2.833126
v 2.908437 0.219961 2.833126
v 2.908437 0.219961 -2.833125
v -2.908437 0.219961 -2.833125
v -1.848649 0.219961 1.848652
v 1.848649 0.219961 1.848652
v 1.848649 0.219961 -1.848648
v -1.848649 0.219961 -1.848648
v -1.848649 0.283927 1.848652
v 1.848649 0.283927 1.848652
v 1.848649 0.283927 -1.848648
v -1.848649 0.283927 -1.848648
v -0.770270 0.283927 0.770274
v 0.770270 0.283927 0.770274
v 0.770270 0.283927 -0.770269
v -0.770270 0.283927 -0.770269
v -0.770270 0.381811 0.770274
v 0.770270 0.381811 0.770274
v 0.770270 0.381811 -0.770269
v -0.770270 0.381811 -0.770269
v -0.667568 0.381811 0.667571
v 0.667568 0.381811 0.667571
v 0.667568 0.381811 -0.667568
v -0.667568 0.381811 -0.667568
v -0.356153 0.646487 0.356152
v 0.356153 0.646487 0.356152
v 0.356153 0.646487 -0.356149
v -0.356153 0.646487 -0.356149
v -0.403640 0.646487 0.403643
v 0.403640 0.646487 0.403643
v 0.403640 0.646487 -0.403640
v -0.403640 0.646487 -0.403640
v -0.403640 0.743855 0.403643
v 0.403640 0.743855 0.403643
v 0.403640 0.743855 -0.403640
v -0.403640 0.743855 -0.403640
v -0.356548 0.743855 0.356551
v 0.356548 0.743855 0.356551
v 0.356548 0.743855 -0.356547
v -0.356548 0.743855 -0.356547
v -0.356548 1.147514 0.356551
v 0.356548 1.147514 0.356551
v 0.356548 1.147514 -0.356547
v -0.356548 1.147514 -0.356547
v -0.398146 1.147514 0.398151
v 0.398146 1.147514 0.398151
v 0.398146 1.147514 -0.398147
v -0.398146 1.147514 -0.398147
v -0.398146 1.240673 0.398151
v 0.398146 1.240673 0.398151
v 0.398146 1.240673 -0.398147
v -0.398146 1.240673 -0.398147
v -0.364967 1.240673 0.364965
v 0.364967 1.240673 0.364965
v 0.364967 1.240673 -0.364963
v -0.364967 1.240673 -0.364963
v -0.793660 1.779871 0.793663
v 0.793660 1.779871 0.793663
v 0.793660 1.779871 -0.793662
v -0.793660 1.779871 -0.793662
v -0.793660 1.872103 0.793663
v 0.793660 1.872103 0.793663
v 0.793660 1.872103 -0.793662
v -0.793660 1.872103 -0.793662
v -0.793660 1.927231 0.793663
v 0.793660 1.927231 0.793663
v 0.793660 1.927231 -0.793662
v -0.793660 1.927231 -0.793662
v -0.873026 1.927231 0.873029
v 0.873026 1.927231 0.873029
v 0.873026 1.927231 -0.873024
v -0.873026 1.927231 -0.873024
v -0.873026 2.034412 0.873029
v 0.873026 2.034412 0.873029
v 0.873026 2.034412 -0.873024
v -0.873026 2.034412 -0.873024
v -0.727522 2.034412 0.727523
v 0.727522 2.034412 0.727523
v 0.727522 2.034412 -0.727521
v -0.727522 2.034412 -0.727521
v -0.696858 1.920102 0.696861
v 0.696858 1.920102 0.696861
v 0.696858 1.920102 -0.696857
v -0.696858 1.920102 -0.696857
v 0.700788 1.934754 -0.700788
v 0.700788 1.934754 0.700793
v -0.700788 1.934754 0.700793
v -0.700788 1.934754 -0.700788
v -0.762142 2.034414 -0.762140
v 0.762142 2.034414 -0.762140
v 0.762142 2.034414 0.762143
v -0.762142 2.034414 0.762143
v -0.827279 2.034414 -0.827276
v 0.827279 2.034414 -0.827276
v 0.827279 2.034414 0.827279
v -0.827279 2.034414 0.827279
v -0.827279 2.076202 -0.827276
v 0.827279 2.076202 -0.827276
v -0.762142 2.076202 -0.762140
v 0.762142 2.076202 -0.762140
v 0.827279 2.076202 0.827279
v 0.762142 2.076202 0.762143
v -0.827279 2.076202 0.827279
v -0.762142 2.076202 0.762143
v -0.873026 1.963032 0.873029
v 0.873026 1.963032 0.873029
v 0.873026 1.998613 0.873029
v -0.873026 1.998613 0.873029
v 0.873026 1.963032 -0.873024
v 0.873026 1.998613 -0.873024
v -0.873026 1.963032 -0.873024
v -0.873026 1.998613 -0.873024
v -0.909807 1.963032 0.909809
v 0.909807 1.963032 0.909809
v 0.909807 1.998613 0.909809
v -0.909807 1.998613 0.909809
v 0.909807 1.963032 -0.909807
v 0.909807 1.998613 -0.909807
v -0.909807 1.963032 -0.909807
v -0.909807 1.998613 -0.909807
v -0.403640 0.670382 0.403643
v 0.403640 0.670382 0.403643
v 0.403640 0.719959 0.403643
v -0.403640 0.719959 0.403643
v 0.403640 0.670382 -0.403640
v 0.403640 0.719959 -0.403640
v -0.403640 0.670382 -0.403640
v -0.403640 0.719959 -0.403640
v -0.398146 1.170377 0.398151
v 0.398146 1.170377 0.398151
v 0.398146 1.217810 0.398151
v -0.398146 1.217810 0.398151
v 0.398146 1.170377 -0.398147
v 0.398146 1.217810 -0.398147
v -0.398146 1.170377 -0.398147
v -0.398146 1.217810 -0.398147
v -0.446195 0.670382 0.446198
v 0.446195 0.670382 0.446198
v 0.446195 0.719959 0.446198
v -0.446195 0.719959 0.446198
v 0.446195 0.670382 -0.446194
v 0.446195 0.719959 -0.446194
v -0.446195 0.670382 -0.446194
v -0.446195 0.719959 -0.446194
v -0.440701 1.170377 0.440702
v 0.440701 1.170377 0.440702
v 0.440701 1.217810 0.440702
v -0.440701 1.217810 0.440702
v 0.440701 1.170377 -0.440697
v 0.440701 1.217810 -0.440697
v -0.440701 1.170377 -0.440697
v -0.440701 1.217810 -0.440697
v -0.824469 1.779871 0.824470
v 0.824469 1.779871 0.824470
v 0.824469 1.872103 0.824470
v -0.824469 1.872103 0.824470
v 0.824469 1.779871 -0.824464
v 0.824469 1.872103 -0.824464
v -0.824469 1.779871 -0.824464
v -0.824469 1.872103 -0.824464
v -0.316305 1.284441 0.399769
v 0.316305 1.284441 0.399769
v 0.687839 1.751746 0.771302
v -0.687839 1.751746 0.771302
v 0.399766 1.284441 0.316308
v 0.399766 1.284441 -0.316305
v 0.771300 1.751746 -0.687839
v 0.771300 1.751746 0.687844
v -0.316305 1.284441 -0.399765
v 0.316305 1.284441 -0.399765
v -0.687839 1.751746 -0.771297
v 0.687839 1.751746 -0.771297
v -0.399766 1.284441 0.316308
v -0.399766 1.284441 -0.316305
v -0.771300 1.751746 0.687844
v -0.771300 1.751746 -0.687839
v -0.316305 1.294691 0.386878
v 0.316305 1.294691 0.386878
v 0.687839 1.761995 0.758411
v -0.687839 1.761995 0.758411
v 0.386875 1.294691 0.316308
v 0.386875 1.294691 -0.316305
v 0.758409 1.761995 -0.687839
v 0.758409 1.761995 0.687844
v -0.316305 1.294691 -0.386876
v 0.316305 1.294691 -0.386876
v -0.687839 1.761995 -0.758411
v 0.687839 1.761995 -0.758411
v -0.386875 1.294691 0.316308
v -0.386875 1.294691 -0.316305
v -0.758409 1.761995 0.687844
v -0.758409 1.761995 -0.687839
v -1.663784 0.283927 1.808765
v 1.663784 0.283927 1.808765
v 0.693243 0.283927 0.838221
v -0.693243 0.283927 0.838221
v 1.808761 0.283927 1.663786
v 1.808761 0.283927 -1.663785
v 0.838221 0.283927 -0.693242
v 0.838221 0.283927 0.693243
v -1.663784 0.283927 -1.808759
v 1.663784 0.283927 -1.808759
v -0.693243 0.283927 -0.838221
v 0.693243 0.283927 -0.838221
v -1.808761 0.283927 1.663786
v -1.808761 0.283927 -1.663785
v -0.838221 0.283927 0.693243
v -0.838221 0.283927 -0.693242
v -1.663784 0.261053 1.808765
v 1.663784 0.261053 1.808765
v 0.693243 0.261053 0.838221
v -0.693243 0.261053 0.838221
v 1.808761 0.261053 1.663786
v 1.808761 0.261053 -1.663785
v 0.838221 0.261053 -0.693242
v 0.838221 0.261053 0.693243
v -1.663784 0.261053 -1.808759
v 1.663784 0.261053 -1.808759
v -0.693243 0.261053 -0.838221
v 0.693243 0.261053 -0.838221
v -1.808761 0.261053 1.663786
v -1.808761 0.261053 -1.663785
v -0.838221 0.261053 0.693243
v -0.838221 0.261053 -0.693242
vt -0.954218 -0.916563
vt 1.954218 -0.916563
vt 1.424325 -0.424326
vt -0.424325 -0.424326
vt 1.954218 1.916563
vt 1.424325 1.424324
vt -0.954218 1.916563
vt -0.424325 1.424324
vt 5.154436 -0.111734
vt 5.154436 -4.633525
vt 5.414019 -4.633525
vt 5.414019 -0.111734
vt 5.443676 4.451762
vt 5.443676 -0.070030
vt 5.703259 -0.070030
vt 5.703259 4.451762
vt 5.221885 2.634621
vt 5.221885 -0.070030
vt 5.268679 -0.070030
vt 5.268679 2.634621
vt 5.000097 2.754827
vt 5.000097 0.050176
vt 5.046889 0.050176
vt 5.046889 2.754827
vt 4.258468 3.923469
vt 4.258468 2.796530
vt 4.330071 2.796530
vt 4.330071 3.923469
vt 4.543549 3.923469
vt 4.543549 2.796530
vt 4.615153 2.796530
vt 4.615153 3.923469
vt -0.517485 4.430914
vt -0.517485 3.778111
vt -0.481219 3.778111
vt -0.481219 4.430914
vt -0.718223 4.430914
vt -0.718223 3.778111
vt -0.681956 3.778111
vt -0.681956 4.430914
vt -0.893354 5.061195
vt -0.893354 4.539549
vt -0.598069 4.539549
vt -0.598069 5.061195
vt -0.160289 5.347801
vt -0.160289 4.826154
vt 0.134996 4.826154
vt 0.134996 5.347801
vt -2.349633 3.386705
vt -2.349633 2.741943
vt -2.314935 2.741943
vt -2.314935 3.386705
vt -2.547235 3.386704
vt -2.547235 2.741943
vt -2.512536 2.741943
vt -2.512536 3.386704
vt 0.633866 3.732294
vt 0.633866 2.526065
vt 0.701336 2.526065
vt 0.701336 3.732294
vt 0.918947 3.732294
vt 0.918947 2.526065
vt 0.986417 2.526065
vt 0.986417 3.732294
vt 3.749394 3.957691
vt 3.749394 2.796530
vt 3.789721 2.796530
vt 3.789721 3.957691
vt 3.993749 3.957691
vt 3.993749 2.796530
vt 4.034076 2.796530
vt 4.034076 3.957691
vt -1.691889 1.381262
vt -1.691889 0.050176
vt -1.665862 0.050176
vt -1.665862 1.381262
vt -1.872148 1.381263
vt -1.872148 0.050176
vt -1.846121 0.050176
vt -1.846121 1.381263
vt 2.806668 4.044465
vt 2.806668 5.108860
vt 2.733766 5.089304
vt 2.733766 4.064018
vt 2.723048 5.086429
vt 2.723048 4.066895
vt 2.511223 4.044465
vt 2.511223 5.108860
vt 2.438321 5.089306
vt 2.438321 4.064022
vt 2.427603 5.086430
vt 2.427603 4.066897
vt 0.185882 3.736404
vt 0.185882 2.526064
vt 0.216450 2.526064
vt 0.216450 3.736404
vt 3.207833 5.159509
vt 3.207833 4.044465
vt 3.238401 4.044465
vt 3.238401 5.159509
vt 0.389510 3.736405
vt 0.389510 2.526064
vt 0.420079 2.526064
vt 0.420079 3.736405
vt 3.018492 5.159509
vt 3.018492 4.044465
vt 3.049060 4.044465
vt 3.049060 5.159509
vt -1.809686 2.700240
vt -1.809686 1.422966
vt -1.783496 1.422966
vt -1.783496 2.700240
vt -1.681684 1.422965
vt -1.681684 2.700240
vt -1.707871 2.700240
vt -1.707871 1.422965
vt -1.402427 3.803338
vt -1.402427 2.526065
vt -1.376237 2.526065
vt -1.376237 3.803338
vt -1.274425 2.526065
vt -1.274425 3.803338
vt -1.300613 3.803338
vt -1.300613 2.526065
vt -3.825616 4.018954
vt -3.825616 3.428410
vt -3.808136 3.428410
vt -3.808136 4.018954
vt -3.706322 3.428410
vt -3.706322 4.018954
vt -3.723802 4.018954
vt -3.723802 3.428410
vt -3.418358 4.018953
vt -3.418358 3.428410
vt -3.400878 3.428410
vt -3.400878 4.018953
vt -3.299063 3.428411
vt -3.299063 4.018954
vt -3.316543 4.018954
vt -3.316543 3.428411
vt -1.748597 5.122057
vt -1.748597 4.539549
vt -1.731873 4.539549
vt -1.731873 5.122057
vt -1.650421 4.539549
vt -1.650421 5.122057
vt -1.667145 5.122057
vt -1.667145 4.539549
vt -1.585694 5.122057
vt -1.585694 4.539550
vt -1.568970 4.539550
vt -1.568970 5.122057
vt -1.487518 4.539549
vt -1.487518 5.122057
vt -1.504242 5.122057
vt -1.504242 4.539549
vt 0.215674 4.826154
vt 0.487459 5.167997
vt 0.478029 5.175496
vt 0.206244 4.833653
vt 0.552414 5.167993
vt 0.824198 4.826150
vt 0.833628 4.833647
vt 0.561844 5.175490
vt 1.600352 5.105701
vt 1.872135 5.447544
vt 1.862709 5.455042
vt 1.590924 5.113200
vt 1.937093 5.447544
vt 2.208877 5.105701
vt 2.218305 5.113200
vt 1.946519 5.455042
vt -1.090719 0.050176
vt -1.090719 2.484363
vt -1.107453 2.484363
vt -1.107453 0.050176
vt -1.171555 0.760147
vt -1.171555 1.774389
vt -1.188288 1.774389
vt -1.188288 0.760147
vt -1.171555 2.484362
vt -1.188288 2.484362
vt -1.171555 0.050176
vt -1.188288 0.050176
vt -1.414061 0.050176
vt -1.414061 2.484362
vt -1.430794 2.484362
vt -1.430794 0.050176
vt -1.494896 0.760149
vt -1.494896 1.774391
vt -1.511629 1.774391
vt -1.511629 0.760149
vt -1.494896 2.484363
vt -1.511629 2.484363
vt -1.494896 0.050176
vt -1.511629 0.050176
vt 1.343968 4.044465
vt 2.363501 4.044465
vt 2.363501 5.063998
vt 1.343968 5.063998
vt -4.049609 0.008473
vt -4.049609 -4.633525
vt 0.472184 -4.633525
vt 0.472184 0.008473
vt 0.552414 0.008472
vt 0.552414 -4.633526
vt 0.740820 -4.440109
vt 0.740820 -0.184945
vt 5.074207 -4.633526
vt 4.885800 -4.440109
vt 5.074207 0.008472
vt 4.885800 -0.184945
vt -0.331892 -0.404382
vt 1.331892 -0.404382
vt 0.846622 0.080890
vt 0.153378 0.080890
vt 1.404381 -0.331893
vt 1.404381 1.331892
vt 0.919110 0.846621
vt 0.919110 0.153379
vt 1.331892 1.404380
vt -0.331892 1.404380
vt 0.153378 0.919111
vt 0.846622 0.919111
vt -0.404381 1.331892
vt -0.404381 -0.331893
vt 0.080890 0.153379
vt 0.080890 0.846621
vt 4.576321 4.493465
vt 5.703259 4.493465
vt 5.628129 4.568594
vt 4.651450 4.568594
vt 5.703259 5.620404
vt 5.628129 5.545276
vt 5.400323 4.796403
vt 4.879257 4.796403
vt 4.576321 5.620404
vt 4.651450 5.545276
vt 5.400323 5.317465
vt 4.879257 5.317465
vt -4.584869 3.297745
vt -4.063803 3.297745
vt -4.029066 3.332487
vt -4.619607 3.332487
vt -4.063803 2.776683
vt -4.029066 2.741942
vt -4.584869 2.776683
vt -4.619607 2.741942
vt -4.703259 3.374189
vt -4.112717 3.374189
vt -4.147165 3.408638
vt -4.668810 3.408638
vt -4.112717 3.964733
vt -4.147165 3.930284
vt -4.703259 3.964733
vt -4.668810 3.930284
vt -3.184299 3.980487
vt -2.662654 3.980487
vt -2.632225 4.010918
vt -3.214728 4.010918
vt -2.662654 3.458840
vt -2.632225 3.428410
vt -3.184299 3.458840
vt -3.214728 3.428410
vt -2.563114 4.539549
vt -1.980611 4.539549
vt -2.004882 4.563825
vt -2.538843 4.563825
vt -1.980611 5.122057
vt -2.004882 5.097782
vt -2.563114 5.122057
vt -2.538843 5.097782
vt -4.645201 2.642181
vt -3.484043 2.642181
vt -3.425985 2.700239
vt -4.703259 2.700239
vt -3.484043 1.481019
vt -3.425985 1.422965
vt -4.645201 1.481019
vt -4.703259 1.422965
vt -3.357269 1.422966
vt -2.079995 1.422966
vt -2.113461 1.456434
vt -3.323804 1.456434
vt -2.079995 2.700240
vt -2.113461 2.666774
vt -3.357269 2.700240
vt -3.323804 2.666774
vt 4.512219 4.044465
vt 4.512219 5.159509
vt 4.486895 5.134184
vt 4.486895 4.069790
vt 3.397175 5.159509
vt 3.422500 5.134184
vt 3.397175 4.044465
vt 3.422500 4.069790
vt 0.011543 2.526066
vt 0.011543 3.736408
vt -0.036105 3.688759
vt -0.036105 2.573714
vt -1.198798 3.736408
vt -1.151149 3.688759
vt -1.198798 2.526066
vt -1.151149 2.573714
vt -3.240429 1.354357
vt -1.963156 1.354357
vt -1.936250 1.381262
vt -3.267335 1.381262
vt -1.963156 0.077084
vt -1.936250 0.050176
vt -3.240429 0.077084
vt -3.267335 0.050176
vt -3.358343 0.077081
vt -4.635616 0.077081
vt -4.662522 0.050176
vt -3.331437 0.050176
vt -4.635616 1.354355
vt -4.662522 1.381262
vt -3.358343 1.354355
vt -3.331437 1.381262
vt -1.403997 4.466717
vt -0.813455 4.466717
vt -0.782325 4.497847
vt -1.435127 4.497847
vt -0.813455 3.876172
vt -0.782325 3.845042
vt -1.403997 3.876172
vt -1.435127 3.845042
vt -1.530359 3.876173
vt -2.120901 3.876173
vt -2.152031 3.845043
vt -1.499229 3.845043
vt -2.120901 4.466717
vt -2.152031 4.497847
vt -1.530359 4.466717
vt -1.499229 4.497847
vt -2.642465 3.355577
vt -2.642465 2.773073
vt -2.611337 2.741943
vt -2.611337 3.386707
vt -3.224973 2.773073
vt -3.256099 2.741943
vt -3.224973 3.355577
vt -3.256099 3.386707
vt -3.933836 2.773073
vt -3.933836 3.355577
vt -3.964963 3.386707
vt -3.964963 2.741943
vt -3.351328 3.355577
vt -3.320201 3.386707
vt -3.351328 2.773073
vt -3.320201 2.741943
vt 2.245181 3.980225
vt 2.245181 2.819067
vt 2.267717 2.796531
vt 2.267717 4.002762
vt 2.228824 3.902815
vt 2.228824 2.896478
vt 1.084020 2.819067
vt 1.061487 2.796531
vt 1.084020 3.980225
vt 1.061487 4.002762
vt 1.931580 3.666627
vt 1.957039 3.631030
vt 1.931580 3.132666
vt 1.957039 3.168263
vt 2.167772 2.835425
vt 1.161431 2.835425
vt 1.161431 3.963869
vt 2.167772 3.963869
vt 1.895986 3.692083
vt 1.895986 3.107210
vt 1.397622 3.132666
vt 1.433217 3.107210
vt 1.100380 2.896478
vt 1.100380 3.902815
vt 1.397622 3.666627
vt 1.433217 3.692083
vt 1.372164 3.168263
vt 1.372164 3.631030
vt 2.366888 2.819067
vt 2.366888 3.980225
vt 2.344352 4.002762
vt 2.344352 2.796530
vt 3.528049 3.980225
vt 3.550581 4.002762
vt 3.528049 2.819067
vt 3.550581 2.796530
vt 2.231345 0.050176
vt 4.935995 0.050176
vt 4.800763 0.079354
vt 2.366578 0.079354
vt 4.147139 0.839031
vt 4.090792 0.789327
vt 3.020201 0.839031
vt 3.076548 0.789327
vt 4.906817 0.185409
vt 4.196846 0.895382
vt 2.970494 0.895382
vt 2.260524 0.185409
vt 4.935995 2.754827
vt 4.906817 2.619595
vt 4.147139 1.965970
vt 4.196846 1.909624
vt 3.020201 1.965970
vt 2.970494 1.909624
vt 2.231345 2.754827
vt 2.260524 2.619595
vt 4.800763 2.725648
vt 4.090792 2.015679
vt 3.076548 2.015679
vt 2.366578 2.725648
vt -4.703259 0.008472
vt -4.703259 -4.633525
vt -4.443676 -4.633525
vt -4.443676 0.008472
vt -4.375415 0.008472
vt -4.375415 -4.633526
vt -4.115833 -4.633526
vt -4.115833 0.008472
vt 5.332781 2.634619
vt 5.332781 -0.070030
vt 5.379574 -0.070030
vt 5.379574 2.634619
vt 5.157783 0.050176
vt 5.157783 2.754826
vt 5.110992 2.754826
vt 5.110992 0.050176
vt 4.115927 3.923468
vt 4.115927 2.796530
vt 4.187532 2.796530
vt 4.187532 3.923468
vt 4.472613 2.796531
vt 4.472613 3.923469
vt 4.401008 3.923469
vt 4.401008 2.796531
vt -0.417116 4.430913
vt -0.417116 3.778111
vt -0.380850 3.778111
vt -0.380850 4.430913
vt -0.581587 3.778111
vt -0.581587 4.430914
vt -0.617854 4.430914
vt -0.617854 3.778111
vt -1.259887 5.061194
vt -1.259887 4.539549
vt -0.964601 4.539549
vt -0.964601 5.061194
vt -0.231535 4.826154
vt -0.231535 5.347801
vt -0.526821 5.347801
vt -0.526821 4.826154
vt -2.250832 3.386708
vt -2.250832 2.741943
vt -2.216133 2.741943
vt -2.216133 3.386708
vt -2.413735 2.741943
vt -2.413735 3.386708
vt -2.448434 3.386708
vt -2.448434 2.741943
vt 0.491325 3.732295
vt 0.491325 2.526064
vt 0.558795 2.526064
vt 0.558795 3.732295
vt 0.843876 2.526066
vt 0.843876 3.732298
vt 0.776406 3.732298
vt 0.776406 2.526066
vt 3.627217 3.957688
vt 3.627217 2.796530
vt 3.667544 2.796530
vt 3.667544 3.957688
vt 3.911898 2.796531
vt 3.911898 3.957690
vt 3.871572 3.957690
vt 3.871572 2.796531
vt -1.601759 1.381260
vt -1.601759 0.050176
vt -1.575731 0.050176
vt -1.575731 1.381260
vt -1.755991 0.050176
vt -1.755991 1.381260
vt -1.782018 1.381260
vt -1.782018 0.050176
vt 2.870770 5.108860
vt 2.870770 4.044466
vt 2.943672 4.064022
vt 2.943672 5.089304
vt 2.954390 4.066897
vt 2.954390 5.086429
vt 2.658945 4.044465
vt 2.658945 5.108860
vt 2.586043 5.089304
vt 2.586043 4.064022
vt 2.575325 5.086429
vt 2.575325 4.066896
vt 0.114635 2.526064
vt 0.114635 3.736407
vt 0.084067 3.736407
vt 0.084067 2.526064
vt 3.302504 5.159509
vt 3.302504 4.044465
vt 3.333072 4.044465
vt 3.333072 5.159509
vt 0.287697 3.736407
vt 0.287697 2.526064
vt 0.318265 2.526064
vt 0.318265 3.736407
vt 3.143731 4.044466
vt 3.143731 5.159510
vt 3.113162 5.159510
vt 3.113162 4.044466
vt -2.013315 2.700240
vt -2.013315 1.422966
vt -1.987125 1.422966
vt -1.987125 2.700240
vt -1.885313 1.422966
vt -1.885313 2.700240
vt -1.911500 2.700240
vt -1.911500 1.422966
vt -1.579867 1.422963
vt -1.579867 2.700237
vt -1.606056 2.700237
vt -1.606056 1.422963
vt -1.504242 3.803339
vt -1.504242 2.526066
vt -1.478053 2.526066
vt -1.478053 3.803339
vt -4.029246 4.018951
vt -4.029246 3.428410
vt -4.011765 3.428410
vt -4.011765 4.018951
vt -3.909950 3.428410
vt -3.909950 4.018951
vt -3.927431 4.018951
vt -3.927431 3.428410
vt -3.604507 3.428411
vt -3.604507 4.018952
vt -3.621987 4.018952
vt -3.621987 3.428411
vt -3.520172 4.018953
vt -3.520172 3.428411
vt -3.502692 3.428411
vt -3.502692 4.018953
vt -1.911500 5.122052
vt -1.911500 4.539550
vt -1.894776 4.539550
vt -1.894776 5.122052
vt -1.813325 4.539549
vt -1.813325 5.122052
vt -1.830049 5.122052
vt -1.830049 4.539549
vt -1.406065 4.539550
vt -1.406065 5.122052
vt -1.422790 5.122052
vt -1.422790 4.539550
vt -1.341338 5.122052
vt -1.341338 4.539550
vt -1.324615 4.539550
vt -1.324615 5.122052
vt 0.908014 5.092505
vt 1.179799 5.434347
vt 1.170369 5.441844
vt 0.898584 5.100002
vt 1.525969 5.113200
vt 1.254183 5.455043
vt 1.244754 5.447546
vt 1.516539 5.105702
vt 2.555049 5.499904
vt 2.283263 5.158062
vt 2.292693 5.150563
vt 2.564478 5.492407
vt 2.629433 5.492407
vt 2.901218 5.150564
vt 2.910648 5.158062
vt 2.638863 5.499904
vt -0.945781 2.484361
vt -0.945781 0.050176
vt -0.929049 0.050176
vt -0.929049 2.484361
vt -1.009884 0.760146
vt -1.009884 1.774390
vt -1.026617 1.774390
vt -1.026617 0.760146
vt -1.009884 2.484361
vt -1.026617 2.484361
vt -1.009884 0.050176
vt -1.026617 0.050176
vt -1.252390 0.050176
vt -1.252390 2.484361
vt -1.269123 2.484361
vt -1.269123 0.050176
vt -1.349958 1.774391
vt -1.349958 0.760147
vt -1.333226 0.760147
vt -1.333226 1.774391
vt -1.349958 0.050176
vt -1.333226 0.050176
vt -1.349958 2.484361
vt -1.333226 2.484361
vt 0.998652 4.779016
vt 0.998652 4.316250
vt 1.270436 4.044465
vt 1.270436 5.050802
vt 1.008082 4.779016
vt 1.008082 4.316250
vt 1.279867 4.044465
vt 1.279867 5.050802
vt 0.592706 4.508555
vt 0.592706 4.045786
vt 0.934549 3.774002
vt 0.934549 4.780341
vt 0.585208 4.508555
vt 0.585208 4.045786
vt 0.521106 4.049895
vt 0.521106 4.512662
vt 0.249320 4.784446
vt 0.249320 3.778110
vt 0.511678 4.049895
vt 0.511678 4.512662
vt 0.239894 4.784446
vt 0.239894 3.778110
vt -0.166051 4.512667
vt -0.166051 4.049898
vt 0.175792 3.778111
vt 0.175792 4.784451
vt -0.173548 4.512667
vt -0.173548 4.049898
vt -0.245148 4.784451
vt -0.245148 3.778111
vt -0.237651 3.778111
vt -0.237651 4.784451
vt -0.316748 4.784451
vt -0.316748 3.778111
vt -0.309251 3.778111
vt -0.309251 4.784451
vn 0.000000 0.000000 1.000000
vn 0.000000 0.000000 1.000000
vn 0.000000 0.000000 1.000000
vn 0.000000 0.000000 1.000000
vn 0.000000 1.000000 0.000000
vn 0.000000 1.000000 0.000000
vn 0.000000 1.000000 0.000000
vn 0.000000 1.000000 0.000000
vn 0.000000 0.000000 -1.000000
vn 0.000000 0.000000 -1.000000
vn 0.000000 0.000000 -1.000000
vn 0.000000 0.000000 -1.000000
vn 0.000000 -1.000000 0.000000
vn 0.000000 -1.000000 0.000000
vn 0.000000 -1.000000 0.000000
vn 0.000000 -1.000000 0.000000
vn 1.000000 0.000000 0.000000
vn 1.000000 0.000000 0.000000
vn 1.000000 0.000000 0.000000
vn 1.000000 0.000000 0.000000
vn -1.000000 0.000000 0.000000
vn -1.000000 0.000000 0.000000
vn -1.000000 0.000000 0.000000
vn -1.000000 0.000000 0.000000
vn 0.000000 1.000000 -0.000000
vn 0.000000 1.000000 -0.000000
vn 0.000000 1.000000 -0.000000
vn 0.000000 1.000000 -0.000000
vn 0.000000 1.000000 0.000000
vn 0.000000 1.000000 0.000000
vn 0.000000 1.000000 0.000000
vn 0.000000 1.000000 0.000000
vn 0.000000 1.000000 -0.000000
vn 0.000000 1.000000 -0.000000
vn 0.000000 1.000000 0.000000
vn 0.000000 1.000000 0.000000
vn 0.000000 0.000000 1.000000
vn 0.000000 0.000000 1.000000
vn 0.000000 0.000000 1.000000
vn 0.000000 0.000000 1.000000
vn 1.000000 0.000000 0.000000
vn 1.000000 0.000000 0.000000
vn 1.000000 0.000000 0.000000
vn 1.000000 0.000000 0.000000
vn 0.000000 0.000000 -1.000000
vn 0.000000 0.000000 -1.000000
vn 0.000000 0.000000 -1.000000
vn 0.000000 0.000000 -1.000000
vn -1.000000 0.000000 0.000000
vn -1.000000 0.000000 0.000000
vn -1.000000 0.000000 0.000000
vn -1.000000 0.000000 0.000000
vn 0.000000 1.000000 0.000000
vn 0.000000 1.000000 0.000000
vn 0.000000 1.000000 0.000000
vn 0.000000 1.000000 0.000000
vn 0.000000 1.000000 0.000000
vn 0.000000 1.000000 0.000000
vn 0.000000 1.000000 0.000000
vn 0.000000 1.000000 0.000000
vn 0.000000 1.000000 -0.000000
vn 0.000000 1.000000 -0.000000
vn 0.000000 1.000000 -0.000000
vn 0.000000 1.000000 -0.000000
vn 0.000000 1.000000 0.000000
vn 0.000000 1.000000 0.000000
vn 0.000000 1.000000 0.000000
vn 0.000000 1.000000 0.000000
vn 0.000000 0.000000 1.000000
vn 0.000000 0.000000 1.000000
vn 0.000000 0.000000 1.000000
vn 0.000000 0.000000 1.000000
vn 1.000000 0.000000 0.000000
vn 1.000000 0.000000 0.000000
vn 1.000000 0.000000 0.000000
vn 1.000000 0.000000 0.000000
vn 0.000000 0.000000 -1.000000
vn 0.000000 0.000000 -1.000000
vn 0.000000 0.000000 -1.000000
vn 0.000000 0.000000 -1.000000
vn -1.000000 0.000000 0.000000
vn -1.000000 0.000000 0.000000
vn -1.000000 0.000000 0.000000
vn -1.000000 0.000000 0.000000
vn 0.000000 1.000000 -0.000000
vn 0.000000 1.000000 -0.000000
vn 0.000000 1.000000 -0.000000
vn 0.000000 1.000000 -0.000000
vn 0.000000 1.000000 0.000000
vn 0.000000 1.000000 0.000000
vn 0.000000 1.000000 0.000000
vn 0.000000 1.000000 0.000000
vn 0.000000 0.761977 0.647605
vn 0.000000 0.761977 0.647605
vn 0.000000 0.761977 0.647605
vn 0.000000 0.761977 0.647605
vn 0.647610 0.761972 0.000000
vn 0.647610 0.761972 0.000000
vn 0.647610 0.761972 0.000000
vn 0.647610 0.761972 0.000000
vn 0.000000 0.761977 -0.647605
vn 0.000000 0.761977 -0.647605
vn 0.000000 0.761977 -0.647605
vn 0.000000 0.761977 -0.647605
vn -0.647610 0.761972 0.000000
vn -0.647610 0.761972 0.000000
vn -0.647610 0.761972 0.000000
vn -0.647610 0.761972 0.000000
vn 0.000000 -1.000000 0.000001
vn 0.000000 -1.000000 0.000001
vn 0.000000 -1.000000 0.000001
vn 0.000000 -1.000000 0.000001
vn 0.000000 -1.000000 -0.000001
vn 0.000000 -1.000000 -0.000001
vn 0.000000 -1.000000 -0.000001
vn 0.000000 -1.000000 -0.000001
vn 0.000000 0.000000 1.000000
vn 0.000000 0.000000 1.000000
vn 0.000000 0.000000 1.000000
vn 0.000000 0.000000 1.000000
vn 1.000000 0.000000 0.000000
vn 1.000000 0.000000 0.000000
vn 1.000000 0.000000 0.000000
vn 1.000000 0.000000 0.000000
vn 0.000000 0.000000 -1.000000
vn 0.000000 0.000000 -1.000000
vn 0.000000 0.000000 -1.000000
vn 0.000000 0.000000 -1.000000
vn -1.000000 0.000000 0.000000
vn -1.000000 0.000000 0.000000
vn -1.000000 0.000000 0.000000
vn -1.000000 0.000000 0.000000
vn 0.000000 1.000000 -0.000001
vn 0.000000 1.000000 -0.000001
vn 0.000000 1.000000 -0.000001
vn 0.000000 1.000000 -0.000001
vn 0.000000 1.000000 0.000001
vn 0.000000 1.000000 0.000001
vn 0.000000 1.000000 0.000001
vn 0.000000 1.000000 0.000001
vn 0.000000 0.000000 1.000000
vn 0.000000 0.000000 1.000000
vn 0.000000 0.000000 1.000000
vn 0.000000 0.000000 1.000000
vn 1.000000 0.000000 0.000000
vn 1.000000 0.000000 0.000000
vn 1.000000 0.000000 0.000000
vn 1.000000 0.000000 0.000000
vn 0.000000 0.000000 -1.000000
vn 0.000000 0.000000 -1.000000
vn 0.000000 0.000000 -1.000000
vn 0.000000 0.000000 -1.000000
vn -1.000000 0.000000 0.000000
vn -1.000000 0.000000 0.000000
vn -1.000000 0.000000 0.000000
vn -1.000000 0.000000 0.000000
vn 0.000000 -1.000000 0.000001
vn 0.000000 -1.000000 0.000001
vn 0.000000 -1.000000 0.000001
vn 0.000000 -1.000000 0.000001
vn 0.000000 -1.000000 -0.000001
vn 0.000000 -1.000000 -0.000001
vn 0.000000 -1.000000 -0.000001
vn 0.000000 -1.000000 -0.000001
vn 0.000000 0.000000 1.000000
vn 0.000000 0.000000 1.000000
vn 0.000000 0.000000 1.000000
vn 0.000000 0.000000 1.000000
vn 1.000000 0.000000 0.000000
vn 1.000000 0.000000 0.000000
vn 1.000000 0.000000 0.000000
vn 1.000000 0.000000 0.000000
vn 0.000000 0.000000 -1.000000
vn 0.000000 0.000000 -1.000000
vn 0.000000 0.000000 -1.000000
vn 0.000000 0.000000 -1.000000
vn -1.000000 0.000000 0.000000
vn -1.000000 0.000000 0.000000
vn -1.000000 0.000000 0.000000
vn -1.000000 0.000000 0.000000
vn 0.000000 1.000000 0.000001
vn 0.000000 1.000000 0.000001
vn 0.000000 1.000000 0.000001
vn 0.000000 1.000000 0.000001
vn 0.000000 1.000000 -0.000001
vn 0.000000 1.000000 -0.000001
vn 0.000000 1.000000 -0.000001
vn 0.000000 1.000000 -0.000001
vn 0.000000 -0.622333 0.782753
vn 0.000000 -0.622333 0.782753
vn 0.000000 -0.622333 0.782753
vn 0.000000 -0.622333 0.782753
vn 0.782752 -0.622334 0.000000
vn 0.782752 -0.622334 0.000000
vn 0.782752 -0.622334 0.000000
vn 0.782752 -0.622334 0.000000
vn 0.000000 -0.622334 -0.782752
vn 0.000000 -0.622334 -0.782752
vn 0.000000 -0.622334 -0.782752
vn 0.000000 -0.622334 -0.782752
vn -0.782752 -0.622334 0.000000
vn -0.782752 -0.622334 0.000000
vn -0.782752 -0.622334 0.000000
vn -0.782752 -0.622334 0.000000
vn 0.000000 0.000000 1.000000
vn 0.000000 0.000000 1.000000
vn 0.000000 0.000000 1.000000
vn 0.000000 0.000000 1.000000
vn 1.000000 0.000000 0.000000
vn 1.000000 0.000000 0.000000
vn 1.000000 0.000000 0.000000
vn 1.000000 0.000000 0.000000
vn 0.000000 0.000000 -1.000000
vn 0.000000 0.000000 -1.000000
vn 0.000000 0.000000 -1.000000
vn 0.000000 0.000000 -1.000000
vn -1.000000 0.000000 0.000000
vn -1.000000 0.000000 0.000000
vn -1.000000 0.000000 0.000000
vn -1.000000 0.000000 0.000000
vn 0.000000 0.000000 1.000000
vn 0.000000 0.000000 1.000000
vn 0.000000 0.000000 1.000000
vn 0.000000 0.000000 1.000000
vn 1.000000 0.000000 0.000000
vn 1.000000 0.000000 0.000000
vn 1.000000 0.000000 0.000000
vn 1.000000 0.000000 0.000000
vn 0.000000 0.000000 -1.000000
vn 0.000000 0.000000 -1.000000
vn 0.000000 0.000000 -1.000000
vn 0.000000 0.000000 -1.000000
vn -1.000000 0.000000 0.000000
vn -1.000000 0.000000 0.000000
vn -1.000000 0.000000 0.000000
vn -1.000000 0.000000 0.000000
vn 0.000000 -1.000000 -0.000000
vn 0.000000 -1.000000 -0.000000
vn 0.000000 -1.000000 -0.000000
vn 0.000000 -1.000000 -0.000000
vn 0.000000 -1.000000 0.000000
vn 0.000000 -1.000000 0.000000
vn 0.000000 -1.000000 0.000000
vn 0.000000 -1.000000 0.000000
vn 0.000000 0.000000 1.000000
vn 0.000000 0.000000 1.000000
vn 0.000000 0.000000 1.000000
vn 0.000000 0.000000 1.000000
vn 1.000000 0.000000 0.000000
vn 1.000000 0.000000 0.000000
vn 1.000000 0.000000 0.000000
vn 1.000000 0.000000 0.000000
vn 0.000000 0.000000 -1.000000
vn 0.000000 0.000000 -1.000000
vn 0.000000 0.000000 -1.000000
vn 0.000000 0.000000 -1.000000
vn -1.000000 0.000000 0.000000
vn -1.000000 0.000000 0.000000
vn -1.000000 0.000000 0.000000
vn -1.000000 0.000000 0.000000
vn -0.000018 1.000000 0.000017
vn 0.000018 1.000000 0.000017
vn 0.000018 1.000000 0.000017
vn -0.000018 1.000000 0.000017
vn 0.000018 1.000000 -0.000017
vn 0.000018 1.000000 -0.000017
vn -0.000018 1.000000 -0.000017
vn -0.000018 1.000000 -0.000017
vn 0.000000 0.259056 -0.965862
vn 0.000000 0.259056 -0.965862
vn 0.000000 0.259069 -0.965859
vn 0.000000 0.259069 -0.965859
vn -0.965852 0.259093 0.000000
vn -0.965852 0.259093 0.000000
vn -0.965852 0.259093 0.000000
vn -0.965852 0.259093 0.000000
vn 0.000000 0.259089 0.965854
vn 0.000000 0.259089 0.965854
vn 0.000000 0.259090 0.965853
vn 0.000000 0.259090 0.965853
vn 0.965852 0.259093 0.000000
vn 0.965852 0.259093 0.000000
vn 0.965852 0.259093 0.000000
vn 0.965853 0.259093 0.000000
vn -0.965853 0.259092 0.000000
vn -0.965853 0.259092 0.000000
vn 0.000000 0.259188 -0.965827
vn 0.000000 0.259188 -0.965827
vn 0.965853 0.259091 0.000000
vn 0.965853 0.259091 0.000000
vn 0.000000 0.259100 0.965851
vn 0.000000 0.259100 0.965851
vn -0.000024 1.000000 0.000026
vn 0.000024 1.000000 0.000026
vn 0.000024 1.000000 0.000026
vn -0.000024 1.000000 0.000026
vn -0.000024 1.000000 -0.000026
vn -0.000024 1.000000 -0.000026
vn 0.000024 1.000000 -0.000026
vn 0.000024 1.000000 -0.000026
vn 0.000000 1.000000 -0.000001
vn 0.000000 1.000000 -0.000001
vn 0.000000 1.000000 -0.000001
vn 0.000000 1.000000 -0.000001
vn 0.000000 1.000000 0.000001
vn 0.000000 1.000000 0.000001
vn 0.000000 1.000000 0.000001
vn 0.000000 1.000000 0.000001
vn 0.000000 0.000000 -1.000000
vn 0.000000 0.000000 -1.000000
vn 0.000000 0.000000 -1.000000
vn 0.000000 0.000000 -1.000000
vn 0.000000 0.000000 1.000000
vn 0.000000 0.000000 1.000000
vn 0.000000 0.000000 1.000000
vn 0.000000 0.000000 1.000000
vn 1.000000 0.000000 0.000000
vn 1.000000 0.000000 0.000000
vn 1.000000 0.000000 0.000000
vn 1.000000 0.000000 0.000000
vn -1.000000 0.000000 0.000000
vn -1.000000 0.000000 0.000000
vn -1.000000 0.000000 0.000000
vn -1.000000 0.000000 0.000000
vn 0.000000 0.000000 1.000000
vn 0.000000 0.000000 1.000000
vn 0.000000 0.000000 1.000000
vn 0.000000 0.000000 1.000000
vn 0.000000 0.000000 -1.000000
vn 0.000000 0.000000 -1.000000
vn 0.000000 0.000000 -1.000000
vn 0.000000 0.000000 -1.000000
vn -1.000000 0.000000 0.000000
vn -1.000000 0.000000 0.000000
vn -1.000000 0.000000 0.000000
vn -1.000000 0.000000 0.000000
vn 1.000000 0.000000 0.000000
vn 1.000000 0.000000 0.000000
vn 1.000000 0.000000 0.000000
vn 1.000000 0.000000 0.000000
vn 0.000000 0.000000 1.000000
vn 0.000000 0.000000 1.000000
vn 0.000000 0.000000 1.000000
vn 0.000000 0.000000 1.000000
vn 0.000000 0.000000 1.000000
vn 0.000000 0.000000 1.000000
vn 0.000000 0.000000 1.000000
vn 0.000000 0.000000 1.000000
vn 1.000000 0.000000 0.000000
vn 1.000000 0.000000 0.000000
vn 1.000000 0.000000 0.000000
vn 1.000000 0.000000 0.000000
vn 1.000000 0.000000 0.000000
vn 1.000000 0.000000 0.000000
vn 1.000000 0.000000 0.000000
vn 1.000000 0.000000 0.000000
vn 0.000000 0.000000 -1.000000
vn 0.000000 0.000000 -1.000000
vn 0.000000 0.000000 -1.000000
vn 0.000000 0.000000 -1.000000
vn 0.000000 0.000000 -1.000000
vn 0.000000 0.000000 -1.000000
vn 0.000000 0.000000 -1.000000
vn 0.000000 0.000000 -1.000000
vn -1.000000 0.000000 0.000000
vn -1.000000 0.000000 0.000000
vn -1.000000 0.000000 0.000000
vn -1.000000 0.000000 0.000000
vn -1.000000 0.000000 0.000000
vn -1.000000 0.000000 0.000000
vn -1.000000 0.000000 0.000000
vn -1.000000 0.000000 0.000000
vn 0.000000 -1.000000 0.000002
vn 0.000000 -1.000000 0.000002
vn 0.000000 -1.000000 0.000002
vn 0.000000 -1.000000 0.000002
vn 0.000000 1.000000 -0.000000
vn 0.000000 1.000000 -0.000000
vn 0.000000 1.000000 -0.000000
vn 0.000000 1.000000 -0.000000
vn 0.000000 -1.000000 -0.000002
vn 0.000000 -1.000000 -0.000002
vn 0.000000 1.000000 0.000000
vn 0.000000 1.000000 0.000000
vn 0.000000 -1.000000 -0.000002
vn 0.000000 -1.000000 -0.000002
vn 0.000000 1.000000 0.000000
vn 0.000000 1.000000 0.000000
vn 0.000000 0.000000 1.000000
vn 0.000000 0.000000 1.000000
vn 0.000000 0.000000 1.000000
vn 0.000000 0.000000 1.000000
vn 0.000000 0.000000 1.000000
vn 0.000000 0.000000 1.000000
vn 0.000000 0.000000 1.000000
vn 0.000000 0.000000 1.000000
vn 1.000000 0.000000 0.000000
vn 1.000000 0.000000 0.000000
vn 1.000000 0.000000 0.000000
vn 1.000000 0.000000 0.000000
vn 1.000000 0.000000 0.000000
vn 1.000000 0.000000 0.000000
vn 1.000000 0.000000 0.000000
vn 1.000000 0.000000 0.000000
vn 0.000000 0.000000 -1.000000
vn 0.000000 0.000000 -1.000000
vn 0.000000 0.000000 -1.000000
vn 0.000000 0.000000 -1.000000
vn 0.000000 0.000000 -1.000000
vn 0.000000 0.000000 -1.000000
vn 0.000000 0.000000 -1.000000
vn 0.000000 0.000000 -1.000000
vn -1.000000 0.000000 0.000000
vn -1.000000 0.000000 0.000000
vn -1.000000 0.000000 0.000000
vn -1.000000 0.000000 0.000000
vn -1.000000 0.000000 0.000000
vn -1.000000 0.000000 0.000000
vn -1.000000 0.000000 0.000000
vn -1.000000 0.000000 0.000000
vn 0.000000 0.000000 1.000000
vn 0.000000 0.000000 1.000000
vn 0.000000 0.000000 1.000000
vn 0.000000 0.000000 1.000000
vn 0.000000 0.000000 1.000000
vn 0.000000 0.000000 1.000000
vn 0.000000 0.000000 1.000000
vn 0.000000 0.000000 1.000000
vn 1.000000 0.000000 0.000000
vn 1.000000 0.000000 0.000000
vn 1.000000 0.000000 0.000000
vn 1.000000 0.000000 0.000000
vn 1.000000 0.000000 0.000000
vn 1.000000 0.000000 0.000000
vn 1.000000 0.000000 0.000000
vn 1.000000 0.000000 0.000000
vn 0.000000 0.000000 -1.000000
vn 0.000000 0.000000 -1.000000
vn 0.000000 0.000000 -1.000000
vn 0.000000 0.000000 -1.000000
vn 0.000000 0.000000 -1.000000
vn 0.000000 0.000000 -1.000000
vn 0.000000 0.000000 -1.000000
vn 0.000000 0.000000 -1.000000
vn -1.000000 0.000000 0.000000
vn -1.000000 0.000000 0.000000
vn -1.000000 0.000000 0.000000
vn -1.000000 0.000000 0.000000
vn -1.000000 0.000000 0.000000
vn -1.000000 0.000000 0.000000
vn -1.000000 0.000000 0.000000
vn -1.000000 0.000000 0.000000
vn 0.000000 -1.000000 0.000000
vn 0.000000 -1.000000 0.000000
vn 0.000000 -1.000000 0.000000
vn 0.000000 -1.000000 0.000000
vn 0.000000 1.000000 -0.000001
vn 0.000000 1.000000 -0.000001
vn 0.000000 1.000000 -0.000001
vn 0.000000 1.000000 -0.000001
vn 0.000000 -1.000000 -0.000000
vn 0.000000 -1.000000 -0.000000
vn 0.000000 1.000000 0.000001
vn 0.000000 1.000000 0.000001
vn 0.000000 -1.000000 -0.000000
vn 0.000000 -1.000000 -0.000000
vn 0.000000 1.000000 0.000001
vn 0.000000 1.000000 0.000001
vn 0.000000 -1.000000 0.000000
vn 0.000000 -1.000000 0.000000
vn 0.000000 -1.000000 0.000000
vn 0.000000 -1.000000 0.000000
vn 0.000000 1.000000 -0.000001
vn 0.000000 1.000000 -0.000001
vn 0.000000 1.000000 -0.000001
vn 0.000000 1.000000 -0.000001
vn 0.000000 -1.000000 -0.000000
vn 0.000000 -1.000000 -0.000000
vn 0.000000 1.000000 0.000001
vn 0.000000 1.000000 0.000001
vn 0.000000 -1.000000 -0.000000
vn 0.000000 -1.000000 -0.000000
vn 0.000000 1.000000 0.000001
vn 0.000000 1.000000 0.000001
vn 0.000000 -1.000000 -0.000000
vn 0.000000 -1.000000 -0.000000
vn 0.000000 -1.000000 -0.000000
vn 0.000000 -1.000000 -0.000000
vn 0.000000 1.000000 0.000001
vn 0.000000 1.000000 0.000001
vn 0.000000 1.000000 0.000001
vn 0.000000 1.000000 0.000001
vn 0.000000 -1.000000 0.000000
vn 0.000000 -1.000000 0.000000
vn 0.000000 1.000000 -0.000001
vn 0.000000 1.000000 -0.000001
vn 0.000000 -1.000000 0.000000
vn 0.000000 -1.000000 0.000000
vn 0.000000 1.000000 -0.000001
vn 0.000000 1.000000 -0.000001
vn -0.000015 -0.622358 0.782733
vn 0.000015 -0.622358 0.782733
vn 0.000012 -0.622364 0.782728
vn -0.000012 -0.622364 0.782728
vn 0.000015 -0.622342 0.782746
vn 0.000010 -0.622339 0.782748
vn -0.000015 -0.622342 0.782746
vn -0.000010 -0.622339 0.782748
vn 0.782751 -0.622334 0.000001
vn 0.782751 -0.622335 -0.000001
vn 0.782751 -0.622335 -0.000001
vn 0.782751 -0.622335 0.000001
vn 0.782753 -0.622333 -0.000001
vn 0.782753 -0.622332 -0.000001
vn 0.782753 -0.622333 0.000001
vn 0.782754 -0.622332 0.000001
vn -0.000006 -0.622342 -0.782746
vn 0.000006 -0.622342 -0.782746
vn 0.000005 -0.622346 -0.782742
vn -0.000004 -0.622346 -0.782742
vn 0.000006 -0.622357 -0.782734
vn 0.000004 -0.622374 -0.782720
vn -0.000006 -0.622357 -0.782734
vn -0.000004 -0.622374 -0.782720
vn -0.782752 -0.622334 -0.000001
vn -0.782752 -0.622334 0.000001
vn -0.782751 -0.622335 0.000001
vn -0.782751 -0.622335 -0.000001
vn -0.782753 -0.622333 0.000001
vn -0.782754 -0.622332 0.000001
vn -0.782753 -0.622333 -0.000001
vn -0.782753 -0.622332 -0.000001
vn 0.000000 0.782756 0.622329
vn 0.000000 0.782756 0.622329
vn 0.000000 0.782756 0.622329
vn 0.000000 0.782756 0.622329
vn -0.849015 0.413588 0.328815
vn -0.849015 0.413588 0.328815
vn -0.849015 0.413588 0.328815
vn -0.849015 0.413588 0.328815
vn 0.000000 -0.782766 -0.622316
vn 0.000000 -0.782766 -0.622316
vn 0.000000 -0.782766 -0.622316
vn 0.000000 -0.782766 -0.622316
vn 0.849015 0.413588 0.328815
vn 0.849015 0.413588 0.328815
vn 0.849015 0.413588 0.328815
vn 0.849015 0.413588 0.328815
vn 0.622338 0.782749 0.000000
vn 0.622338 0.782749 0.000000
vn 0.622338 0.782749 0.000000
vn 0.622338 0.782749 0.000000
vn 0.328823 0.413581 0.849015
vn 0.328823 0.413581 0.849015
vn 0.328823 0.413581 0.849015
vn 0.328823 0.413581 0.849015
vn -0.622331 -0.782754 0.000000
vn -0.622331 -0.782754 0.000000
vn -0.622331 -0.782754 0.000000
vn -0.622331 -0.782754 0.000000
vn 0.328824 0.413583 -0.849014
vn 0.328824 0.413583 -0.849013
vn 0.328824 0.413583 -0.849014
vn 0.328824 0.413583 -0.849014
vn 0.000000 0.782694 -0.622406
vn 0.000000 0.782694 -0.622406
vn 0.000000 0.782694 -0.622406
vn 0.000000 0.782694 -0.622406
vn 0.849014 0.413541 -0.328874
vn 0.849014 0.413541 -0.328874
vn 0.849014 0.413541 -0.328874
vn 0.849014 0.413541 -0.328874
vn 0.000000 -0.782649 0.622464
vn 0.000000 -0.782649 0.622464
vn 0.000000 -0.782649 0.622464
vn 0.000000 -0.782649 0.622464
vn -0.849015 0.413541 -0.328874
vn -0.849015 0.413541 -0.328874
vn -0.849015 0.413541 -0.328874
vn -0.849015 0.413541 -0.328874
vn -0.622338 0.782749 0.000000
vn -0.622338 0.782749 0.000000
vn -0.622338 0.782749 0.000000
vn -0.622338 0.782749 0.000000
vn -0.328824 0.413584 -0.849013
vn -0.328824 0.413584 -0.849013
vn -0.328824 0.413584 -0.849013
vn -0.328824 0.413584 -0.849013
vn 0.622331 -0.782754 0.000000
vn 0.622331 -0.782754 0.000000
vn 0.622331 -0.782754 0.000000
vn 0.622331 -0.782754 0.000000
vn -0.328823 0.413580 0.849015
vn -0.328823 0.413580 0.849015
vn -0.328823 0.413580 0.849015
vn -0.328823 0.413580 0.849015
vn 0.000000 1.000000 0.000000
vn 0.000000 1.000000 0.000000
vn 0.000000 1.000000 0.000000
vn 0.000000 1.000000 0.000000
vn 0.000000 1.000000 0.000000
vn 0.000000 1.000000 -0.000000
vn 0.000000 1.000000 -0.000000
vn 0.000000 1.000000 -0.000000
vn 0.000000 1.000000 -0.000000
vn 0.000000 1.000000 0.000000
vn 0.000000 1.000000 0.000000
vn 0.000000 1.000000 0.000000
vn 0.000000 1.000000 0.000000
vn 0.000000 1.000000 0.000000
vn 0.000000 1.000000 -0.000000
vn 0.000000 1.000000 -0.000000
vn 0.000000 1.000000 -0.000000
vn 0.000000 1.000000 -0.000000
vn 0.000000 1.000000 0.000000
vn 0.000000 1.000000 0.000000
vn 0.000000 1.000000 -0.000000
vn 0.000000 1.000000 -0.000000
vn 0.000000 1.000000 -0.000000
vn 0.000000 1.000000 -0.000000
vn 0.000000 0.000000 -1.000000
vn 0.000000 0.000000 -1.000000
vn 0.000000 0.000000 -1.000000
vn 0.000000 0.000000 -1.000000
vn -0.707108 0.000000 0.707106
vn -0.707108 0.000000 0.707106
vn -0.707108 0.000000 0.707106
vn -0.707108 0.000000 0.707106
vn 0.000000 0.000000 1.000000
vn 0.000000 0.000000 1.000000
vn 0.000000 0.000000 1.000000
vn 0.000000 0.000000 1.000000
vn 0.707108 0.000000 0.707106
vn 0.707108 0.000000 0.707106
vn 0.707108 0.000000 0.707106
vn 0.707108 0.000000 0.707106
vn -1.000000 0.000000 0.000000
vn -1.000000 0.000000 0.000000
vn -1.000000 0.000000 0.000000
vn -1.000000 0.000000 0.000000
vn 0.707108 0.000000 0.707106
vn 0.707108 0.000000 0.707106
vn 0.707108 0.000000 0.707106
vn 0.707108 0.000000 0.707106
vn 1.000000 0.000000 0.000000
vn 1.000000 0.000000 0.000000
vn 1.000000 0.000000 0.000000
vn 1.000000 0.000000 0.000000
vn 0.707108 0.000000 -0.707106
vn 0.707108 0.000000 -0.707106
vn 0.707108 0.000000 -0.707106
vn 0.707108 0.000000 -0.707106
vn 0.000000 0.000000 1.000000
vn 0.000000 0.000000 1.000000
vn 0.000000 0.000000 1.000000
vn 0.000000 0.000000 1.000000
vn 0.707106 0.000000 -0.707107
vn 0.707106 0.000000 -0.707107
vn 0.707106 0.000000 -0.707107
vn 0.707106 0.000000 -0.707107
vn 0.000000 0.000000 -1.000000
vn 0.000000 0.000000 -1.000000
vn 0.000000 0.000000 -1.000000
vn 0.000000 0.000000 -1.000000
vn -0.707106 0.000000 -0.707107
vn -0.707106 0.000000 -0.707107
vn -0.707106 0.000000 -0.707107
vn -0.707106 0.000000 -0.707107
vn 1.000000 0.000000 0.000000
vn 1.000000 0.000000 0.000000
vn 1.000000 0.000000 0.000000
vn 1.000000 0.000000 0.000000
vn -0.707108 0.000000 -0.707106
vn -0.707108 0.000000 -0.707106
vn -0.707108 0.000000 -0.707106
vn -0.707108 0.000000 -0.707106
vn -1.000000 0.000000 0.000000
vn -1.000000 0.000000 0.000000
vn -1.000000 0.000000 0.000000
vn -1.000000 0.000000 0.000000
vn -0.707108 0.000000 0.707106
vn -0.707108 0.000000 0.707106
vn -0.707108 0.000000 0.707106
vn -0.707108 0.000000 0.707106
s off
g structure Altar
usemtl lambert16SG
f 1/413/1 2/414/2 4/415/3 3/416/4
f 89/197/5 90/198/6 91/199/7 92/200/8
f 5/417/9 6/418/10 8/419/11 7/420/12
f 7/201/13 8/202/14 2/203/15 1/204/16
f 2/9/17 8/10/18 6/11/19 4/12/20
f 7/13/21 1/14/22 3/15/23 5/16/24
s 1
f 3/205/25 4/206/26 10/207/27 9/208/28
f 4/206/26 6/209/29 11/210/30 10/207/27
f 6/209/29 5/211/31 12/212/32 11/210/30
f 5/211/31 3/205/25 9/208/28 12/212/32
usemtl blinn10SG
f 9/1/28 10/2/27 14/3/33 13/4/34
f 10/2/27 11/5/30 15/6/35 14/3/33
f 11/5/30 12/7/32 16/8/36 15/6/35
f 12/7/32 9/1/28 13/4/34 16/8/36
s off
usemtl lambert16SG
f 13/421/37 14/422/38 18/423/39 17/424/40
f 14/17/41 15/18/42 19/19/43 18/20/44
f 15/425/45 16/426/46 20/427/47 19/428/48
f 16/21/49 13/22/50 17/23/51 20/24/52
usemtl blinn10SG
f 217/213/53 218/214/54 219/215/55 220/216/56
f 221/217/57 222/218/58 223/219/59 224/220/60
f 226/221/61 225/222/62 227/223/63 228/224/64
f 230/225/65 229/226/66 231/227/67 232/228/68
usemtl lambert16SG
f 21/429/69 22/430/70 26/431/71 25/432/72
f 22/25/73 23/26/74 27/27/75 26/28/76
f 23/433/77 24/434/78 28/435/79 27/436/80
f 24/29/81 21/30/82 25/31/83 28/32/84
s 2
f 25/229/85 26/230/86 30/231/87 29/232/88
f 26/230/86 27/233/89 31/234/90 30/231/87
f 27/233/89 28/237/91 32/238/92 31/234/90
f 28/237/91 25/229/85 29/232/88 32/238/92
s off
f 29/232/93 30/231/94 34/235/95 33/236/96
f 30/231/97 31/234/98 35/239/99 34/235/100
f 31/234/101 32/238/102 36/240/103 35/239/104
f 32/238/105 29/232/106 33/236/107 36/240/108
s 3
f 33/241/109 34/242/110 38/243/111 37/244/112
f 34/242/110 35/245/113 39/246/114 38/243/111
f 35/245/113 36/247/115 40/248/116 39/246/114
f 36/247/115 33/241/109 37/244/112 40/248/116
s off
f 145/437/117 146/438/118 147/439/119 148/440/120
f 146/33/121 149/34/122 150/35/123 147/36/124
f 149/441/125 151/442/126 152/443/127 150/444/128
f 151/37/129 145/38/130 148/39/131 152/40/132
s 4
f 41/249/133 42/250/134 46/251/135 45/252/136
f 42/250/134 43/253/137 47/254/138 46/251/135
f 43/253/137 44/255/139 48/256/140 47/254/138
f 44/255/139 41/249/133 45/252/136 48/256/140
s off
f 45/445/141 46/446/142 50/447/143 49/448/144
f 46/41/145 47/42/146 51/43/147 50/44/148
f 47/449/149 48/450/150 52/451/151 51/452/152
f 48/45/153 45/46/154 49/47/155 52/48/156
s 5
f 49/257/157 50/258/158 54/259/159 53/260/160
f 50/258/158 51/261/161 55/262/162 54/259/159
f 51/261/161 52/263/163 56/264/164 55/262/162
f 52/263/163 49/257/157 53/260/160 56/264/164
s off
f 153/453/165 154/454/166 155/455/167 156/456/168
f 154/49/169 157/50/170 158/51/171 155/52/172
f 157/457/173 159/458/174 160/459/175 158/460/176
f 159/53/177 153/54/178 156/55/179 160/56/180
s 6
f 57/265/181 58/266/182 62/267/183 61/268/184
f 58/266/182 59/269/185 63/270/186 62/267/183
f 59/269/185 60/271/187 64/272/188 63/270/186
f 60/271/187 57/265/181 61/268/184 64/272/188
s off
f 185/601/189 186/602/190 187/603/191 188/604/192
f 189/609/193 190/610/194 191/611/195 192/612/196
f 194/615/197 193/616/198 195/617/199 196/618/200
f 198/623/201 197/624/202 199/625/203 200/626/204
f 161/461/205 162/462/206 163/463/207 164/464/208
f 162/57/209 165/58/210 166/59/211 163/60/212
f 165/465/213 167/466/214 168/467/215 166/468/216
f 167/61/217 161/62/218 164/63/219 168/64/220
f 69/469/221 70/470/222 74/471/223 73/472/224
f 70/65/225 71/66/226 75/67/227 74/68/228
f 71/473/229 72/474/230 76/475/231 75/476/232
f 72/69/233 69/70/234 73/71/235 76/72/236
s 7
f 73/273/237 74/274/238 78/275/239 77/276/240
f 74/274/238 75/277/241 79/278/242 78/275/239
f 75/277/241 76/279/243 80/280/244 79/278/242
f 76/279/243 73/273/237 77/276/240 80/280/244
s off
f 121/477/245 122/478/246 123/479/247 124/480/248
f 122/73/249 125/74/250 126/75/251 123/76/252
f 125/481/253 127/482/254 128/483/255 126/484/256
f 127/77/257 121/78/258 124/79/259 128/80/260
s 8
f 81/281/261 82/282/262 103/283/263 104/284/264
f 82/282/262 83/285/265 102/286/266 103/283/263
f 83/285/265 84/287/267 101/288/268 102/286/266
f 84/287/267 81/281/261 104/284/264 101/288/268
s 9
f 85/485/269 86/486/270 94/487/271 95/488/272
s 10
f 86/81/273 87/82/274 93/83/275 94/84/276
s 11
f 87/491/277 88/492/278 96/493/279 93/494/280
s 12
f 88/87/281 85/88/282 95/89/283 96/90/284
s 10
f 94/84/276 93/83/275 91/85/285 90/86/286
s 9
f 95/488/272 94/487/271 90/489/287 89/490/288
s 12
f 96/90/284 95/89/283 89/91/289 92/92/290
s 11
f 93/494/280 96/493/279 92/495/291 91/496/292
s 13
f 98/289/293 97/290/294 88/291/295 87/292/296
f 99/295/297 98/289/293 87/292/296 86/296/298
f 100/293/299 99/295/297 86/296/298 85/294/300
f 97/290/294 100/293/299 85/294/300 88/291/295
s 14
f 106/297/301 105/298/302 107/299/303 108/300/304
f 109/303/305 106/297/301 108/300/304 110/304/306
f 111/301/307 109/303/305 110/304/306 112/302/308
f 105/298/302 111/301/307 112/302/308 107/299/303
s off
f 102/497/309 101/498/310 105/499/311 106/500/312
f 97/501/313 98/502/314 108/503/315 107/504/316
f 103/93/317 102/94/318 106/95/319 109/96/320
f 98/97/321 99/98/322 110/99/323 108/100/324
f 104/505/325 103/506/326 109/507/327 111/508/328
f 99/509/329 100/510/330 112/511/331 110/512/332
f 101/101/333 104/102/334 111/103/335 105/104/336
f 100/105/337 97/106/338 107/107/339 112/108/340
f 77/513/341 78/514/342 114/515/343 113/516/344
f 82/517/345 81/518/346 116/519/347 115/520/348
f 78/109/349 79/110/350 117/111/351 114/112/352
f 83/113/353 82/114/354 115/115/355 118/116/356
f 79/521/357 80/522/358 119/523/359 117/524/360
f 84/525/361 83/526/362 118/527/363 120/528/364
f 80/117/365 77/118/366 113/119/367 119/120/368
f 81/121/369 84/122/370 120/123/371 116/124/372
s 15
f 113/305/373 114/306/374 122/307/375 121/308/376
s 16
f 115/313/377 116/314/378 124/315/379 123/316/380
s 15
f 114/306/374 117/309/381 125/310/382 122/307/375
s 16
f 118/319/383 115/313/377 123/316/380 126/320/384
s 15
f 117/309/381 119/311/385 127/312/386 125/310/382
s 16
f 120/317/387 118/319/383 126/320/384 128/318/388
s 15
f 119/311/385 113/305/373 121/308/376 127/312/386
s 16
f 116/314/378 120/317/387 128/318/388 124/315/379
s off
f 37/529/389 38/530/390 130/531/391 129/532/392
f 42/533/393 41/534/394 132/535/395 131/536/396
f 38/125/397 39/126/398 133/127/399 130/128/400
f 43/129/401 42/130/402 131/131/403 134/132/404
f 39/537/405 40/538/406 135/539/407 133/540/408
f 44/541/409 43/542/410 134/543/411 136/544/412
f 40/133/413 37/134/414 129/135/415 135/136/416
f 41/137/417 44/138/418 136/139/419 132/140/420
f 53/545/421 54/546/422 138/547/423 137/548/424
f 58/549/425 57/550/426 140/551/427 139/552/428
f 54/141/429 55/142/430 141/143/431 138/144/432
f 59/145/433 58/146/434 139/147/435 142/148/436
f 55/553/437 56/554/438 143/555/439 141/556/440
f 60/557/441 59/558/442 142/559/443 144/560/444
f 56/149/445 53/150/446 137/151/447 143/152/448
f 57/153/449 60/154/450 144/155/451 140/156/452
s 17
f 129/321/453 130/322/454 146/323/455 145/324/456
s 18
f 131/329/457 132/330/458 148/331/459 147/332/460
s 17
f 130/322/454 133/325/461 149/326/462 146/323/455
s 18
f 134/335/463 131/329/457 147/332/460 150/336/464
s 17
f 133/325/461 135/327/465 151/328/466 149/326/462
s 18
f 136/333/467 134/335/463 150/336/464 152/334/468
s 17
f 135/327/465 129/321/453 145/324/456 151/328/466
s 18
f 132/330/458 136/333/467 152/334/468 148/331/459
s 19
f 137/337/469 138/338/470 154/339/471 153/340/472
s 20
f 139/345/473 140/346/474 156/347/475 155/348/476
s 19
f 138/338/470 141/341/477 157/342/478 154/339/471
s 20
f 142/351/479 139/345/473 155/348/476 158/352/480
s 19
f 141/341/477 143/343/481 159/344/482 157/342/478
s 20
f 144/349/483 142/351/479 158/352/480 160/350/484
s 19
f 143/343/481 137/337/469 153/340/472 159/344/482
s 20
f 140/346/474 144/349/483 160/350/484 156/347/475
s 21
f 65/353/485 66/354/486 162/355/487 161/356/488
s 22
f 70/381/489 69/382/490 164/383/491 163/384/492
s 21
f 66/354/486 67/359/493 165/360/494 162/355/487
s 22
f 71/387/495 70/381/489 163/384/492 166/388/496
s 21
f 67/359/493 68/361/497 167/362/498 165/360/494
s 22
f 72/385/499 71/387/495 166/388/496 168/386/500
s 21
f 68/361/497 65/353/485 161/356/488 167/362/498
s 22
f 69/382/490 72/385/499 168/386/500 164/383/491
s 23
f 61/363/501 62/365/502 170/366/503 169/364/504
f 62/365/502 66/354/505 171/358/506 170/366/503
f 66/354/505 65/353/507 172/357/508 171/358/506
f 65/353/507 61/363/501 169/364/504 172/357/508
s 24
f 62/365/509 63/373/510 174/374/511 173/372/512
f 63/373/510 67/359/513 175/368/514 174/374/511
f 67/359/513 66/354/515 176/367/516 175/368/514
f 66/354/515 62/365/509 173/372/512 176/367/516
s 25
f 63/373/517 64/377/518 177/380/519 178/379/520
f 64/377/518 68/361/521 179/376/522 177/380/519
f 68/361/521 67/359/523 180/375/524 179/376/522
f 67/359/523 63/373/517 178/379/520 180/375/524
s 26
f 64/377/525 61/363/526 181/371/527 182/378/528
f 61/363/526 65/353/529 183/370/530 181/371/527
f 65/353/529 68/361/531 184/369/532 183/370/530
f 68/361/531 64/377/525 182/378/528 184/369/532
s off
f 169/605/533 170/606/534 186/602/535 185/601/536
f 170/157/537 171/158/538 187/159/539 186/160/540
f 171/607/541 172/608/542 188/604/543 187/603/544
f 172/161/545 169/162/546 185/163/547 188/164/548
f 173/613/549 174/614/550 190/610/551 189/609/552
f 174/561/553 175/562/554 191/563/555 190/564/556
f 175/629/557 176/630/558 192/631/559 191/632/560
f 176/565/561 173/566/562 189/567/563 192/568/564
f 178/619/565 177/620/566 193/616/567 194/615/568
f 177/165/569 179/166/570 195/167/571 193/168/572
f 179/621/573 180/622/574 196/618/575 195/617/576
f 180/169/577 178/170/578 194/171/579 196/172/580
f 182/627/581 181/628/582 197/624/583 198/623/584
f 181/569/585 183/570/586 199/571/587 197/572/588
f 183/633/589 184/634/590 200/635/591 199/636/592
f 184/573/593 182/574/594 198/575/595 200/576/596
s 27
f 17/389/597 18/390/598 202/391/599 201/392/600
f 18/390/598 22/393/601 203/394/602 202/391/599
f 22/393/601 21/395/603 204/396/604 203/394/602
f 21/395/603 17/389/597 201/392/600 204/396/604
f 18/390/598 19/401/605 206/402/606 205/397/607
f 19/401/605 23/403/608 207/404/609 206/402/606
f 23/403/608 22/393/601 208/398/610 207/404/609
f 22/393/601 18/390/598 205/397/607 208/398/610
f 19/401/605 20/407/611 209/412/612 210/409/613
f 20/407/611 24/405/614 211/411/615 209/412/612
f 24/405/614 23/403/608 212/410/616 211/411/615
f 23/403/608 19/401/605 210/409/613 212/410/616
f 20/407/611 17/389/597 213/400/617 214/408/618
f 17/389/597 21/395/603 215/399/619 213/400/617
f 21/395/603 24/405/614 216/406/620 215/399/619
f 24/405/614 20/407/611 214/408/618 216/406/620
s off
f 201/577/621 202/578/622 218/579/623 217/580/624
f 202/587/625 203/581/626 219/584/627 218/588/628
f 203/581/629 204/582/630 220/583/631 219/584/632
f 204/582/633 201/585/634 217/586/635 220/583/636
f 205/173/637 206/174/638 222/175/639 221/176/640
f 206/183/641 207/177/642 223/180/643 222/184/644
f 207/177/645 208/178/646 224/179/647 223/180/648
f 208/178/649 205/181/650 221/182/651 224/179/652
f 210/589/653 209/590/654 225/591/655 226/592/656
f 209/599/657 211/593/658 227/596/659 225/600/660
f 211/593/661 212/594/662 228/595/663 227/596/664
f 212/594/665 210/597/666 226/598/667 228/595/668
f 214/185/669 213/186/670 229/187/671 230/188/672
f 213/195/673 215/189/674 231/192/675 229/196/676
f 215/189/677 216/190/678 232/191/679 231/192/680
f 216/190/681 214/193/682 230/194/683 232/191/684
g default
v -0.266905 2.356299 -0.086733
v -0.227046 2.356299 -0.164968
v -0.164957 2.356299 -0.227037
v -0.086722 2.356299 -0.266915
v -0.000000 2.356299 -0.280645
v 0.086721 2.356299 -0.266915
v 0.164955 2.356299 -0.227037
v 0.227042 2.356299 -0.164967
v 0.266902 2.356299 -0.086728
v 0.280640 2.356299 -0.000004
v 0.266902 2.356299 0.086723
v 0.227042 2.356299 0.164951
v 0.164955 2.356299 0.227032
v 0.086722 2.356299 0.266906
v -0.000000 2.356299 0.280624
v -0.086722 2.356299 0.266906
v -0.164956 2.356299 0.227033
v -0.227046 2.356299 0.164952
v -0.266904 2.356299 0.086724
v -0.280640 2.356299 -0.000005
v -0.251741 2.418466 -0.081802
v -0.214142 2.418466 -0.155591
v -0.155586 2.418466 -0.214149
v -0.081795 2.418466 -0.251746
v -0.000000 2.418466 -0.264690
v 0.081794 2.418466 -0.251740
v 0.155584 2.418466 -0.214137
v 0.214143 2.418466 -0.155579
v 0.251737 2.418466 -0.081802
v 0.264695 2.418466 -0.000005
v 0.251741 2.418466 0.081797
v 0.214143 2.418466 0.155586
v 0.155582 2.418466 0.214134
v 0.081794 2.418466 0.251737
v -0.000000 2.418466 0.264698
v -0.081795 2.418466 0.251737
v -0.155586 2.418466 0.214133
v -0.214142 2.418466 0.155586
v -0.251741 2.418466 0.081797
v -0.264696 2.418466 -0.000005
v -0.175649 2.418466 -0.036721
v -0.208467 2.418466 -0.151465
v -0.151460 2.418466 -0.208468
v -0.037030 2.418466 -0.184102
v -0.000000 2.418466 -0.193564
v 0.037030 2.418466 -0.184102
v 0.151459 2.418466 -0.208468
v 0.208467 2.418466 -0.151465
v 0.175647 2.418466 -0.036720
v 0.184686 2.418466 -0.000005
v 0.175649 2.418466 0.036710
v 0.208467 2.418466 0.151460
v 0.151459 2.418466 0.208464
v 0.037028 2.418466 0.184089
v -0.000000 2.418466 0.193566
v -0.037030 2.418466 0.184088
v -0.151460 2.418466 0.208464
v -0.208467 2.418466 0.151461
v -0.175649 2.418466 0.036710
v -0.184688 2.418466 -0.000005
v -0.161280 2.418466 -0.033712
v -0.191411 2.418466 -0.139071
v -0.139068 2.418466 -0.191407
v -0.034003 2.418466 -0.169041
v -0.000000 2.418466 -0.177740
v 0.034000 2.418466 -0.169041
v 0.139069 2.418466 -0.191425
v 0.191412 2.418466 -0.139065
v 0.161278 2.418466 -0.033712
v 0.169576 2.418466 -0.000004
v 0.161278 2.418466 0.033697
v 0.191412 2.418466 0.139066
v 0.139069 2.418466 0.191408
v 0.034002 2.418466 0.169032
v -0.000000 2.418466 0.177723
v -0.034002 2.418466 0.169026
v -0.139068 2.418466 0.191409
v -0.191411 2.418466 0.139066
v -0.161278 2.418466 0.033703
v -0.169580 2.418466 -0.000004
v -0.105344 2.413792 -0.034238
v -0.089613 2.413792 -0.065116
v -0.065106 2.413792 -0.089614
v -0.034231 2.413792 -0.105348
v -0.000000 2.413792 -0.110773
v 0.034229 2.413792 -0.105349
v 0.065108 2.413792 -0.089614
v 0.089610 2.413792 -0.065116
v 0.105346 2.413792 -0.034238
v 0.110767 2.413792 -0.000004
v 0.105344 2.413792 0.034221
v 0.089610 2.413792 0.065106
v 0.065108 2.413792 0.089609
v 0.034229 2.413792 0.105344
v -0.000000 2.413792 0.110769
v -0.034229 2.413792 0.105343
v -0.065106 2.413792 0.089609
v -0.089614 2.413792 0.065100
v -0.105346 2.413792 0.034221
v -0.110766 2.413792 -0.000005
v -0.090139 2.438832 -0.029296
v -0.076676 2.438832 -0.055707
v -0.055709 2.438832 -0.076679
v -0.029288 2.438832 -0.090133
v -0.000000 2.438832 -0.094784
v 0.029286 2.438832 -0.090133
v 0.055709 2.438832 -0.076683
v 0.076672 2.438832 -0.055707
v 0.090135 2.438832 -0.029297
v 0.094777 2.438832 -0.000004
v 0.090137 2.438832 0.029282
v 0.076672 2.438832 0.055703
v 0.055708 2.438832 0.076679
v 0.029288 2.438832 0.090134
v -0.000000 2.438832 0.094773
v -0.029286 2.438832 0.090134
v -0.055707 2.438832 0.076668
v -0.076676 2.438832 0.055704
v -0.090139 2.438832 0.029282
v -0.094775 2.438832 -0.000004
v -0.057517 3.006058 -0.018691
v -0.048928 3.006058 -0.035541
v -0.035549 3.006058 -0.048921
v -0.018690 3.006058 -0.057529
v -0.000000 3.006058 -0.060473
v 0.018689 3.006058 -0.057524
v 0.035549 3.006058 -0.048933
v 0.048928 3.006058 -0.035547
v 0.057516 3.006058 -0.018697
v 0.060478 3.006058 -0.000004
v 0.057517 3.006058 0.018692
v 0.048928 3.006058 0.035543
v 0.035549 3.006058 0.048916
v 0.018689 3.006058 0.057512
v -0.000000 3.006058 0.060470
v -0.018690 3.006058 0.057507
v -0.035549 3.006058 0.048916
v -0.048928 3.006058 0.035543
v -0.057518 3.006058 0.018676
v -0.060479 3.006058 -0.000010
v -0.087772 3.038477 -0.028515
v -0.074666 3.038477 -0.054243
v -0.054247 3.038477 -0.074675
v -0.028520 3.038477 -0.087778
v -0.000000 3.038477 -0.092290
v 0.028518 3.038477 -0.087778
v 0.054247 3.038477 -0.074675
v 0.074664 3.038477 -0.054249
v 0.087772 3.038477 -0.028516
v 0.092289 3.038477 -0.000005
v 0.087772 3.038477 0.028517
v 0.074664 3.038477 0.054240
v 0.054247 3.038477 0.074660
v 0.028518 3.038477 0.087773
v -0.000000 3.038477 0.092292
v -0.028520 3.038477 0.087773
v -0.054247 3.038477 0.074660
v -0.074666 3.038477 0.054245
v -0.087772 3.038477 0.028523
v -0.092291 3.038477 -0.000005
v -0.137072 3.061801 -0.044547
v -0.116599 3.061801 -0.084714
v -0.084714 3.061801 -0.116606
v -0.044538 3.061801 -0.137077
v -0.000000 3.061801 -0.144129
v 0.044536 3.061801 -0.137072
v 0.084716 3.061801 -0.116606
v 0.116599 3.061797 -0.084714
v 0.137070 3.061801 -0.044547
v 0.144126 3.061801 -0.000010
v 0.137070 3.061801 0.044532
v 0.116598 3.061801 0.084709
v 0.084712 3.061801 0.116590
v 0.044536 3.061801 0.137074
v -0.000000 3.061801 0.144114
v -0.044538 3.061801 0.137068
v -0.084716 3.061801 0.116590
v -0.116599 3.061801 0.084709
v -0.137070 3.061801 0.044542
v -0.144126 3.061801 -0.000005
v -0.170067 3.090611 -0.055265
v -0.144666 3.090607 -0.105103
v -0.105107 3.090611 -0.144669
v -0.055259 3.090611 -0.170070
v -0.000000 3.090611 -0.178814
v 0.055258 3.090607 -0.170070
v 0.105109 3.090607 -0.144669
v 0.144670 3.090604 -0.105103
v 0.170065 3.090607 -0.055259
v 0.178818 3.090607 -0.000004
v 0.170067 3.090607 0.055253
v 0.144668 3.090607 0.105104
v 0.105105 3.090607 0.144664
v 0.055255 3.090607 0.170066
v -0.000000 3.090611 0.178815
v -0.055259 3.090607 0.170066
v -0.105107 3.090607 0.144664
v -0.144666 3.090607 0.105104
v -0.170067 3.090607 0.055255
v -0.178817 3.090611 -0.000004
v -0.196305 3.142008 -0.063783
v -0.166986 3.142004 -0.121333
v -0.121321 3.142008 -0.166991
v -0.063782 3.142008 -0.196307
v -0.000000 3.142008 -0.206403
v 0.063783 3.142008 -0.196308
v 0.121325 3.142004 -0.166980
v 0.166988 3.142004 -0.121333
v 0.196302 3.142008 -0.063794
v 0.206406 3.142004 -0.000005
v 0.196304 3.142004 0.063785
v 0.166984 3.142004 0.121328
v 0.121325 3.142004 0.166981
v 0.063784 3.142004 0.196308
v -0.000000 3.142008 0.206404
v -0.063782 3.142004 0.196308
v -0.121323 3.142004 0.166982
v -0.166990 3.142004 0.121328
v -0.196305 3.142004 0.063779
v -0.206406 3.142008 0.000005
v -0.196305 3.178941 -0.063783
v -0.166990 3.178938 -0.121327
v -0.121321 3.178941 -0.166991
v -0.063782 3.178941 -0.196307
v -0.000000 3.178941 -0.206403
v 0.063783 3.178941 -0.196308
v 0.121327 3.178938 -0.166992
v 0.166990 3.178935 -0.121328
v 0.196302 3.178941 -0.063794
v 0.206406 3.178938 -0.000005
v 0.196304 3.178938 0.063785
v 0.166984 3.178938 0.121328
v 0.121323 3.178935 0.166986
v 0.063784 3.178935 0.196309
v -0.000000 3.178941 0.206404
v -0.063782 3.178935 0.196308
v -0.121323 3.178938 0.166982
v -0.166987 3.178938 0.121328
v -0.196305 3.178935 0.063779
v -0.206406 3.178941 0.000005
v -0.228424 3.178941 -0.074221
v -0.194308 3.178938 -0.141176
v -0.141177 3.178941 -0.194314
v -0.074221 3.178941 -0.228424
v -0.000000 3.178941 -0.240182
v 0.074221 3.178941 -0.228436
v 0.141181 3.178938 -0.194309
v 0.194313 3.178935 -0.141176
v 0.228421 3.178941 -0.074221
v 0.240180 3.178938 -0.000005
v 0.228425 3.178938 0.074211
v 0.194309 3.178938 0.141178
v 0.141173 3.178935 0.194316
v 0.074219 3.178935 0.228420
v -0.000000 3.178941 0.240179
v -0.074223 3.178935 0.228431
v -0.141177 3.178938 0.194316
v -0.194310 3.178938 0.141177
v -0.228426 3.178935 0.074222
v -0.240180 3.178941 0.000006
v -0.228424 3.196700 -0.074220
v -0.194308 3.196697 -0.141176
v -0.141177 3.196700 -0.194314
v -0.074221 3.196700 -0.228424
v -0.000000 3.196700 -0.240193
v 0.074218 3.196700 -0.228436
v 0.141183 3.196697 -0.194320
v 0.194313 3.196697 -0.141176
v 0.228421 3.196700 -0.074221
v 0.240180 3.196697 -0.000005
v 0.228425 3.196697 0.074211
v 0.194309 3.196697 0.141178
v 0.141176 3.196697 0.194316
v 0.074221 3.196697 0.228420
v -0.000000 3.196700 0.240179
v -0.074223 3.196697 0.228431
v -0.141177 3.196697 0.194316
v -0.194310 3.196697 0.141177
v -0.228426 3.196697 0.074222
v -0.240180 3.196700 0.000006
v -0.208038 3.196700 -0.067603
v -0.176967 3.196697 -0.128571
v -0.128575 3.196700 -0.176959
v -0.067598 3.196700 -0.208045
v -0.000000 3.196700 -0.218748
v 0.067596 3.196700 -0.208029
v 0.128579 3.196697 -0.176959
v 0.176970 3.196697 -0.128583
v 0.208035 3.196700 -0.067602
v 0.218744 3.196697 -0.000004
v 0.208035 3.196697 0.067593
v 0.176969 3.196697 0.128578
v 0.128576 3.196697 0.176981
v 0.067595 3.196697 0.208030
v -0.000000 3.196700 0.218738
v -0.067598 3.196697 0.208036
v -0.128575 3.196697 0.176953
v -0.176969 3.196697 0.128578
v -0.208039 3.196697 0.067593
v -0.218744 3.196700 0.000006
v -0.208037 3.182949 -0.067603
v -0.176967 3.182949 -0.128571
v -0.128575 3.182949 -0.176959
v -0.067598 3.182949 -0.208045
v -0.000000 3.182949 -0.218737
v 0.067596 3.182949 -0.208029
v 0.128579 3.182949 -0.176959
v 0.176970 3.182949 -0.128583
v 0.208035 3.182949 -0.067602
v 0.218744 3.182949 -0.000004
v 0.208035 3.182949 0.067593
v 0.176969 3.182949 0.128578
v 0.128576 3.182949 0.176981
v 0.067595 3.182949 0.208030
v -0.000000 3.182949 0.218738
v -0.067598 3.182949 0.208036
v -0.128575 3.182949 0.176953
v -0.176969 3.182949 0.128578
v -0.208039 3.182949 0.067593
v -0.218744 3.182949 0.000006
v -0.040464 3.189628 -0.242038
v -0.000000 3.189628 -0.254494
v -0.000000 3.189628 -0.233671
v -0.037151 3.189628 -0.222240
v 0.040460 3.189628 -0.242044
v 0.037151 3.189628 -0.222241
v 0.235509 3.196111 -0.066027
v 0.247629 3.196111 -0.000005
v 0.227370 3.196111 -0.000005
v 0.216241 3.196111 -0.060629
v 0.235511 3.196111 0.066029
v 0.216241 3.196111 0.060623
v 0.040460 3.189628 0.242028
v -0.000000 3.189628 0.254491
v -0.000000 3.189628 0.233661
v 0.037151 3.189628 0.222236
v -0.040464 3.189628 0.242033
v -0.037151 3.189628 0.222236
v -0.235510 3.196111 0.066029
v -0.247628 3.196111 -0.000005
v -0.227370 3.196111 -0.000005
v -0.216242 3.196111 0.060623
v -0.235510 3.196111 -0.066027
v -0.216243 3.196111 -0.060633
v 0.292381 2.178674 0.292371
v -0.292383 2.178674 0.292371
v 0.282379 2.351331 0.282368
v -0.282383 2.351331 0.282373
v 0.282379 2.351331 -0.282384
v -0.282379 2.351331 -0.282389
v 0.292379 2.178674 -0.292388
v -0.292383 2.178674 -0.292388
v 0.316339 2.178674 -0.316346
v -0.316341 2.178674 -0.316347
v -0.316341 1.818195 -0.316347
v 0.316339 1.818195 -0.316346
v -0.316341 2.178674 0.316330
v -0.316341 1.818195 0.316330
v 0.316339 2.178674 0.316342
v 0.316339 1.818195 0.316342
v 0.282379 2.365940 0.282368
v -0.282383 2.365940 0.282373
v -0.282379 2.365940 -0.282389
v 0.282379 2.365940 -0.282384
v 0.291545 2.351331 0.291543
v -0.291545 2.351331 0.291543
v -0.291545 2.365940 0.291543
v 0.291545 2.365940 0.291543
v -0.291545 2.351331 -0.291545
v -0.291545 2.365940 -0.291545
v 0.291547 2.351331 -0.291551
v 0.291547 2.365940 -0.291551
v -0.060337 2.601927 0.083043
v -0.031722 2.601927 0.097624
v -0.000000 2.601927 0.102652
v 0.031720 2.601927 0.097624
v 0.060335 2.601927 0.083042
v 0.083048 2.601927 0.060332
v 0.097627 2.601927 0.031720
v 0.102651 2.601927 -0.000005
v 0.097625 2.601927 -0.031724
v 0.083047 2.601927 -0.060332
v 0.060335 2.601927 -0.083047
v 0.031720 2.601927 -0.097634
v -0.000000 2.601927 -0.102657
v -0.031725 2.601927 -0.097640
v -0.060337 2.601927 -0.083046
v -0.083045 2.601927 -0.060337
v -0.097628 2.601927 -0.031724
v -0.102651 2.601927 -0.000005
v -0.097628 2.601927 0.031720
v -0.083045 2.601927 0.060327
v -0.060883 2.512831 0.083798
v -0.032007 2.512831 0.098501
v -0.000000 2.512831 0.103579
v 0.032009 2.512831 0.098501
v 0.060882 2.512831 0.083797
v 0.083796 2.512831 0.060883
v 0.098508 2.512831 0.032000
v 0.103577 2.512831 -0.000005
v 0.098506 2.512831 -0.032004
v 0.083796 2.512831 -0.060882
v 0.060882 2.512831 -0.083800
v 0.032009 2.512831 -0.098506
v -0.000000 2.512831 -0.103591
v -0.032007 2.512831 -0.098506
v -0.060883 2.512831 -0.083801
v -0.083798 2.512831 -0.060887
v -0.098508 2.512831 -0.032004
v -0.103579 2.512831 -0.000004
v -0.098508 2.512831 0.032005
v -0.083795 2.512831 0.060884
v -0.041163 2.794757 0.056652
v -0.021641 2.794757 0.066605
v -0.000000 2.794757 0.070025
v 0.021638 2.794757 0.066605
v 0.041163 2.794757 0.056651
v 0.056657 2.794757 0.041157
v 0.066602 2.794757 0.021640
v 0.070030 2.794757 -0.000005
v 0.066600 2.794757 -0.021642
v 0.056655 2.794757 -0.041161
v 0.041162 2.794757 -0.056666
v 0.021638 2.794757 -0.066608
v -0.000000 2.794757 -0.070041
v -0.021641 2.794757 -0.066602
v -0.041165 2.794757 -0.056666
v -0.056657 2.794757 -0.041161
v -0.066604 2.794757 -0.021642
v -0.070032 2.794757 -0.000004
v -0.066604 2.794757 0.021628
v -0.056655 2.794757 0.041156
v -0.031855 2.911144 0.043839
v -0.016747 2.911144 0.051543
v -0.000000 2.911144 0.054189
v 0.016745 2.911144 0.051537
v 0.031854 2.911144 0.043834
v 0.043841 2.911144 0.031857
v 0.051540 2.911144 0.016750
v 0.054192 2.911144 -0.000005
v 0.051539 2.911144 -0.016754
v 0.043841 2.911144 -0.031862
v 0.031854 2.911144 -0.043855
v 0.016745 2.911144 -0.051547
v -0.000000 2.911144 -0.054192
v -0.016747 2.911144 -0.051548
v -0.031853 2.911144 -0.043855
v -0.043842 2.911144 -0.031862
v -0.051539 2.911144 -0.016742
v -0.054191 2.911144 -0.000004
v -0.051539 2.911144 0.016750
v -0.043842 2.911144 0.031852
v 0.082490 2.409675 0.253877
v -0.000000 2.409675 0.266957
v -0.082493 2.409675 0.253877
v -0.156911 2.409675 0.215959
v -0.215967 2.409675 0.156912
v -0.253886 2.409675 0.082491
v -0.266950 2.409675 -0.000005
v -0.253886 2.409675 -0.082507
v -0.215967 2.409675 -0.156917
v -0.156909 2.409675 -0.215968
v -0.082492 2.409675 -0.253887
v -0.000000 2.409675 -0.266950
v 0.082490 2.409675 -0.253887
v 0.156910 2.409675 -0.215957
v 0.215964 2.409675 -0.156917
v 0.253884 2.409675 -0.082507
v 0.266946 2.409675 -0.000005
v 0.253884 2.409675 0.082491
v 0.215966 2.409675 0.156906
v 0.156910 2.409675 0.215954
v 0.083326 2.399140 0.256453
v -0.000000 2.399140 0.269654
v -0.083328 2.399140 0.256453
v -0.158496 2.399140 0.218153
v -0.218153 2.399140 0.158497
v -0.256455 2.399140 0.083339
v -0.269651 2.399140 -0.000004
v -0.256455 2.399140 -0.083337
v -0.218153 2.399140 -0.158501
v -0.158496 2.399140 -0.218156
v -0.083328 2.399140 -0.256457
v -0.000000 2.399140 -0.269652
v 0.083326 2.399140 -0.256457
v 0.158497 2.399140 -0.218151
v 0.218152 2.399140 -0.158507
v 0.256453 2.399140 -0.083337
v 0.269652 2.399140 -0.000005
v 0.256453 2.399140 0.083339
v 0.218152 2.399140 0.158503
v 0.158497 2.399140 0.218153
v 0.086050 2.401403 0.264840
v 0.085217 2.411935 0.262266
v -0.000000 2.411935 0.275767
v -0.000000 2.401403 0.278464
v -0.086053 2.401403 0.264829
v -0.085218 2.411935 0.262266
v -0.163678 2.401403 0.225274
v -0.162092 2.411942 0.223081
v -0.225286 2.401403 0.163677
v -0.223100 2.411935 0.162086
v -0.264838 2.401403 0.086056
v -0.262270 2.411935 0.085219
v -0.278469 2.401403 -0.000005
v -0.275765 2.411935 -0.000005
v -0.264839 2.401403 -0.086059
v -0.262270 2.411935 -0.085230
v -0.225286 2.401403 -0.163688
v -0.223100 2.411935 -0.162096
v -0.163681 2.401403 -0.225290
v -0.162092 2.411942 -0.223096
v -0.086051 2.401403 -0.264844
v -0.085216 2.411942 -0.262264
v -0.000000 2.401403 -0.278473
v -0.000000 2.411942 -0.275771
v 0.086050 2.401403 -0.264845
v 0.085214 2.411942 -0.262264
v 0.163679 2.401403 -0.225279
v 0.162094 2.411942 -0.223091
v 0.225284 2.401403 -0.163688
v 0.223098 2.411942 -0.162090
v 0.264838 2.401403 -0.086059
v 0.262266 2.411935 -0.085230
v 0.278467 2.401403 0.000007
v 0.275763 2.411935 -0.000005
v 0.264840 2.401403 0.086056
v 0.262266 2.411935 0.085219
v 0.225284 2.401403 0.163677
v 0.223098 2.411935 0.162086
v 0.163679 2.401403 0.225280
v 0.162092 2.411942 0.223087
v 0.031766 2.587721 0.097761
v -0.000000 2.587721 0.102800
v -0.031768 2.587721 0.097762
v -0.060422 2.587721 0.083160
v -0.083167 2.587721 0.060419
v -0.097768 2.587721 0.031759
v -0.102799 2.587721 0.000007
v -0.097767 2.587721 -0.031770
v -0.083167 2.587721 -0.060423
v -0.060422 2.587721 -0.083170
v -0.031767 2.587721 -0.097771
v -0.000000 2.587721 -0.102798
v 0.031766 2.587721 -0.097771
v 0.060424 2.587721 -0.083170
v 0.083167 2.587721 -0.060423
v 0.097767 2.587721 -0.031769
v 0.102799 2.587721 -0.000005
v 0.097769 2.587721 0.031759
v 0.083167 2.587721 0.060420
v 0.060424 2.587721 0.083159
v 0.031960 2.527457 0.098359
v -0.000000 2.527457 0.103426
v -0.031962 2.527457 0.098353
v -0.060794 2.527457 0.083669
v -0.083675 2.527457 0.060791
v -0.098365 2.527457 0.031954
v -0.103425 2.527457 -0.000004
v -0.098365 2.527457 -0.031952
v -0.083677 2.527457 -0.060796
v -0.060794 2.527457 -0.083685
v -0.031962 2.527457 -0.098368
v -0.000000 2.527457 -0.103432
v 0.031960 2.527457 -0.098357
v 0.060793 2.527457 -0.083674
v 0.083673 2.527457 -0.060796
v 0.098362 2.527457 -0.031952
v 0.103427 2.527457 -0.000005
v 0.098364 2.527457 0.031954
v 0.083673 2.527457 0.060791
v 0.060793 2.527457 0.083669
v -0.035300 2.512939 0.108632
v -0.035253 2.527566 0.108490
v -0.067053 2.527566 0.092287
v -0.067142 2.512939 0.092420
v -0.000000 2.512939 0.114231
v -0.000000 2.527566 0.114078
v 0.035299 2.512939 0.108632
v 0.035251 2.527566 0.108490
v 0.067138 2.512939 0.092420
v 0.067049 2.527566 0.092292
v 0.092414 2.512939 0.067145
v 0.092289 2.527566 0.067052
v 0.108640 2.512939 0.035294
v 0.108494 2.527566 0.035248
v 0.114229 2.512939 -0.000005
v 0.114075 2.527566 -0.000004
v 0.108638 2.512939 -0.035286
v 0.108493 2.527566 -0.035246
v 0.092414 2.512939 -0.067155
v 0.092289 2.527566 -0.067051
v 0.067141 2.512939 -0.092413
v 0.067053 2.527566 -0.092290
v 0.035298 2.512939 -0.108643
v 0.035251 2.527566 -0.108487
v -0.000000 2.512939 -0.114235
v -0.000000 2.527566 -0.114082
v -0.035300 2.512939 -0.108643
v -0.035253 2.527566 -0.108488
v -0.067142 2.512939 -0.092424
v -0.067053 2.527566 -0.092290
v -0.092415 2.512939 -0.067143
v -0.092291 2.527566 -0.067063
v -0.108639 2.512939 -0.035298
v -0.108495 2.527566 -0.035246
v -0.114227 2.512939 -0.000005
v -0.114077 2.527566 -0.000005
v -0.108639 2.512939 0.035294
v -0.108495 2.527566 0.035248
v -0.092415 2.512939 0.067139
v -0.092291 2.527566 0.067052
v 0.035058 2.587833 0.107893
v 0.035013 2.602039 0.107756
v -0.000004 2.602039 0.113297
v -0.000000 2.587833 0.113445
v -0.035057 2.587833 0.107887
v -0.035012 2.602039 0.107756
v -0.066686 2.587833 0.091775
v -0.066600 2.602039 0.091659
v -0.091783 2.587833 0.066681
v -0.091666 2.602039 0.066589
v -0.107900 2.587830 0.035053
v -0.107760 2.602039 0.035014
v -0.113450 2.587830 -0.000004
v -0.113304 2.602039 -0.000004
v -0.107898 2.587830 -0.035058
v -0.107760 2.602039 -0.035018
v -0.091784 2.587833 -0.066685
v -0.091666 2.602039 -0.066593
v -0.066687 2.587833 -0.091786
v -0.066598 2.602039 -0.091663
v -0.035059 2.587830 -0.107908
v -0.035012 2.602039 -0.107765
v -0.000000 2.587830 -0.113450
v -0.000000 2.602039 -0.113302
v 0.035058 2.587830 -0.107902
v 0.035013 2.602039 -0.107765
v 0.066686 2.587833 -0.091780
v 0.066600 2.602039 -0.091663
v 0.091783 2.587833 -0.066684
v 0.091665 2.602039 -0.066593
v 0.107898 2.587830 -0.035058
v 0.107756 2.602039 -0.035006
v 0.113452 2.587830 -0.000005
v 0.113302 2.602039 -0.000005
v 0.107898 2.587830 0.035053
v 0.107756 2.602039 0.035013
v 0.091783 2.587833 0.066681
v 0.091665 2.602039 0.066589
v 0.066684 2.587833 0.091776
v 0.066596 2.602039 0.091658
v -0.185964 3.177066 -0.060423
v -0.000000 3.177063 -0.000005
v -0.158191 3.177063 -0.114939
v -0.114933 3.177066 -0.158185
v -0.060422 3.177066 -0.185974
v -0.000000 3.177066 -0.195539
v 0.060423 3.177066 -0.185963
v 0.114934 3.177063 -0.158181
v 0.158191 3.177060 -0.114939
v 0.185962 3.177066 -0.060434
v 0.195536 3.177063 -0.000005
v 0.185962 3.177063 0.060425
v 0.158190 3.177063 0.114934
v 0.114931 3.177063 0.158191
v 0.060424 3.177063 0.185959
v -0.000004 3.177066 0.195522
v -0.060422 3.177063 0.185959
v -0.114933 3.177063 0.158182
v -0.158191 3.177063 0.114935
v -0.185966 3.177063 0.060419
v -0.195533 3.177066 0.000005
v -0.223054 3.196697 0.072478
v -0.234533 3.196700 0.000006
v -0.223057 3.196700 -0.072477
v -0.189741 3.196697 -0.137857
v -0.137855 3.196700 -0.189746
v -0.072476 3.196700 -0.223060
v -0.000000 3.196700 -0.234538
v 0.072477 3.196700 -0.223062
v 0.137861 3.196697 -0.189741
v 0.189745 3.196697 -0.137862
v 0.223053 3.196700 -0.072476
v 0.234534 3.196697 -0.000004
v 0.223054 3.196697 0.072473
v 0.189741 3.196697 0.137852
v 0.137855 3.196697 0.189742
v 0.072476 3.196697 0.223057
v -0.000000 3.196700 0.234529
v -0.072478 3.196697 0.223045
v -0.137855 3.196697 0.189731
v -0.189745 3.196697 0.137858
v -0.212465 3.196697 0.069025
v -0.223396 3.196700 0.000006
v -0.212463 3.196700 -0.069041
v -0.180728 3.196697 -0.131316
v -0.131308 3.196700 -0.180726
v -0.069033 3.196700 -0.212471
v -0.000000 3.196700 -0.223397
v 0.069033 3.196700 -0.212467
v 0.131313 3.196697 -0.180726
v 0.180733 3.196697 -0.131316
v 0.212457 3.196700 -0.069041
v 0.223394 3.196697 -0.000004
v 0.212459 3.196697 0.069036
v 0.180729 3.196697 0.131311
v 0.131308 3.196697 0.180738
v 0.069033 3.196697 0.212450
v -0.000000 3.196700 0.223382
v -0.069037 3.196697 0.212451
v -0.131308 3.196697 0.180728
v -0.180731 3.196697 0.131311
v -0.223054 3.204722 0.072473
v -0.212465 3.204722 0.069025
v -0.223394 3.204726 0.000006
v -0.234533 3.204726 0.000006
v -0.223057 3.204726 -0.072477
v -0.212461 3.204726 -0.069041
v -0.189741 3.204726 -0.137857
v -0.180728 3.204726 -0.131316
v -0.137855 3.204726 -0.189746
v -0.131308 3.204726 -0.180726
v -0.072476 3.204726 -0.223060
v -0.069033 3.204726 -0.212471
v -0.000000 3.204726 -0.234538
v -0.000000 3.204726 -0.223397
v 0.072477 3.204726 -0.223062
v 0.069030 3.204726 -0.212467
v 0.137863 3.204726 -0.189741
v 0.131313 3.204726 -0.180726
v 0.189747 3.204722 -0.137862
v 0.180733 3.204722 -0.131316
v 0.223053 3.204726 -0.072476
v 0.212457 3.204726 -0.069041
v 0.234534 3.204726 -0.000004
v 0.223394 3.204726 -0.000005
v 0.223054 3.204726 0.072478
v 0.212459 3.204726 0.069036
v 0.189741 3.204726 0.137852
v 0.180729 3.204726 0.131311
v 0.137855 3.204722 0.189742
v 0.131308 3.204722 0.180738
v 0.072476 3.204722 0.223045
v 0.069033 3.204722 0.212450
v -0.000000 3.204726 0.234529
v -0.000000 3.204726 0.223382
v -0.072480 3.204722 0.223045
v -0.069037 3.204722 0.212451
v -0.137855 3.204726 0.189731
v -0.131308 3.204726 0.180728
v -0.189745 3.204726 0.137858
v -0.180731 3.204726 0.131311
v -0.284245 2.319142 -0.284244
v -0.284245 2.319142 0.284246
v 0.284242 2.319142 0.284247
v 0.284242 2.319142 -0.284244
v -0.286987 2.271832 -0.286988
v -0.286984 2.271832 0.286990
v 0.286983 2.271832 0.286978
v 0.286983 2.271832 -0.286987
v -0.318015 2.275429 0.318014
v -0.315276 2.322739 0.315277
v -0.315277 2.322739 -0.315281
v -0.318015 2.275426 -0.318013
v 0.318016 2.275429 0.318014
v 0.315273 2.322739 0.315265
v 0.315273 2.322739 -0.315281
v 0.318016 2.275426 -0.318013
vt 5.281693 4.400949
vt 5.281693 4.318956
vt 5.326592 4.325727
vt 5.326592 4.404507
vt 5.281693 4.253892
vt 5.326592 4.263206
vt 5.281693 4.491846
vt 5.326592 4.491843
vt 5.281693 4.582740
vt 5.326592 4.579188
vt 5.281693 4.664733
vt 5.326592 4.657969
vt 5.281693 4.729801
vt 5.326592 4.720486
vt 5.219329 4.664744
vt 5.219329 4.582744
vt 5.264227 4.579189
vt 5.264227 4.657973
vt 5.219329 4.491853
vt 5.264227 4.491850
vt 5.219329 4.729804
vt 5.264227 4.720483
vt 5.219329 4.400953
vt 5.264227 4.404508
vt 5.219329 4.318960
vt 5.264227 4.325724
vt 5.219329 4.253892
vt 5.264227 4.263210
vt 4.837798 5.065880
vt 4.837798 5.038198
vt 4.915356 5.032768
vt 4.915356 5.063044
vt 4.811555 5.060709
vt 4.811555 5.028346
vt 4.837798 5.016222
vt 4.915356 5.008756
vt 4.837798 5.096579
vt 4.915356 5.096579
vt 4.811555 5.002664
vt 4.811555 5.096582
vt 4.837798 5.127274
vt 4.915356 5.130127
vt 4.811555 5.132459
vt 4.837798 5.154966
vt 4.915356 5.160396
vt 4.811555 5.164815
vt 4.837798 5.176945
vt 4.915356 5.184408
vt 4.811555 5.190503
vt 4.957732 5.155279
vt 4.957732 5.127594
vt 5.035289 5.130433
vt 5.035289 5.160702
vt 4.931489 5.165131
vt 4.931489 5.132769
vt 4.957732 5.096898
vt 5.035289 5.096894
vt 4.957732 5.177261
vt 5.035289 5.184724
vt 4.931489 5.096898
vt 4.931489 5.190813
vt 4.957732 5.066203
vt 5.035289 5.063354
vt 4.931489 5.061018
vt 4.957732 5.038507
vt 5.035289 5.033077
vt 4.931489 5.028659
vt 4.957732 5.016525
vt 5.035289 5.009066
vt 4.931489 5.002974
vt 6.460118 4.882948
vt 6.460114 4.830707
vt 6.513982 4.813702
vt 6.513986 4.874010
vt 6.429923 4.894179
vt 6.429923 4.852077
vt 6.460118 4.789242
vt 6.513986 4.765848
vt 6.552692 4.813705
vt 6.552695 4.874010
vt 6.460118 4.940859
vt 6.513986 4.940872
vt 6.429923 4.940863
vt 6.552695 4.765848
vt 6.552695 4.940872
vt 6.460114 4.998775
vt 6.513982 5.007714
vt 6.429923 4.987549
vt 6.552689 5.007714
vt 6.460114 5.051024
vt 6.513982 5.068026
vt 6.429923 5.029650
vt 6.552692 5.068026
vt 6.460114 5.092489
vt 6.513982 5.115872
vt 6.552692 5.115872
vt 6.597988 5.051024
vt 6.597992 4.998779
vt 6.651863 5.007724
vt 6.651860 5.068029
vt 6.567797 5.029650
vt 6.567801 4.987552
vt 6.597992 4.940872
vt 6.651860 4.940868
vt 6.690573 5.007724
vt 6.690566 5.068024
vt 6.597992 5.092489
vt 6.651860 5.115876
vt 6.567801 4.940875
vt 6.597992 4.882948
vt 6.651860 4.874014
vt 6.690569 4.940868
vt 6.690569 5.115879
vt 6.567801 4.894192
vt 6.597992 4.830707
vt 6.651860 4.813705
vt 6.690569 4.874014
vt 6.567801 4.852081
vt 6.597992 4.789242
vt 6.651860 4.765852
vt 6.690569 4.813705
vt 6.690566 4.765848
vt 7.128672 4.223031
vt 7.128668 4.152856
vt 7.147281 4.152856
vt 7.147284 4.223027
vt 7.128672 4.097164
vt 7.147284 4.097164
vt 7.128672 4.300823
vt 7.147284 4.300823
vt 7.128665 4.378610
vt 7.147281 4.378610
vt 7.128668 4.448788
vt 7.147281 4.448788
vt 7.128668 4.504477
vt 7.147281 4.504477
vt 7.090287 4.448784
vt 7.090293 4.378610
vt 7.108906 4.378610
vt 7.108902 4.448784
vt 7.090290 4.300823
vt 7.108902 4.300823
vt 7.090290 4.504473
vt 7.108902 4.504480
vt 7.090290 4.223038
vt 7.108902 4.223038
vt 7.090290 4.152860
vt 7.108902 4.152860
vt 7.090287 4.097164
vt 7.108902 4.097164
vt 6.720088 5.022166
vt 6.720084 5.086075
vt 6.705675 5.086075
vt 6.705675 5.022166
vt 6.720088 5.136779
vt 6.705675 5.136779
vt 6.720088 4.951313
vt 6.705675 4.951313
vt 6.720084 4.880469
vt 6.705675 4.880469
vt 6.720084 4.816554
vt 6.705675 4.816554
vt 6.720084 4.765848
vt 6.705675 4.765848
vt 6.749599 4.816551
vt 6.749602 4.880459
vt 6.735190 4.880459
vt 6.735190 4.816551
vt 6.749599 4.951306
vt 6.735190 4.951306
vt 6.749599 4.765848
vt 6.735190 4.765848
vt 6.749599 5.022159
vt 6.735190 5.022159
vt 6.749599 5.086074
vt 6.735190 5.086074
vt 6.749599 5.136796
vt 6.735190 5.136796
vt 5.886157 2.915753
vt 5.901944 2.915753
vt 5.962667 3.723991
vt 5.941917 3.723991
vt 6.042830 2.915753
vt 6.058616 2.915753
vt 6.002860 3.723991
vt 5.982103 3.723991
vt 4.741052 2.915753
vt 4.779533 2.915753
vt 4.779533 3.730786
vt 4.710332 3.730786
vt 4.818017 2.915753
vt 4.848737 3.730786
vt 4.927871 2.915753
vt 4.963197 2.915753
vt 4.991400 3.730786
vt 4.927868 3.730786
vt 4.892545 2.915753
vt 4.864326 3.730786
vt 6.274741 2.915753
vt 6.290521 2.915753
vt 6.351257 3.723991
vt 6.330507 3.723991
vt 6.431423 2.915753
vt 6.447210 2.915753
vt 6.391439 3.723991
vt 6.370687 3.723991
vt 5.230859 2.915753
vt 5.269343 2.915753
vt 5.269343 3.730786
vt 5.200139 3.730786
vt 5.307821 2.915753
vt 5.338544 3.730786
vt 5.417196 2.915753
vt 5.452526 2.915753
vt 5.480741 3.730786
vt 5.417200 3.730786
vt 5.381870 2.915753
vt 5.353654 3.730786
vt 6.673265 4.298485
vt 6.703258 4.298485
vt 6.683157 4.500586
vt 6.662700 4.500586
vt 6.727058 4.298485
vt 6.699400 4.500586
vt 6.673409 4.622568
vt 6.657576 4.622568
vt 6.640019 4.298485
vt 6.640019 4.500586
vt 6.685963 4.622568
vt 6.677277 4.722045
vt 6.659612 4.722045
vt 6.640019 4.622568
vt 6.606775 4.298485
vt 6.617333 4.500586
vt 6.691296 4.722045
vt 6.696870 4.756023
vt 6.669911 4.756023
vt 6.640016 4.722045
vt 6.622465 4.622568
vt 6.576789 4.298485
vt 6.596883 4.500586
vt 6.718271 4.756023
vt 6.640019 4.756023
vt 6.620429 4.722045
vt 6.606631 4.622568
vt 6.552985 4.298485
vt 6.580634 4.500586
vt 6.610133 4.756023
vt 6.602763 4.722045
vt 6.594067 4.622568
vt 6.583163 4.756023
vt 6.588745 4.722045
vt 6.561759 4.756023
vt 6.481372 4.298485
vt 6.511361 4.298485
vt 6.491264 4.500586
vt 6.470814 4.500586
vt 6.535165 4.298485
vt 6.507514 4.500586
vt 6.481516 4.622568
vt 6.465679 4.622568
vt 6.448128 4.298485
vt 6.448132 4.500586
vt 6.494080 4.622568
vt 6.485380 4.722045
vt 6.467715 4.722045
vt 6.448132 4.622568
vt 6.414883 4.298485
vt 6.425454 4.500586
vt 6.499399 4.722045
vt 6.504981 4.756023
vt 6.478018 4.756023
vt 6.448135 4.722045
vt 6.430572 4.622568
vt 6.384893 4.298485
vt 6.404987 4.500586
vt 6.526388 4.756023
vt 6.448128 4.756023
vt 6.428548 4.722045
vt 6.414742 4.622568
vt 6.361093 4.298485
vt 6.388750 4.500586
vt 6.418233 4.756023
vt 6.410871 4.722045
vt 6.402181 4.622568
vt 6.391273 4.756023
vt 6.396852 4.722045
vt 6.369876 4.756023
vt 4.710332 5.018751
vt 4.710332 4.985367
vt 4.725661 4.985461
vt 4.725661 5.018802
vt 4.710332 4.958882
vt 4.725661 4.959013
vt 4.710332 5.055743
vt 4.725661 5.055747
vt 4.710332 5.092730
vt 4.725661 5.092682
vt 4.710332 5.126120
vt 4.725661 5.126019
vt 4.710332 5.152595
vt 4.725661 5.152472
vt 4.728385 4.815206
vt 4.728385 4.781823
vt 4.743714 4.781916
vt 4.743714 4.815257
vt 4.728385 4.755337
vt 4.743714 4.755468
vt 4.728385 4.852196
vt 4.743714 4.852196
vt 4.728385 4.889188
vt 4.743714 4.889137
vt 4.728385 4.922569
vt 4.743714 4.922478
vt 4.728385 4.949057
vt 4.743714 4.948919
vt 6.744879 4.409981
vt 6.754092 4.409255
vt 6.754092 4.486584
vt 6.744879 4.487974
vt 6.744879 4.323515
vt 6.754092 4.323515
vt 6.754092 4.547952
vt 6.744879 4.549860
vt 6.744879 4.237049
vt 6.754092 4.237782
vt 6.744879 4.159063
vt 6.754092 4.160450
vt 6.744879 4.097164
vt 6.754092 4.099075
vt 6.773663 4.409971
vt 6.782877 4.409238
vt 6.782877 4.486567
vt 6.773663 4.487957
vt 6.773663 4.323504
vt 6.782877 4.323504
vt 6.782877 4.547938
vt 6.773663 4.549846
vt 6.773663 4.237039
vt 6.782877 4.237765
vt 6.773663 4.159049
vt 6.782877 4.160437
vt 6.773663 4.097164
vt 6.782877 4.099072
vt 5.344059 4.580200
vt 5.355097 4.579327
vt 5.355097 4.659891
vt 5.344059 4.661558
vt 5.344059 4.490005
vt 5.355097 4.490005
vt 5.355104 4.723820
vt 5.344059 4.726114
vt 5.344059 4.399810
vt 5.355097 4.400686
vt 5.344059 4.318455
vt 5.355097 4.320118
vt 5.344059 4.253892
vt 5.355104 4.256183
vt 5.372843 4.580200
vt 5.383881 4.579323
vt 5.383888 4.659888
vt 5.372843 4.661554
vt 5.372843 4.490001
vt 5.383881 4.490005
vt 5.383888 4.723820
vt 5.372843 4.726111
vt 5.372843 4.399810
vt 5.383881 4.400683
vt 5.372843 4.318452
vt 5.383881 4.320118
vt 5.372843 4.253892
vt 5.383888 4.256186
vt 4.744393 5.135602
vt 4.759285 5.135554
vt 4.759285 5.168653
vt 4.744396 5.168746
vt 4.744393 5.098854
vt 4.759285 5.098854
vt 4.759285 5.194926
vt 4.744396 5.195054
vt 4.744393 5.062119
vt 4.759285 5.062163
vt 4.744396 5.028971
vt 4.759285 5.029065
vt 4.744396 5.002664
vt 4.759285 5.002789
vt 4.777975 5.135598
vt 4.792867 5.135548
vt 4.792867 5.168649
vt 4.777978 5.168746
vt 4.777975 5.098857
vt 4.792867 5.098857
vt 4.792867 5.194922
vt 4.777978 5.195047
vt 4.777975 5.062109
vt 4.792867 5.062157
vt 4.777978 5.028968
vt 4.792867 5.029062
vt 4.777978 5.002664
vt 4.792867 5.002785
vt 5.051422 5.124166
vt 5.114584 5.123965
vt 5.114584 5.154002
vt 5.051422 5.154396
vt 5.051422 5.090669
vt 5.114584 5.090676
vt 5.114584 5.177833
vt 5.051422 5.178370
vt 5.051422 5.057184
vt 5.114584 5.057383
vt 5.051422 5.026956
vt 5.114584 5.027346
vt 5.051422 5.002974
vt 5.114584 5.003511
vt 5.132977 5.124160
vt 5.196139 5.123965
vt 5.196139 5.153998
vt 5.132977 5.154388
vt 5.132977 5.090672
vt 5.196139 5.090672
vt 5.196139 5.177833
vt 5.132977 5.178364
vt 5.132977 5.057180
vt 5.196139 5.057376
vt 5.132977 5.026952
vt 5.196139 5.027346
vt 5.132977 5.002974
vt 5.196139 5.003508
vt 7.083052 4.647612
vt 7.091463 4.647612
vt 7.091466 4.719957
vt 7.083055 4.719957
vt 7.083052 4.582333
vt 7.091466 4.582333
vt 7.091466 4.792319
vt 7.083055 4.792316
vt 7.083052 4.530548
vt 7.091466 4.530548
vt 7.091466 4.857588
vt 7.083052 4.857588
vt 7.091466 4.909376
vt 7.083055 4.909376
vt 7.130089 4.713173
vt 7.138499 4.713173
vt 7.138496 4.789128
vt 7.130085 4.789132
vt 7.130089 4.637209
vt 7.138499 4.637209
vt 7.138499 4.857657
vt 7.130085 4.857657
vt 7.130085 4.568684
vt 7.138499 4.568684
vt 7.138499 4.912029
vt 7.130085 4.912029
vt 7.130089 4.514302
vt 7.138499 4.514302
vt 7.153605 4.789132
vt 7.162016 4.789132
vt 7.162013 4.857657
vt 7.153602 4.857657
vt 7.153602 4.713173
vt 7.162016 4.713173
vt 7.162016 4.912032
vt 7.153602 4.912029
vt 7.153602 4.637209
vt 7.162016 4.637206
vt 7.153602 4.568684
vt 7.162016 4.568684
vt 7.153602 4.514302
vt 7.162013 4.514302
vt 7.106569 4.566093
vt 7.114980 4.566093
vt 7.114983 4.631366
vt 7.106572 4.631366
vt 7.106569 4.514305
vt 7.114983 4.514305
vt 7.114983 4.703718
vt 7.106569 4.703714
vt 7.114983 4.776076
vt 7.106569 4.776076
vt 7.114983 4.841345
vt 7.106569 4.841345
vt 7.114980 4.893147
vt 7.106569 4.893147
vt 6.052079 4.722651
vt 5.994952 4.693543
vt 6.115409 4.527747
vt 5.980653 4.713222
vt 6.044562 4.745787
vt 5.949622 4.648204
vt 6.115418 4.732681
vt 5.929948 4.662503
vt 6.115415 4.757006
vt 5.920502 4.591075
vt 6.178739 4.722652
vt 5.897364 4.598593
vt 6.186259 4.745789
vt 5.910479 4.527747
vt 6.235869 4.693543
vt 5.886157 4.527747
vt 6.250174 4.713223
vt 5.920509 4.464418
vt 6.281196 4.648204
vt 5.897377 4.456901
vt 6.300879 4.662502
vt 5.949628 4.407284
vt 6.310308 4.591076
vt 5.929948 4.392985
vt 6.333450 4.598594
vt 5.994952 4.361947
vt 6.320342 4.527747
vt 5.980651 4.342267
vt 6.344667 4.527747
vt 6.052075 4.332844
vt 6.310312 4.464417
vt 6.044559 4.309708
vt 6.333447 4.456900
vt 6.115409 4.322810
vt 6.281212 4.407289
vt 6.115406 4.298485
vt 6.300896 4.392990
vt 6.178742 4.332842
vt 6.235876 4.361950
vt 6.186259 4.309707
vt 6.250174 4.342271
vt 6.205709 4.275083
vt 6.128377 4.235677
vt 6.132699 4.229729
vt 6.252964 4.195332
vt 6.067002 4.174304
vt 6.072954 4.169981
vt 6.145689 4.211854
vt 6.256113 4.180272
vt 6.291442 4.288660
vt 6.291442 4.204806
vt 6.027597 4.096966
vt 6.098495 4.050049
vt 6.090830 4.156993
vt 6.223207 4.105161
vt 6.255569 4.121648
vt 6.377182 4.275083
vt 6.329926 4.195332
vt 6.014025 4.011239
vt 6.088568 4.011239
vt 6.114281 4.046876
vt 6.197524 4.079476
vt 6.291439 4.188969
vt 6.291442 4.127330
vt 6.454511 4.235677
vt 6.450189 4.229729
vt 6.027601 3.925511
vt 6.098495 3.972427
vt 6.181032 4.047113
vt 6.326768 4.180271
vt 6.327319 4.121649
vt 6.437199 4.211854
vt 6.515879 4.174304
vt 6.509934 4.169981
vt 6.067009 3.848174
vt 6.072954 3.852496
vt 6.105168 4.011239
vt 6.175346 4.011239
vt 6.196976 4.041934
vt 6.211082 4.069625
vt 6.359675 4.105159
vt 6.492058 4.156994
vt 6.555284 4.096967
vt 6.484383 4.050049
vt 6.128380 3.786799
vt 6.132699 3.792748
vt 6.090823 3.865484
vt 6.114281 3.975604
vt 6.181035 3.975363
vt 6.192107 4.011239
vt 6.385364 4.079475
vt 6.468596 4.046875
vt 6.568866 4.011239
vt 6.494316 4.011239
vt 6.205709 3.747395
vt 6.252961 3.827146
vt 6.145692 3.810623
vt 6.197524 3.943001
vt 6.196976 3.980544
vt 6.401859 4.047112
vt 6.555284 3.925511
vt 6.484380 3.972428
vt 6.291442 3.733816
vt 6.291442 3.817671
vt 6.256113 3.842206
vt 6.223207 3.917318
vt 6.211075 3.952853
vt 6.371806 4.069624
vt 6.385915 4.041934
vt 6.477719 4.011239
vt 6.407537 4.011239
vt 6.515875 3.848175
vt 6.509934 3.852496
vt 6.377182 3.747394
vt 6.329926 3.827145
vt 6.255569 3.900828
vt 6.390781 4.011239
vt 6.468600 3.975603
vt 6.401853 3.975363
vt 6.492061 3.865483
vt 6.454511 3.786799
vt 6.450192 3.792748
vt 6.291439 3.833508
vt 6.291439 3.895146
vt 6.385915 3.980543
vt 6.385364 3.943001
vt 6.437199 3.810624
vt 6.326765 3.842206
vt 6.327319 3.900829
vt 6.371812 3.952852
vt 6.359678 3.917318
vt 5.822454 5.080939
vt 5.809400 5.038532
vt 5.831225 5.038532
vt 5.843204 5.077469
vt 5.822451 4.996126
vt 5.843207 4.999593
vt 5.369050 4.988584
vt 5.381752 5.057785
vt 5.360519 5.057785
vt 5.348857 4.994253
vt 5.369051 5.126989
vt 5.348857 5.121327
vt 5.882919 5.030972
vt 5.895970 5.073379
vt 5.874149 5.073379
vt 5.862170 5.034440
vt 5.882923 5.115786
vt 5.862170 5.112316
vt 5.414329 5.126989
vt 5.401627 5.057785
vt 5.422860 5.057785
vt 5.434522 5.121327
vt 5.414329 4.988584
vt 5.434522 4.994240
vt 6.824334 4.776994
vt 6.838073 4.803957
vt 6.794123 4.835889
vt 6.772666 4.793788
vt 6.859472 4.825364
vt 6.827541 4.869313
vt 6.819601 4.747105
vt 6.765273 4.747105
vt 6.886436 4.839098
vt 6.869648 4.890768
vt 6.806167 4.898725
vt 6.764705 4.857260
vt 6.824335 4.717209
vt 6.772667 4.700418
vt 6.879070 4.798375
vt 6.896739 4.807390
vt 6.916327 4.843829
vt 6.916327 4.898157
vt 6.858412 4.925351
vt 6.838071 4.690249
vt 6.794123 4.658318
vt 6.916327 4.810489
vt 6.946216 4.839098
vt 6.963005 4.890761
vt 6.916327 4.934515
vt 6.859472 4.668853
vt 6.827538 4.624900
vt 6.935914 4.807384
vt 6.973183 4.825364
vt 7.005115 4.869313
vt 6.974241 4.925351
vt 6.764705 4.636943
vt 6.806167 4.595478
vt 6.886436 4.655105
vt 6.869648 4.603445
vt 6.953583 4.798378
vt 6.994581 4.803960
vt 7.038533 4.835886
vt 7.026490 4.898725
vt 6.858413 4.568859
vt 6.896739 4.686823
vt 6.879070 4.695828
vt 6.916327 4.650377
vt 6.916327 4.596060
vt 7.008319 4.776990
vt 7.059986 4.793788
vt 7.067951 4.857260
vt 6.916327 4.559685
vt 6.916327 4.683721
vt 6.946218 4.655105
vt 6.963005 4.603442
vt 7.013054 4.747105
vt 7.067381 4.747111
vt 6.974242 4.568859
vt 6.935914 4.686820
vt 6.973183 4.668853
vt 7.005113 4.624900
vt 7.008319 4.717213
vt 7.059986 4.700428
vt 7.026487 4.595478
vt 6.953583 4.695828
vt 6.994581 4.690253
vt 7.038531 4.658318
vt 7.067949 4.636943
vt 5.814047 4.198082
vt 5.874352 4.167355
vt 5.895156 4.195991
vt 5.824982 4.231745
vt 5.922209 4.119493
vt 5.950849 4.140301
vt 5.747186 4.208669
vt 5.747189 4.244066
vt 5.952942 4.059188
vt 5.986601 4.070128
vt 5.680344 4.198082
vt 5.669403 4.231747
vt 5.963520 3.992339
vt 5.998923 3.992339
vt 5.620031 4.167356
vt 5.599225 4.195992
vt 5.952939 3.925489
vt 5.986605 3.914551
vt 5.572185 4.119495
vt 5.543536 4.140301
vt 5.922206 3.865178
vt 5.950845 3.844372
vt 5.541442 4.059189
vt 5.507783 4.070129
vt 5.874350 3.817321
vt 5.895156 3.788682
vt 5.530864 3.992339
vt 5.495471 3.992339
vt 5.814051 3.786598
vt 5.824982 3.752934
vt 5.541445 3.925488
vt 5.507786 3.914550
vt 5.747195 3.776007
vt 5.747195 3.740611
vt 5.572175 3.865184
vt 5.543536 3.844376
vt 5.680340 3.786597
vt 5.669409 3.752932
vt 5.620031 3.817325
vt 5.599231 3.788687
vt 4.989234 3.914552
vt 5.024988 3.844381
vt 5.029776 3.847859
vt 4.994861 3.916384
vt 5.080678 3.788689
vt 5.084156 3.793477
vt 4.976913 3.992348
vt 4.982831 3.992348
vt 5.150851 3.752936
vt 5.152680 3.758558
vt 4.989232 4.070135
vt 4.994860 4.068306
vt 5.228640 3.740611
vt 5.228640 3.746531
vt 5.024988 4.140313
vt 5.029775 4.136832
vt 5.306428 3.752933
vt 5.304600 3.758564
vt 5.080678 4.196002
vt 5.084156 4.191204
vt 5.376609 3.788685
vt 5.373130 3.793483
vt 5.150850 4.231754
vt 5.152678 4.226123
vt 5.432297 3.844381
vt 5.427508 3.847855
vt 5.228640 4.244067
vt 5.228640 4.238149
vt 5.468045 3.914556
vt 5.462418 3.916381
vt 5.306430 4.231751
vt 5.304602 4.226126
vt 5.480368 3.992342
vt 5.474451 3.992339
vt 5.376602 4.196002
vt 5.373124 4.191210
vt 5.468047 4.070128
vt 5.462420 4.068303
vt 5.432292 4.140306
vt 5.427505 4.136828
vt 6.959449 4.064405
vt 6.962304 4.073189
vt 6.872991 4.087338
vt 6.872991 4.078102
vt 7.037445 4.024653
vt 7.042874 4.032131
vt 6.783677 4.073189
vt 6.786532 4.064405
vt 7.099342 3.962768
vt 7.106816 3.968199
vt 6.703107 4.032127
vt 6.708537 4.024657
vt 7.139082 3.884778
vt 7.147870 3.887634
vt 6.639167 3.968199
vt 6.646641 3.962772
vt 7.152775 3.798313
vt 7.162016 3.798313
vt 6.598113 3.887634
vt 6.606901 3.884778
vt 7.139082 3.711847
vt 7.147869 3.708994
vt 6.583968 3.798313
vt 6.593208 3.798313
vt 7.099341 3.633860
vt 7.106816 3.628429
vt 6.598113 3.708994
vt 6.606900 3.711847
vt 7.037445 3.571971
vt 7.042875 3.564498
vt 6.639167 3.628426
vt 6.646641 3.633860
vt 6.959449 3.532223
vt 6.962305 3.523439
vt 6.703107 3.564491
vt 6.708538 3.571961
vt 6.872991 3.518530
vt 6.872991 3.509290
vt 6.783678 3.523439
vt 6.786533 3.532223
vt 6.758490 2.924990
vt 6.758490 2.915753
vt 6.848678 2.930034
vt 6.845822 2.938824
vt 6.671157 2.938824
vt 6.668301 2.930037
vt 6.930038 2.971496
vt 6.924607 2.978969
vt 6.592372 2.978969
vt 6.586940 2.971499
vt 6.994607 3.036056
vt 6.987132 3.041482
vt 6.529848 3.041486
vt 6.522373 3.036056
vt 7.036062 3.117413
vt 7.027274 3.120266
vt 6.489705 3.120266
vt 6.480918 3.117413
vt 7.050345 3.207605
vt 7.041106 3.207608
vt 6.475872 3.207612
vt 6.466634 3.207608
vt 7.036061 3.297804
vt 7.027274 3.294948
vt 6.489705 3.294948
vt 6.480917 3.297804
vt 6.994606 3.379158
vt 6.987132 3.373732
vt 6.529848 3.373728
vt 6.522373 3.379158
vt 6.930039 3.443715
vt 6.924607 3.436242
vt 6.592372 3.436249
vt 6.586939 3.443722
vt 6.848678 3.485180
vt 6.845822 3.476393
vt 6.671157 3.476393
vt 6.668302 3.485183
vt 6.758490 3.499465
vt 6.758490 3.490224
vt 5.350391 4.962281
vt 5.346940 4.972899
vt 5.313611 4.955916
vt 5.320171 4.946891
vt 5.383887 4.967596
vt 5.383887 4.978759
vt 5.287160 4.929475
vt 5.296191 4.922916
vt 5.417384 4.962284
vt 5.420835 4.972902
vt 5.270177 4.896134
vt 5.280794 4.892687
vt 5.447601 4.946891
vt 5.454162 4.955923
vt 5.264326 4.859193
vt 5.275489 4.859190
vt 5.471583 4.922913
vt 5.480614 4.929475
vt 5.270177 4.822254
vt 5.280794 4.825705
vt 5.486980 4.892684
vt 5.497597 4.896134
vt 5.287160 4.788913
vt 5.296190 4.795476
vt 5.492286 4.859193
vt 5.503449 4.859190
vt 5.313611 4.762465
vt 5.320171 4.771494
vt 5.486979 4.825705
vt 5.497597 4.822254
vt 5.346940 4.745489
vt 5.350391 4.756100
vt 5.471583 4.795476
vt 5.480614 4.788917
vt 5.383887 4.739629
vt 5.383887 4.750795
vt 5.447601 4.771501
vt 5.454164 4.762465
vt 5.420835 4.745486
vt 5.417384 4.756107
vt 5.574464 4.763887
vt 5.567903 4.754852
vt 5.601276 4.737853
vt 5.604725 4.748471
vt 5.550446 4.787899
vt 5.541416 4.781340
vt 5.638272 4.731988
vt 5.638272 4.743148
vt 5.535028 4.818169
vt 5.524410 4.814721
vt 5.675268 4.737853
vt 5.671818 4.748471
vt 5.529715 4.851717
vt 5.518552 4.851713
vt 5.708641 4.754852
vt 5.702079 4.763885
vt 5.535028 4.885252
vt 5.524410 4.888703
vt 5.735128 4.781337
vt 5.726097 4.787896
vt 5.550447 4.915528
vt 5.541416 4.922087
vt 5.752134 4.814721
vt 5.741517 4.818172
vt 5.574464 4.939539
vt 5.567902 4.948572
vt 5.757993 4.851713
vt 5.746830 4.851713
vt 5.604725 4.954950
vt 5.601276 4.965571
vt 5.752133 4.888700
vt 5.741516 4.885252
vt 5.638272 4.960272
vt 5.638272 4.971436
vt 5.735128 4.922090
vt 5.726098 4.915521
vt 5.671818 4.954950
vt 5.675268 4.965571
vt 5.708642 4.948565
vt 5.702080 4.939543
vt 4.979883 4.840842
vt 4.990499 4.837392
vt 4.996315 4.874089
vt 4.985148 4.874088
vt 4.964601 4.810849
vt 4.973633 4.804289
vt 4.990499 4.910785
vt 4.979883 4.907334
vt 4.940800 4.787047
vt 4.947356 4.778017
vt 4.973629 4.943888
vt 4.964597 4.937327
vt 4.910807 4.771767
vt 4.914261 4.761150
vt 4.947356 4.970159
vt 4.940796 4.961127
vt 4.877561 4.766500
vt 4.877561 4.755337
vt 4.914258 4.987027
vt 4.910807 4.976410
vt 4.844318 4.771768
vt 4.840871 4.761150
vt 4.877558 4.992839
vt 4.877561 4.981674
vt 4.814332 4.787048
vt 4.807769 4.778017
vt 4.840867 4.987027
vt 4.844318 4.976410
vt 4.790528 4.810849
vt 4.781496 4.804287
vt 4.807769 4.970159
vt 4.814328 4.961127
vt 4.775239 4.840842
vt 4.764621 4.837392
vt 4.781492 4.943889
vt 4.790524 4.937327
vt 4.769977 4.874088
vt 4.758817 4.874088
vt 4.764621 4.910785
vt 4.775235 4.907335
vt 5.022575 4.874244
vt 5.011416 4.874244
vt 5.017237 4.837500
vt 5.027851 4.840949
vt 5.027854 4.907537
vt 5.017240 4.910987
vt 5.034128 4.804354
vt 5.043157 4.810914
vt 5.043160 4.937573
vt 5.034125 4.944134
vt 5.060432 4.778047
vt 5.066995 4.787078
vt 5.066992 4.961408
vt 5.060432 4.970439
vt 5.093574 4.761158
vt 5.097025 4.771774
vt 5.097029 4.976713
vt 5.093577 4.987329
vt 5.130321 4.755337
vt 5.130321 4.766501
vt 5.130318 4.981985
vt 5.130325 4.993148
vt 5.167063 4.761158
vt 5.163615 4.771775
vt 5.163611 4.976712
vt 5.167059 4.987329
vt 5.200211 4.778047
vt 5.193648 4.787078
vt 5.193648 4.961408
vt 5.200208 4.970440
vt 5.226511 4.804351
vt 5.217483 4.810914
vt 5.217483 4.937573
vt 5.226515 4.944136
vt 5.243410 4.837500
vt 5.232792 4.840949
vt 5.232792 4.907538
vt 5.243413 4.910987
vt 5.249223 4.874244
vt 5.238061 4.874244
vt 5.032104 4.733483
vt 4.956149 4.745512
vt 4.956149 4.733836
vt 5.028495 4.722380
vt 4.880185 4.733482
vt 4.883787 4.722378
vt 5.093774 4.689123
vt 5.100633 4.698568
vt 4.811660 4.698566
vt 4.818519 4.689121
vt 5.145558 4.637324
vt 5.155005 4.644187
vt 4.757277 4.644187
vt 4.766730 4.637324
vt 5.178814 4.572056
vt 5.189924 4.575665
vt 4.722359 4.575663
vt 4.733461 4.572055
vt 5.190273 4.499702
vt 5.201951 4.499702
vt 4.710332 4.499702
vt 4.722009 4.499702
vt 5.178818 4.427349
vt 5.189924 4.423741
vt 4.722365 4.423742
vt 4.733471 4.427351
vt 5.145572 4.362081
vt 5.155011 4.355219
vt 4.757281 4.355211
vt 4.766730 4.362075
vt 5.093771 4.310284
vt 5.100629 4.300838
vt 4.811656 4.300834
vt 4.818519 4.310279
vt 5.028502 4.277027
vt 5.032107 4.265923
vt 4.880182 4.265924
vt 4.883791 4.277029
vt 4.956143 4.265566
vt 4.956140 4.253892
vt 5.708112 4.710706
vt 5.635767 4.722163
vt 5.635767 4.717288
vt 5.706610 4.706070
vt 5.563408 4.710705
vt 5.564913 4.706069
vt 5.770525 4.673506
vt 5.773391 4.677449
vt 5.498136 4.677447
vt 5.501005 4.673504
vt 5.821231 4.622785
vt 5.825176 4.625650
vt 5.446348 4.625650
vt 5.450300 4.622786
vt 5.853802 4.558876
vt 5.858432 4.560382
vt 5.413078 4.560381
vt 5.417715 4.558875
vt 5.865018 4.488029
vt 5.869890 4.488029
vt 5.401627 4.488029
vt 5.406502 4.488029
vt 5.853798 4.417182
vt 5.858435 4.415675
vt 5.413088 4.415676
vt 5.417729 4.417183
vt 5.821248 4.353272
vt 5.825190 4.350407
vt 5.446348 4.350401
vt 5.450300 4.353267
vt 5.770525 4.302553
vt 5.773388 4.298610
vt 5.498136 4.298605
vt 5.501002 4.302549
vt 5.706610 4.269989
vt 5.708119 4.265353
vt 5.563408 4.265355
vt 5.564910 4.269990
vt 5.635757 4.258767
vt 5.635757 4.253892
vt 6.369922 5.111624
vt 6.369922 5.029628
vt 6.414821 5.026068
vt 6.414821 5.104853
vt 6.369922 4.938735
vt 6.414821 4.938735
vt 6.369922 4.847843
vt 6.414821 4.851403
vt 6.369922 4.765848
vt 6.414821 4.772618
vt 6.354819 4.766831
vt 6.354819 4.848826
vt 6.309921 4.852386
vt 6.309921 4.773601
vt 6.354819 4.939718
vt 6.309921 4.939718
vt 6.354819 5.030610
vt 6.309921 5.027051
vt 6.354819 5.112606
vt 6.309921 5.105836
vt 5.454397 5.110779
vt 5.454397 5.083089
vt 5.531955 5.085939
vt 5.531955 5.116200
vt 5.454397 5.052393
vt 5.531955 5.052393
vt 5.454397 5.021698
vt 5.531955 5.018847
vt 5.454397 4.994007
vt 5.531955 4.988584
vt 5.627902 4.986681
vt 5.627902 5.014372
vt 5.550344 5.011522
vt 5.550344 4.981260
vt 5.627902 5.045068
vt 5.550344 5.045068
vt 5.627902 5.075763
vt 5.550344 5.078614
vt 5.627902 5.103454
vt 5.550344 5.108876
vt 5.880783 5.004152
vt 5.880783 4.951907
vt 5.934650 4.960842
vt 5.934650 5.021146
vt 5.880783 4.893992
vt 5.934650 4.893992
vt 5.973360 4.960842
vt 5.973360 5.021146
vt 5.880779 4.836078
vt 5.934650 4.827143
vt 5.973360 4.893992
vt 5.880779 4.783829
vt 5.934647 4.766833
vt 5.973360 4.827143
vt 5.973357 4.766831
vt 5.865676 4.748984
vt 5.865676 4.801229
vt 5.811809 4.792294
vt 5.811809 4.731988
vt 5.865673 4.859144
vt 5.811805 4.859144
vt 5.773102 4.792293
vt 5.773102 4.731989
vt 5.865676 4.917058
vt 5.811809 4.925995
vt 5.773096 4.859144
vt 5.865676 4.969304
vt 5.811809 4.986300
vt 5.773102 4.925995
vt 5.773099 4.986300
vt 6.175281 5.062762
vt 6.175281 4.992589
vt 6.193893 4.992589
vt 6.193893 5.062762
vt 6.175281 4.914800
vt 6.193893 4.914800
vt 6.175281 4.837013
vt 6.193893 4.837012
vt 6.175278 4.766833
vt 6.193891 4.766831
vt 6.160175 4.766831
vt 6.160175 4.837005
vt 6.141560 4.837004
vt 6.141560 4.766832
vt 6.160169 4.914794
vt 6.141556 4.914794
vt 6.160175 4.992584
vt 6.141560 4.992584
vt 6.160172 5.062757
vt 6.141560 5.062757
vt 6.017976 5.036350
vt 6.017976 4.972439
vt 6.032389 4.972439
vt 6.032389 5.036350
vt 6.017976 4.901593
vt 6.032389 4.901593
vt 6.017976 4.830748
vt 6.032389 4.830748
vt 6.017980 4.766831
vt 6.032389 4.766831
vt 6.002871 4.766831
vt 6.002871 4.830742
vt 5.988462 4.830742
vt 5.988462 4.766831
vt 6.002874 4.901588
vt 5.988462 4.901588
vt 6.002871 4.972435
vt 5.988462 4.972435
vt 6.002871 5.036344
vt 5.988462 5.036344
vt 5.693063 2.915753
vt 5.731874 2.915753
vt 5.731874 3.723991
vt 5.689467 3.723991
vt 5.770685 2.915753
vt 5.774280 3.723991
vt 5.829147 3.723991
vt 5.793510 3.723991
vt 5.790210 2.915753
vt 5.829147 2.915753
vt 5.864782 3.723991
vt 5.868086 2.915753
vt 5.008246 2.915753
vt 5.023306 2.915753
vt 5.086045 3.730786
vt 5.065852 3.730786
vt 5.119254 3.730786
vt 5.104193 3.730786
vt 5.161799 2.915753
vt 5.181993 2.915753
vt 6.159268 3.723991
vt 6.120457 3.723991
vt 6.120457 2.915753
vt 6.162865 2.915753
vt 6.081647 3.723991
vt 6.078050 2.915753
vt 6.217731 2.915753
vt 6.253367 2.915753
vt 6.256670 3.723991
vt 6.217731 3.723991
vt 6.182095 2.915753
vt 6.178795 3.723991
vt 5.575374 3.730786
vt 5.560313 3.730786
vt 5.497574 2.915753
vt 5.517767 2.915753
vt 5.656259 2.915753
vt 5.671319 2.915753
vt 5.613713 3.730786
vt 5.593520 3.730786
vt 6.832439 4.520723
vt 6.802446 4.520723
vt 6.822543 4.318623
vt 6.843004 4.318623
vt 6.832300 4.196640
vt 6.848134 4.196640
vt 6.865685 4.520723
vt 6.865685 4.318623
vt 6.828428 4.097164
vt 6.846098 4.097164
vt 6.865685 4.196640
vt 6.898932 4.520723
vt 6.888366 4.318623
vt 6.865685 4.097164
vt 6.883236 4.196640
vt 6.928924 4.520723
vt 6.908828 4.318623
vt 6.885273 4.097164
vt 6.899070 4.196640
vt 6.902942 4.097164
vt 7.042851 4.097164
vt 7.072844 4.097164
vt 7.052746 4.299265
vt 7.032285 4.299265
vt 7.042991 4.421247
vt 7.027156 4.421247
vt 7.009605 4.097164
vt 7.009605 4.299265
vt 7.046861 4.520723
vt 7.029192 4.520723
vt 7.009605 4.421247
vt 6.976358 4.097164
vt 6.986924 4.299265
vt 7.009605 4.520723
vt 6.992053 4.421247
vt 6.946366 4.097164
vt 6.966462 4.299265
vt 6.990017 4.520723
vt 6.976221 4.421247
vt 6.972348 4.520723
vt 5.263441 5.110338
vt 5.263441 5.143711
vt 5.248113 5.143618
vt 5.248113 5.110289
vt 5.263441 5.073342
vt 5.248113 5.073342
vt 5.263441 5.036345
vt 5.248113 5.036395
vt 5.263441 5.002974
vt 5.248113 5.003067
vt 5.214531 5.036347
vt 5.214531 5.002974
vt 5.229859 5.003067
vt 5.229859 5.036396
vt 5.214531 5.073343
vt 5.229859 5.073343
vt 5.214531 5.110339
vt 5.229859 5.110290
vt 5.214531 5.143713
vt 5.229859 5.143619
vt 6.242525 4.844827
vt 6.242525 4.931285
vt 6.233312 4.931285
vt 6.233312 4.845557
vt 6.242525 5.017743
vt 6.233312 5.017013
vt 6.233312 4.768221
vt 6.242525 4.766831
vt 6.242525 5.095738
vt 6.233312 5.094350
vt 6.208995 5.017742
vt 6.218209 5.017013
vt 6.218209 5.094350
vt 6.208995 5.095737
vt 6.208995 4.931285
vt 6.218209 4.931285
vt 6.208995 4.844827
vt 6.218209 4.845557
vt 6.208995 4.766831
vt 6.218209 4.768220
vt 6.268672 4.848192
vt 6.268672 4.938380
vt 6.257634 4.938380
vt 6.257634 4.849067
vt 6.268672 5.028568
vt 6.257634 5.027694
vt 6.257627 4.768497
vt 6.268672 4.766831
vt 6.268672 5.109929
vt 6.257627 5.108265
vt 6.283774 5.028568
vt 6.294818 5.027694
vt 6.294818 5.108266
vt 6.283774 5.109931
vt 6.283774 4.938381
vt 6.294818 4.938381
vt 6.283774 4.848193
vt 6.294818 4.849067
vt 6.283774 4.766831
vt 6.294818 4.768497
vt 5.330164 5.021730
vt 5.330164 5.058474
vt 5.315275 5.058475
vt 5.315275 5.021777
vt 5.330164 5.095217
vt 5.315275 5.095170
vt 5.315275 4.988675
vt 5.330164 4.988584
vt 5.330164 5.128365
vt 5.315275 5.128274
vt 5.281694 5.095221
vt 5.296586 5.095173
vt 5.296586 5.128277
vt 5.281698 5.128369
vt 5.281694 5.058476
vt 5.296586 5.058476
vt 5.281694 5.021732
vt 5.296586 5.021780
vt 5.281698 4.988584
vt 5.296586 4.988675
vt 5.709453 5.011478
vt 5.709453 5.044975
vt 5.646290 5.044975
vt 5.646290 5.011681
vt 5.709453 5.078471
vt 5.646290 5.078269
vt 5.646290 4.981646
vt 5.709453 4.981260
vt 5.709453 5.108690
vt 5.646290 5.108305
vt 5.727846 5.093336
vt 5.791008 5.093135
vt 5.791008 5.123170
vt 5.727846 5.123555
vt 5.727846 5.059840
vt 5.791008 5.059840
vt 5.727846 5.026343
vt 5.791008 5.026546
vt 5.727846 4.996126
vt 5.791008 4.996511
vt 6.118043 4.987282
vt 6.126454 4.987282
vt 6.126454 5.055807
vt 6.118043 5.055807
vt 6.118043 4.911323
vt 6.126454 4.911323
vt 6.118043 4.835362
vt 6.126454 4.835362
vt 6.118040 4.766832
vt 6.126454 4.766831
vt 6.079418 5.042080
vt 6.071008 5.042080
vt 6.071008 4.976811
vt 6.079418 4.976811
vt 6.071008 4.904459
vt 6.079418 4.904459
vt 6.071008 4.832107
vt 6.079418 4.832106
vt 6.071008 4.766831
vt 6.079422 4.766831
vt 6.102937 4.835353
vt 6.094526 4.835353
vt 6.094526 4.766831
vt 6.102937 4.766831
vt 6.102934 4.911315
vt 6.094523 4.911315
vt 6.102937 4.987277
vt 6.094526 4.987277
vt 6.102937 5.055799
vt 6.094523 5.055799
vt 6.047491 4.766831
vt 6.055902 4.766831
vt 6.055902 4.832099
vt 6.047491 4.832099
vt 6.055905 4.904452
vt 6.047494 4.904452
vt 6.055902 4.976806
vt 6.047491 4.976806
vt 6.055905 5.042074
vt 6.047491 5.042074
vt 3.016327 1.923644
vt 3.181047 1.933224
vt 3.181047 4.823223
vt 3.016327 4.832716
vt 3.260681 1.923644
vt 3.425401 1.933169
vt 3.425401 4.823111
vt 3.260681 4.832726
vt 2.401606 1.881848
vt 0.556967 1.881848
vt 0.556967 -1.355682
vt 2.401606 -1.355682
vt 5.573671 -1.397352
vt 3.729029 -1.397352
vt 3.729029 -4.634936
vt 5.573671 -4.634936
vt -0.954442 1.929850
vt -0.879683 1.929850
vt -0.879683 4.913622
vt -0.954442 4.913622
vt -0.669360 1.929850
vt -0.594607 1.929850
vt -0.594607 4.913652
vt -0.669360 4.913652
vt -4.703242 -4.634936
vt -4.461152 -4.620930
vt -4.461152 -1.394246
vt -4.703259 -1.380269
vt -4.069972 -4.634936
vt -3.827865 -4.620956
vt -3.827865 -1.394330
vt -4.069959 -1.380266
vt -3.274590 -1.338537
vt -2.797880 -1.310998
vt -2.797880 1.626160
vt -3.274590 1.653789
vt -4.356216 -1.338537
vt -3.879506 -1.310898
vt -3.879506 1.626189
vt -4.356216 1.653789
vt -1.214541 1.976803
vt -1.214541 4.866744
vt -4.104516 4.866776
vt -4.104534 1.976777
vt -1.167637 1.929850
vt -1.167627 4.913652
vt -4.151421 4.913626
vt -4.151423 1.929850
vt 5.580648 1.759337
vt 5.703259 1.881935
vt 2.465710 1.881941
vt 2.588310 1.759331
vt 5.580656 -1.232988
vt 5.703259 -1.355649
vt 2.465710 -1.355591
vt 2.588310 -1.232988
vt 2.410059 4.866702
vt 2.456963 4.913652
vt -0.526822 4.913652
vt -0.479933 4.866731
vt 2.410059 1.976761
vt 2.456973 1.929850
vt -0.526820 1.929879
vt -0.479916 1.976731
vt -2.574984 -1.179745
vt -2.574984 1.729329
vt -2.733778 1.888147
vt -2.733777 -1.338537
vt 0.334071 1.729329
vt 0.492866 1.888147
vt 0.334071 -1.179752
vt 0.492866 -1.338479
vt -3.259602 -1.539015
vt -0.322443 -1.539035
vt -0.163691 -1.380240
vt -3.418358 -1.380240
vt -0.322505 -4.476132
vt -0.163691 -4.634936
vt -3.259595 -4.476132
vt -3.418358 -4.634936
vt 2.527619 1.923644
vt 2.692338 1.933175
vt 2.692338 4.823168
vt 2.527619 4.832700
vt 2.771973 1.933175
vt 2.936693 1.923644
vt 2.936693 4.832700
vt 2.771973 4.823155
vt -0.099199 -4.634930
vt 1.745443 -4.634930
vt 1.745443 -1.397391
vt -0.099199 -1.397391
vt 3.659555 -1.397388
vt 1.814915 -1.397388
vt 1.814915 -4.634936
vt 3.659555 -4.634936
vt -1.096983 1.929850
vt -1.022224 1.929850
vt -1.022224 4.913636
vt -1.096983 4.913636
vt -0.737150 4.913652
vt -0.811902 4.913652
vt -0.811902 1.929856
vt -0.737150 1.929856
vt -4.395778 -4.634936
vt -4.153687 -4.620898
vt -4.153687 -1.394253
vt -4.395778 -1.380240
vt -3.744165 -1.394240
vt -3.744165 -4.620892
vt -3.502058 -4.634930
vt -3.502058 -1.380240
vt -3.815404 -1.338530
vt -3.338694 -1.310911
vt -3.338694 1.626189
vt -3.815404 1.653815
vt -4.703259 4.660231
vt -4.703259 1.723111
vt -4.226548 1.695498
vt -4.226548 4.687830
vn -0.921232 0.248488 -0.299308
vn -0.921233 0.248488 -0.299306
vn -0.783620 0.248496 -0.569376
vn -0.783610 0.248496 -0.569390
vn -0.569333 0.248456 -0.783664
vn -0.569360 0.248455 -0.783645
vn -0.299351 0.248513 -0.921212
vn -0.299335 0.248513 -0.921217
vn 0.000000 0.248579 -0.968612
vn -0.000000 0.248579 -0.968612
vn 0.299362 0.248528 -0.921204
vn 0.299346 0.248528 -0.921209
vn 0.569337 0.248444 -0.783665
vn 0.569344 0.248444 -0.783660
vn 0.783636 0.248426 -0.569385
vn 0.783636 0.248426 -0.569385
vn 0.921241 0.248420 -0.299335
vn 0.921248 0.248420 -0.299317
vn 0.968653 0.248417 -0.000002
vn 0.968653 0.248417 0.000002
vn 0.921248 0.248376 0.299353
vn 0.921262 0.248376 0.299308
vn 0.783646 0.248320 0.569418
vn 0.783669 0.248320 0.569386
vn 0.569364 0.248338 0.783679
vn 0.569382 0.248338 0.783666
vn 0.299330 0.248335 0.921266
vn 0.299328 0.248335 0.921267
vn 0.000000 0.248283 0.968688
vn -0.000000 0.248283 0.968688
vn -0.299333 0.248338 0.921265
vn -0.299325 0.248338 0.921267
vn -0.569361 0.248379 0.783668
vn -0.569382 0.248379 0.783653
vn -0.783631 0.248382 0.569410
vn -0.783644 0.248382 0.569393
vn -0.921245 0.248405 0.299336
vn -0.921259 0.248405 0.299295
vn -0.968647 0.248440 0.000007
vn -0.968647 0.248440 0.000003
vn 0.000023 1.000000 -0.000019
vn 0.000004 1.000000 0.000004
vn 0.000000 1.000000 -0.000001
vn -0.000011 1.000000 0.000028
vn 0.000005 1.000000 0.000014
vn -0.000000 1.000000 0.000014
vn 0.000019 1.000000 0.000023
vn 0.000041 1.000000 0.000033
vn -0.000002 1.000000 -0.000032
vn -0.000023 1.000000 -0.000019
vn 0.000000 1.000000 0.000029
vn 0.000000 1.000000 -0.000001
vn 0.000000 1.000000 -0.000001
vn 0.000000 1.000000 0.000000
vn 0.000024 1.000000 -0.000009
vn -0.000000 1.000000 -0.000018
vn -0.000024 1.000000 -0.000010
vn 0.000000 1.000000 0.000000
vn 0.000000 1.000000 -0.000000
vn 0.000008 1.000000 0.000024
vn 0.000016 1.000000 0.000029
vn 0.000000 1.000000 0.000001
vn 0.000000 1.000000 0.000001
vn 0.000000 1.000000 -0.000000
vn 0.000000 1.000000 0.000002
vn 0.000000 1.000000 -0.000001
vn 0.000000 1.000000 0.000004
vn 0.000000 1.000000 -0.000005
vn 0.000000 1.000000 0.000001
vn 0.000000 1.000000 -0.000003
vn 0.000000 1.000000 -0.000003
vn 0.000000 1.000000 -0.000005
vn 0.000000 1.000000 0.000001
vn 0.000000 1.000000 -0.000001
vn 0.000000 1.000000 0.000004
vn 0.000000 1.000000 -0.000001
vn 0.000000 1.000000 0.000000
vn 0.000000 1.000000 0.000002
vn 0.000000 1.000000 0.000001
vn 0.000000 1.000000 0.000001
vn 0.000000 1.000000 0.000001
vn 0.000000 1.000000 0.000000
vn 0.000000 1.000000 0.000000
vn 0.000000 1.000000 0.000000
vn 0.000000 1.000000 0.000000
vn 0.000000 1.000000 0.000003
vn 0.000000 1.000000 0.000004
vn 0.000000 1.000000 0.000003
vn 0.000000 1.000000 0.000004
vn 0.000000 1.000000 -0.000000
vn 0.000000 1.000000 -0.000000
vn 0.000000 1.000000 0.000001
vn 0.000000 1.000000 -0.000004
vn 0.000000 1.000000 0.000001
vn 0.000000 1.000000 -0.000004
vn 0.000000 1.000000 0.000000
vn 0.000000 1.000000 -0.000002
vn 0.000000 1.000000 -0.000001
vn 0.000000 1.000000 -0.000001
vn 0.000000 1.000000 -0.000000
vn 0.000000 1.000000 -0.000000
vn 0.059991 0.998199 -0.000239
vn 0.023978 0.999641 0.011924
vn 0.012015 0.999637 0.024121
vn 0.002082 0.998513 0.054469
vn 0.000000 1.000000 0.000000
vn 0.000000 1.000000 0.000000
vn 0.000000 1.000000 0.000000
vn 0.000000 1.000000 0.000000
vn 0.000000 1.000000 0.000000
vn 0.000000 1.000000 0.000000
vn -0.002077 0.998513 0.054474
vn -0.012017 0.999637 0.024120
vn -0.023982 0.999641 0.011925
vn -0.059993 0.998199 -0.000240
vn 0.000000 1.000000 0.000000
vn 0.000000 1.000000 0.000000
vn 0.000000 1.000000 0.000000
vn 0.000000 1.000000 0.000000
vn 0.000000 1.000000 0.000000
vn 0.000000 1.000000 0.000000
vn -0.059991 0.998199 0.000240
vn -0.023980 0.999641 -0.011925
vn -0.012017 0.999637 -0.024126
vn -0.002076 0.998513 -0.054474
vn 0.000000 1.000000 0.000000
vn 0.000000 1.000000 0.000000
vn 0.000000 1.000000 0.000000
vn 0.000000 1.000000 0.000000
vn 0.000000 1.000000 0.000000
vn 0.000000 1.000000 0.000000
vn 0.002076 0.998513 -0.054479
vn 0.012017 0.999637 -0.024120
vn 0.023979 0.999641 -0.011925
vn 0.059990 0.998199 0.000238
vn 0.000000 1.000000 0.000000
vn 0.000000 1.000000 0.000000
vn 0.000000 1.000000 -0.000001
vn 0.000000 1.000000 -0.000001
vn 0.000000 1.000000 -0.000003
vn 0.000000 1.000000 -0.000003
vn 0.066168 0.997807 -0.001807
vn 0.041944 0.999044 0.012295
vn 0.013376 0.999088 0.040544
vn 0.001032 0.998159 0.060652
vn 0.000001 0.997448 0.071391
vn 0.000001 0.997448 0.071391
vn -0.001026 0.998159 0.060651
vn -0.013376 0.999088 0.040539
vn -0.041943 0.999044 0.012294
vn -0.066169 0.997807 -0.001808
vn -0.081279 0.996691 -0.000002
vn -0.081279 0.996691 -0.000002
vn -0.066167 0.997807 0.001807
vn -0.041946 0.999044 -0.012293
vn -0.013376 0.999088 -0.040541
vn -0.001027 0.998158 -0.060653
vn 0.000004 0.997448 -0.071403
vn 0.000003 0.997448 -0.071403
vn 0.001026 0.998158 -0.060661
vn 0.013376 0.999088 -0.040543
vn 0.041946 0.999044 -0.012294
vn 0.066171 0.997807 0.001804
vn 0.081274 0.996692 0.000001
vn 0.081274 0.996692 0.000001
vn -0.801554 0.538228 -0.260429
vn -0.801556 0.538227 -0.260420
vn -0.681800 0.538267 -0.495397
vn -0.681777 0.538267 -0.495428
vn -0.495329 0.538277 -0.681840
vn -0.495331 0.538277 -0.681839
vn -0.260495 0.538269 -0.801504
vn -0.260482 0.538269 -0.801508
vn -0.000005 0.538303 -0.842751
vn -0.000005 0.538303 -0.842751
vn 0.260462 0.538257 -0.801523
vn 0.260453 0.538257 -0.801526
vn 0.495334 0.538261 -0.681849
vn 0.495355 0.538261 -0.681834
vn 0.681809 0.538289 -0.495361
vn 0.681786 0.538289 -0.495391
vn 0.801497 0.538293 -0.260468
vn 0.801501 0.538293 -0.260457
vn 0.842798 0.538231 -0.000002
vn 0.842798 0.538231 -0.000004
vn 0.801542 0.538221 0.260478
vn 0.801546 0.538221 0.260465
vn 0.681881 0.538230 0.495325
vn 0.681870 0.538230 0.495341
vn 0.495410 0.538211 0.681834
vn 0.495430 0.538211 0.681820
vn 0.260431 0.538243 0.801543
vn 0.260426 0.538243 0.801544
vn -0.000011 0.538306 0.842749
vn -0.000009 0.538306 0.842749
vn -0.260493 0.538285 0.801494
vn -0.260491 0.538285 0.801494
vn -0.495390 0.538264 0.681807
vn -0.495375 0.538264 0.681818
vn -0.681825 0.538230 0.495402
vn -0.681835 0.538230 0.495389
vn -0.801569 0.538206 0.260426
vn -0.801572 0.538206 0.260418
vn -0.842822 0.538193 -0.000010
vn -0.842822 0.538193 -0.000015
vn -0.944397 -0.118094 -0.306868
vn -0.944406 -0.118094 -0.306841
vn -0.803361 -0.118121 -0.583660
vn -0.803368 -0.118121 -0.583650
vn -0.583604 -0.118145 -0.803398
vn -0.583605 -0.118145 -0.803397
vn -0.306938 -0.118137 -0.944369
vn -0.306944 -0.118137 -0.944367
vn 0.000000 -0.118166 -0.992994
vn 0.000000 -0.118166 -0.992994
vn 0.306914 -0.118128 -0.944378
vn 0.306911 -0.118128 -0.944379
vn 0.583651 -0.118117 -0.803368
vn 0.583645 -0.118117 -0.803372
vn 0.803394 -0.118104 -0.583617
vn 0.803395 -0.118104 -0.583616
vn 0.944391 -0.118093 -0.306887
vn 0.944380 -0.118093 -0.306920
vn 0.993002 -0.118096 -0.000031
vn 0.993002 -0.118096 -0.000030
vn 0.944394 -0.118119 0.306867
vn 0.944393 -0.118119 0.306873
vn 0.803400 -0.118142 0.583602
vn 0.803406 -0.118142 0.583593
vn 0.583659 -0.118113 0.803362
vn 0.583653 -0.118113 0.803367
vn 0.306815 -0.118089 0.944415
vn 0.306809 -0.118089 0.944417
vn 0.000000 -0.118113 0.993000
vn -0.000000 -0.118113 0.993000
vn -0.306891 -0.118126 0.944385
vn -0.306886 -0.118126 0.944387
vn -0.583621 -0.118165 0.803382
vn -0.583629 -0.118165 0.803377
vn -0.803346 -0.118149 0.583674
vn -0.803356 -0.118149 0.583661
vn -0.944398 -0.118115 0.306857
vn -0.944401 -0.118115 0.306848
vn -0.993001 -0.118106 0.000002
vn -0.993001 -0.118106 0.000002
vn -0.678817 -0.700376 -0.220638
vn -0.678825 -0.700376 -0.220612
vn -0.577439 -0.700421 -0.419493
vn -0.577448 -0.700421 -0.419481
vn -0.419610 -0.700458 -0.577309
vn -0.419657 -0.700458 -0.577276
vn -0.220502 -0.700432 -0.678803
vn -0.220489 -0.700432 -0.678808
vn 0.000036 -0.700374 -0.713776
vn 0.000042 -0.700374 -0.713776
vn 0.220423 -0.700413 -0.678848
vn 0.220407 -0.700413 -0.678853
vn 0.419563 -0.700422 -0.577388
vn 0.419577 -0.700422 -0.577377
vn 0.577482 -0.700385 -0.419494
vn 0.577495 -0.700385 -0.419477
vn 0.678849 -0.700366 -0.220572
vn 0.678837 -0.700366 -0.220608
vn 0.713775 -0.700375 -0.000002
vn 0.713775 -0.700375 -0.000002
vn 0.678843 -0.700373 0.220567
vn 0.678836 -0.700373 0.220589
vn 0.577415 -0.700385 0.419586
vn 0.577409 -0.700385 0.419594
vn 0.419544 -0.700425 0.577398
vn 0.419562 -0.700425 0.577385
vn 0.220597 -0.700470 0.678734
vn 0.220615 -0.700470 0.678728
vn -0.000043 -0.700495 0.713658
vn -0.000049 -0.700495 0.713658
vn -0.220587 -0.700495 0.678711
vn -0.220608 -0.700495 0.678704
vn -0.419473 -0.700454 0.577414
vn -0.419483 -0.700454 0.577407
vn -0.577392 -0.700444 0.419519
vn -0.577395 -0.700444 0.419515
vn -0.678803 -0.700414 0.220561
vn -0.678819 -0.700414 0.220512
vn -0.713759 -0.700391 0.000003
vn -0.713759 -0.700391 -0.000016
vn -0.390232 -0.911943 -0.126802
vn -0.517057 -0.839298 -0.168020
vn -0.439828 -0.839305 -0.319561
vn -0.331987 -0.911934 -0.241167
vn -0.319597 -0.839288 -0.439834
vn -0.241225 -0.911933 -0.331948
vn -0.167983 -0.839279 -0.517099
vn -0.126763 -0.911936 -0.390262
vn 0.000006 -0.839283 -0.543695
vn 0.000014 -0.911936 -0.410333
vn 0.167962 -0.839301 -0.517071
vn 0.126765 -0.911928 -0.390280
vn 0.319547 -0.839302 -0.439843
vn 0.241172 -0.911935 -0.331981
vn 0.439817 -0.839324 -0.319525
vn 0.331963 -0.911950 -0.241139
vn 0.517042 -0.839313 -0.167995
vn 0.390236 -0.911946 -0.126766
vn 0.543645 -0.839315 -0.000010
vn 0.410326 -0.911939 0.000002
vn 0.517030 -0.839320 0.167993
vn 0.390252 -0.911934 0.126808
vn 0.439806 -0.839320 0.319550
vn 0.331974 -0.911931 0.241197
vn 0.319564 -0.839323 0.439791
vn 0.241231 -0.911927 0.331960
vn 0.167996 -0.839304 0.517055
vn 0.126823 -0.911928 0.390261
vn -0.000018 -0.839306 0.543660
vn -0.000016 -0.911911 0.410388
vn -0.167990 -0.839311 0.517047
vn -0.126824 -0.911919 0.390281
vn -0.319560 -0.839317 0.439805
vn -0.241213 -0.911921 0.331989
vn -0.439811 -0.839310 0.319569
vn -0.331966 -0.911927 0.241220
vn -0.517051 -0.839306 0.168002
vn -0.390255 -0.911934 0.126798
vn -0.543672 -0.839298 -0.000001
vn -0.410326 -0.911939 0.000006
vn -0.767334 -0.590798 -0.249312
vn -0.652705 -0.590841 -0.474218
vn -0.474233 -0.590821 -0.652712
vn -0.249285 -0.590789 -0.767349
vn -0.000004 -0.590789 -0.806826
vn 0.249287 -0.590792 -0.767346
vn 0.474220 -0.590804 -0.652738
vn 0.652716 -0.590840 -0.474206
vn 0.767329 -0.590814 -0.249290
vn 0.806805 -0.590818 -0.000014
vn 0.767306 -0.590840 0.249299
vn 0.652691 -0.590860 0.474214
vn 0.474214 -0.590857 0.652694
vn 0.249298 -0.590856 0.767294
vn -0.000007 -0.590849 0.806782
vn -0.249295 -0.590865 0.767288
vn -0.474211 -0.590859 0.652694
vn -0.652692 -0.590855 0.474219
vn -0.767313 -0.590836 0.249287
vn -0.806810 -0.590812 -0.000019
vn -0.837983 -0.472940 -0.272236
vn -0.712787 -0.472988 -0.517897
vn -0.517869 -0.472976 -0.712815
vn -0.272226 -0.472942 -0.837985
vn -0.000007 -0.472926 -0.881102
vn 0.272244 -0.472910 -0.837997
vn 0.517892 -0.472913 -0.712840
vn 0.712798 -0.472971 -0.517896
vn 0.837966 -0.472951 -0.272269
vn 0.881099 -0.472933 -0.000027
vn 0.837966 -0.472951 0.272271
vn 0.712794 -0.472970 0.517903
vn 0.517893 -0.472966 0.712804
vn 0.272262 -0.472980 0.837952
vn 0.000000 -0.472972 0.881078
vn -0.272253 -0.472973 0.837959
vn -0.517884 -0.472971 0.712807
vn -0.712792 -0.472993 0.517885
vn -0.837968 -0.472966 0.272237
vn -0.881100 -0.472931 -0.000003
vn -0.951070 -0.000005 -0.308975
vn -0.951072 -0.000005 -0.308970
vn -0.809036 0.000005 -0.587759
vn -0.809015 0.000005 -0.587788
vn -0.587753 0.000010 -0.809040
vn -0.587757 0.000010 -0.809037
vn -0.308962 0.000000 -0.951074
vn -0.308962 0.000000 -0.951074
vn -0.000006 0.000000 -1.000000
vn -0.000006 0.000000 -1.000000
vn 0.308986 -0.000079 -0.951067
vn 0.308991 -0.000079 -0.951065
vn 0.587738 -0.000132 -0.809051
vn 0.587768 -0.000132 -0.809029
vn 0.809015 -0.000049 -0.587789
vn 0.808996 -0.000049 -0.587814
vn 0.951068 0.000004 -0.308981
vn 0.951068 0.000004 -0.308984
vn 1.000000 0.000000 -0.000017
vn 1.000000 0.000000 -0.000012
vn 0.951062 0.000000 0.309002
vn 0.951062 0.000000 0.309002
vn 0.809011 -0.000018 0.587793
vn 0.809010 -0.000018 0.587795
vn 0.587783 -0.000052 0.809019
vn 0.587801 -0.000052 0.809005
vn 0.309013 -0.000040 0.951058
vn 0.309021 -0.000040 0.951055
vn -0.000003 -0.000006 1.000000
vn -0.000003 -0.000006 1.000000
vn -0.309028 0.000000 0.951053
vn -0.309033 0.000000 0.951051
vn -0.587771 0.000014 0.809027
vn -0.587769 0.000014 0.809029
vn -0.809011 0.000033 0.587793
vn -0.809019 0.000033 0.587783
vn -0.951064 0.000018 0.308995
vn -0.951062 0.000018 0.309000
vn -1.000000 0.000000 -0.000008
vn -1.000000 0.000000 -0.000000
vn -0.000010 -1.000000 0.000022
vn -0.000010 -1.000000 0.000022
vn 0.000006 -1.000000 0.000008
vn 0.000006 -1.000000 0.000008
vn 0.000016 -1.000000 -0.000013
vn 0.000016 -1.000000 -0.000013
vn 0.000000 -1.000000 -0.000003
vn 0.000000 -1.000000 -0.000003
vn 0.000000 -1.000000 -0.000006
vn 0.000000 -1.000000 -0.000006
vn -0.000020 -1.000000 -0.000013
vn -0.000020 -1.000000 -0.000013
vn -0.000037 -1.000000 -0.000026
vn -0.000037 -1.000000 -0.000026
vn 0.000004 -1.000000 0.000024
vn 0.000004 -1.000000 0.000024
vn 0.000017 -1.000000 0.000018
vn 0.000017 -1.000000 0.000018
vn -0.000003 -1.000000 -0.000022
vn -0.000003 -1.000000 -0.000022
vn 0.000000 -1.000000 0.000000
vn 0.000000 -1.000000 0.000000
vn 0.000017 -1.000000 -0.000019
vn 0.000017 -1.000000 -0.000019
vn 0.000017 -1.000000 -0.000019
vn 0.000017 -1.000000 -0.000019
vn -0.000046 -1.000000 0.000006
vn -0.000046 -1.000000 0.000006
vn 0.000000 -1.000000 0.000019
vn 0.000000 -1.000000 0.000019
vn 0.000024 -1.000000 -0.000000
vn 0.000024 -1.000000 0.000000
vn -0.000021 -1.000000 -0.000013
vn -0.000021 -1.000000 -0.000013
vn 0.000011 -1.000000 0.000022
vn 0.000011 -1.000000 0.000022
vn 0.000004 -1.000000 -0.000024
vn 0.000004 -1.000000 -0.000024
vn -0.000007 -1.000000 -0.000046
vn -0.000007 -1.000000 -0.000046
vn -0.951055 0.000007 -0.309022
vn -0.951059 0.000007 -0.309010
vn -0.809031 0.000005 -0.587765
vn -0.809031 0.000005 -0.587766
vn -0.587781 0.000000 -0.809020
vn -0.587784 0.000000 -0.809018
vn -0.309030 -0.000168 -0.951052
vn -0.309030 -0.000168 -0.951052
vn -0.000081 -0.000329 -1.000000
vn -0.000081 -0.000329 -1.000000
vn 0.309000 -0.000296 -0.951062
vn 0.309034 -0.000296 -0.951051
vn 0.587790 -0.000266 -0.809013
vn 0.587840 -0.000266 -0.808977
vn 0.809059 -0.000131 -0.587727
vn 0.809057 -0.000131 -0.587730
vn 0.951060 0.000000 -0.309006
vn 0.951059 0.000000 -0.309008
vn 1.000000 0.000000 -0.000029
vn 1.000000 0.000000 -0.000025
vn 0.951062 0.000000 0.309001
vn 0.951062 0.000000 0.309001
vn 0.809045 -0.000030 0.587746
vn 0.809044 -0.000030 0.587748
vn 0.587754 -0.000061 0.809040
vn 0.587730 -0.000061 0.809057
vn 0.308987 -0.000035 0.951066
vn 0.308975 -0.000035 0.951070
vn 0.000081 -0.000004 1.000000
vn 0.000081 -0.000004 1.000000
vn -0.308965 0.000000 0.951073
vn -0.308969 0.000000 0.951072
vn -0.587812 0.000000 0.808998
vn -0.587810 0.000000 0.808999
vn -0.809037 0.000000 0.587758
vn -0.809038 0.000000 0.587756
vn -0.951056 0.000000 0.309020
vn -0.951054 0.000000 0.309024
vn -1.000000 0.000001 -0.000009
vn -1.000000 0.000001 -0.000003
vn 0.000009 1.000000 -0.000013
vn 0.000009 1.000000 -0.000013
vn -0.000005 1.000000 -0.000000
vn -0.000005 1.000000 0.000000
vn -0.000015 1.000000 0.000018
vn -0.000015 1.000000 0.000018
vn 0.000000 1.000000 0.000000
vn 0.000000 1.000000 0.000000
vn 0.000000 1.000000 0.000018
vn 0.000000 1.000000 0.000018
vn 0.000019 1.000000 0.000018
vn 0.000019 1.000000 0.000018
vn 0.000019 1.000000 0.000000
vn 0.000019 1.000000 0.000000
vn -0.000009 1.000000 -0.000027
vn -0.000009 1.000000 -0.000027
vn -0.000006 1.000000 -0.000009
vn -0.000006 1.000000 -0.000009
vn 0.000003 1.000000 0.000022
vn 0.000003 1.000000 0.000022
vn 0.000000 1.000000 0.000004
vn 0.000000 1.000000 0.000005
vn 0.000000 1.000000 -0.000018
vn 0.000000 1.000000 -0.000018
vn 0.000000 1.000000 -0.000000
vn 0.000000 1.000000 0.000000
vn 0.000021 1.000000 0.000018
vn 0.000021 1.000000 0.000018
vn -0.000000 1.000000 -0.000054
vn -0.000000 1.000000 -0.000054
vn -0.000021 1.000000 -0.000054
vn -0.000021 1.000000 -0.000054
vn 0.000000 1.000000 0.000018
vn 0.000000 1.000000 0.000018
vn 0.000000 1.000000 0.000027
vn 0.000000 1.000000 0.000027
vn 0.000003 1.000000 0.000031
vn 0.000003 1.000000 0.000031
vn 0.000003 1.000000 0.000027
vn 0.000003 1.000000 0.000027
vn 0.951063 0.000007 0.308998
vn 0.653689 0.726349 0.212386
vn 0.556065 0.726317 0.404048
vn 0.808975 0.000004 0.587843
vn 0.404055 0.726306 0.556075
vn 0.587834 0.000000 0.808981
vn 0.212446 0.726299 0.653725
vn 0.309062 0.000203 0.951042
vn -0.000076 0.726305 0.687373
vn -0.000118 0.000405 1.000000
vn -0.212428 0.726307 0.653722
vn -0.309038 0.000203 0.951050
vn -0.403931 0.726351 0.556107
vn -0.587679 0.000000 0.809094
vn -0.556069 0.726329 0.404022
vn -0.809007 0.000000 0.587800
vn -0.653715 0.726327 0.212379
vn -0.951063 0.000000 0.308996
vn -0.687341 0.726335 0.000009
vn -1.000000 0.000000 0.000014
vn -0.653692 0.726349 -0.212377
vn -0.951065 0.000000 -0.308991
vn -0.556053 0.726394 -0.403928
vn -0.809071 0.000000 -0.587711
vn -0.403916 0.726417 -0.556032
vn -0.587722 0.000000 -0.809063
vn -0.212272 0.726434 -0.653631
vn -0.308871 0.000000 -0.951104
vn -0.000027 0.726393 -0.687280
vn -0.000041 0.000000 -1.000000
vn 0.212417 0.726360 -0.653666
vn 0.309062 0.000000 -0.951042
vn 0.403976 0.726365 -0.556055
vn 0.587764 0.000000 -0.809033
vn 0.556049 0.726338 -0.404033
vn 0.808985 0.000000 -0.587830
vn 0.653674 0.726366 -0.212375
vn 0.951063 0.000000 -0.308997
vn 0.687324 0.726351 0.000020
vn 1.000000 0.000004 0.000024
vn -0.271393 -0.074558 -0.959576
vn -0.271393 -0.074558 -0.959576
vn -0.000035 -0.077467 -0.996995
vn -0.000036 -0.077467 -0.996995
vn 0.000006 0.071154 0.997465
vn 0.000006 0.071154 0.997465
vn 0.271597 0.068479 0.959972
vn 0.271597 0.068479 0.959972
vn -0.983819 0.008696 0.178953
vn -0.983819 0.008696 0.178953
vn -0.983819 0.008696 0.178953
vn -0.983819 0.008696 0.178953
vn 0.271340 -0.074562 -0.959591
vn 0.271340 -0.074562 -0.959591
vn 0.983831 0.008693 0.178886
vn 0.983831 0.008693 0.178886
vn 0.983831 0.008693 0.178886
vn 0.983831 0.008693 0.178886
vn -0.271592 0.068480 0.959973
vn -0.271592 0.068480 0.959973
vn 0.976235 -0.080872 -0.201061
vn 0.976235 -0.080872 -0.201061
vn 0.996586 -0.082558 -0.000017
vn 0.996586 -0.082558 -0.000018
vn -0.997120 0.075845 -0.000000
vn -0.997120 0.075844 0.000000
vn -0.976737 0.074294 0.201161
vn -0.976737 0.074294 0.201161
vn -0.242394 -0.017171 -0.970026
vn -0.242394 -0.017171 -0.970026
vn -0.242394 -0.017171 -0.970026
vn -0.242395 -0.017171 -0.970026
vn 0.976246 -0.080873 0.201008
vn 0.976246 -0.080873 0.201008
vn -0.242695 -0.017159 0.969951
vn -0.242695 -0.017159 0.969951
vn -0.242695 -0.017159 0.969951
vn -0.242695 -0.017159 0.969951
vn -0.976736 0.074295 -0.201166
vn -0.976736 0.074295 -0.201166
vn 0.271682 -0.074551 0.959495
vn 0.271682 -0.074551 0.959495
vn 0.000029 -0.077466 0.996995
vn 0.000030 -0.077466 0.996995
vn 0.000040 0.071162 -0.997465
vn 0.000039 0.071162 -0.997465
vn -0.271416 0.068489 -0.960022
vn -0.271416 0.068489 -0.960022
vn 0.983834 0.008692 -0.178873
vn 0.983834 0.008692 -0.178873
vn 0.983834 0.008692 -0.178873
vn 0.983834 0.008692 -0.178873
vn -0.271612 -0.074556 0.959515
vn -0.271612 -0.074556 0.959515
vn -0.983817 0.008699 -0.178963
vn -0.983817 0.008699 -0.178963
vn -0.983817 0.008699 -0.178963
vn -0.983817 0.008699 -0.178963
vn 0.271486 0.068491 -0.960002
vn 0.271486 0.068491 -0.960002
vn -0.976243 -0.080870 0.201022
vn -0.976243 -0.080870 0.201022
vn -0.996587 -0.082555 0.000000
vn -0.996587 -0.082555 0.000000
vn 0.997120 0.075842 -0.000011
vn 0.997120 0.075842 -0.000010
vn 0.976735 0.074293 -0.201171
vn 0.976735 0.074293 -0.201171
vn 0.242565 -0.017167 0.969983
vn 0.242565 -0.017167 0.969983
vn 0.242565 -0.017167 0.969983
vn 0.242565 -0.017167 0.969983
vn -0.976239 -0.080869 -0.201042
vn -0.976239 -0.080869 -0.201042
vn 0.242340 -0.017177 -0.970039
vn 0.242340 -0.017177 -0.970039
vn 0.242340 -0.017177 -0.970039
vn 0.242340 -0.017177 -0.970039
vn 0.976739 0.074292 0.201151
vn 0.976739 0.074292 0.201151
vn 0.000004 0.058172 0.998307
vn 0.000004 0.058172 0.998307
vn 0.000004 0.058172 0.998307
vn 0.000004 0.058172 0.998307
vn 0.000000 1.000000 0.000000
vn 0.000000 1.000000 0.000000
vn 0.000000 1.000000 -0.000000
vn 0.000000 1.000000 -0.000000
vn 0.000005 0.057619 -0.998339
vn 0.000005 0.057619 -0.998339
vn 0.000005 0.057619 -0.998339
vn 0.000005 0.057619 -0.998339
vn -0.998327 0.057820 -0.000003
vn -0.998327 0.057820 -0.000003
vn -0.998327 0.057820 -0.000003
vn -0.998327 0.057820 -0.000003
vn 0.998330 0.057767 0.000000
vn 0.998330 0.057767 0.000000
vn 0.998330 0.057767 0.000000
vn 0.998330 0.057767 0.000000
vn 0.000001 0.000000 -1.000000
vn 0.000001 0.000000 -1.000000
vn 0.000001 0.000000 -1.000000
vn 0.000001 0.000000 -1.000000
vn -1.000000 0.000000 0.000000
vn -1.000000 0.000000 0.000000
vn -1.000000 0.000000 0.000000
vn -1.000000 0.000000 0.000000
vn -0.000019 0.000000 1.000000
vn -0.000019 0.000000 1.000000
vn -0.000019 0.000000 1.000000
vn -0.000019 0.000000 1.000000
vn 1.000000 0.000000 0.000000
vn 1.000000 0.000000 0.000000
vn 1.000000 0.000000 0.000000
vn 1.000000 0.000000 0.000000
vn 0.000000 1.000000 -0.000000
vn 0.000000 1.000000 -0.000000
vn 0.000000 1.000000 -0.000000
vn 0.000000 1.000000 -0.000000
vn 0.000000 1.000000 -0.000000
vn 0.000000 1.000000 -0.000000
vn 0.000000 1.000000 -0.000000
vn 0.000000 1.000000 -0.000000
vn 0.000000 0.000000 1.000000
vn 0.000000 0.000000 1.000000
vn 0.000000 0.000000 1.000000
vn 0.000000 0.000000 1.000000
vn -1.000000 0.000000 -0.000000
vn -1.000000 0.000000 -0.000000
vn -1.000000 0.000000 -0.000000
vn -1.000000 0.000000 -0.000000
vn -0.000010 0.000000 -1.000000
vn -0.000010 0.000000 -1.000000
vn -0.000010 0.000000 -1.000000
vn -0.000010 0.000000 -1.000000
vn 1.000000 0.000000 0.000003
vn 1.000000 0.000000 0.000003
vn 1.000000 0.000000 0.000003
vn 1.000000 0.000000 0.000003
vn 0.000000 -1.000000 -0.000011
vn 0.000000 -1.000000 -0.000011
vn 0.000000 -1.000000 -0.000011
vn 0.000000 -1.000000 -0.000011
vn 0.000000 1.000000 -0.000000
vn 0.000000 1.000000 0.000000
vn 0.000000 -1.000000 -0.000011
vn 0.000000 -1.000000 -0.000011
vn 0.000000 1.000000 -0.000000
vn 0.000000 -1.000000 -0.000011
vn 0.000000 -1.000000 -0.000011
vn 0.000000 1.000000 0.000000
vn -0.304718 0.166799 0.937723
vn -0.305181 0.157373 0.939201
vn -0.580576 0.157364 0.798854
vn -0.579659 0.166791 0.797607
vn -0.000000 0.166803 0.985990
vn 0.000021 0.157375 0.987539
vn 0.304736 0.166799 0.937717
vn 0.305215 0.157382 0.939189
vn 0.579576 0.166793 0.797667
vn 0.580473 0.157371 0.798927
vn 0.797654 0.166803 0.579590
vn 0.798897 0.157373 0.580514
vn 0.937743 0.166803 0.304656
vn 0.939217 0.157372 0.305132
vn 0.985990 0.166803 -0.000032
vn 0.987539 0.157372 -0.000035
vn 0.937719 0.166801 -0.304730
vn 0.939194 0.157367 -0.305204
vn 0.797715 0.166785 -0.579511
vn 0.798985 0.157351 -0.580400
vn 0.579652 0.166781 -0.797614
vn 0.580541 0.157356 -0.798881
vn 0.304737 0.166785 -0.937720
vn 0.305159 0.157366 -0.939209
vn -0.000002 0.166807 -0.985990
vn -0.000020 0.157388 -0.987537
vn -0.304731 0.166812 -0.937717
vn -0.305158 0.157379 -0.939207
vn -0.579652 0.166792 -0.797611
vn -0.580536 0.157365 -0.798883
vn -0.797705 0.166782 -0.579526
vn -0.798989 0.157358 -0.580392
vn -0.937723 0.166795 -0.304722
vn -0.939198 0.157376 -0.305190
vn -0.985992 0.166795 -0.000000
vn -0.987539 0.157377 0.000000
vn -0.937718 0.166801 0.304734
vn -0.939197 0.157373 0.305192
vn -0.797697 0.166795 0.579534
vn -0.798949 0.157364 0.580445
vn -0.309002 0.010465 0.951004
vn -0.308993 0.010465 0.951007
vn -0.587752 0.010589 0.808972
vn -0.587685 0.010589 0.809021
vn 0.000006 0.010359 0.999946
vn 0.000006 0.010359 0.999946
vn 0.308997 0.010437 0.951006
vn 0.308972 0.010437 0.951014
vn 0.587675 0.010558 0.809028
vn 0.587710 0.010558 0.809003
vn 0.808970 0.010554 0.587755
vn 0.808982 0.010554 0.587739
vn 0.951020 0.010481 0.308951
vn 0.951013 0.010481 0.308974
vn 0.999945 0.010462 -0.000032
vn 0.999945 0.010462 -0.000021
vn 0.951024 0.010514 -0.308937
vn 0.950994 0.010514 -0.309029
vn 0.808971 0.010674 -0.587752
vn 0.809055 0.010673 -0.587636
vn 0.587682 0.010740 -0.809021
vn 0.587687 0.010740 -0.809017
vn 0.309057 0.010756 -0.950983
vn 0.309104 0.010756 -0.950967
vn 0.000006 0.010789 -0.999942
vn 0.000006 0.010789 -0.999942
vn -0.308986 0.010906 -0.951004
vn -0.309028 0.010906 -0.950990
vn -0.587654 0.010748 -0.809041
vn -0.587730 0.010748 -0.808986
vn -0.809044 0.010397 -0.587656
vn -0.808975 0.010397 -0.587751
vn -0.951008 0.010341 -0.308994
vn -0.951028 0.010341 -0.308933
vn -0.999947 0.010331 0.000000
vn -0.999947 0.010331 -0.000000
vn -0.951025 0.010330 0.308943
vn -0.951019 0.010330 0.308960
vn -0.809009 0.010467 0.587703
vn -0.808986 0.010467 0.587735
vn -0.308641 0.049509 0.949889
vn -0.587137 0.049498 0.807973
vn 0.000043 0.049492 0.998775
vn 0.308720 0.049494 0.949864
vn 0.587029 0.049492 0.808052
vn 0.807929 0.049483 0.587199
vn 0.949901 0.049467 0.308612
vn 0.998776 0.049456 -0.000032
vn 0.949883 0.049459 -0.308669
vn 0.808084 0.049469 -0.586987
vn 0.587108 0.049478 -0.807995
vn 0.308431 0.049488 -0.949959
vn -0.000002 0.049492 -0.998775
vn -0.308500 0.049476 -0.949937
vn -0.587140 0.049494 -0.807971
vn -0.808108 0.049503 -0.586950
vn -0.949888 0.049484 -0.308648
vn -0.998775 0.049475 -0.000006
vn -0.949891 0.049468 0.308643
vn -0.808024 0.049476 0.587069
vn -0.308387 -0.065981 0.948970
vn -0.586510 -0.066006 0.807248
vn 0.000001 -0.066014 0.997819
vn 0.308456 -0.066053 0.948942
vn 0.586443 -0.066045 0.807294
vn 0.807135 -0.066047 0.586661
vn 0.948983 -0.066065 0.308329
vn 0.997815 -0.066075 -0.000019
vn 0.948970 -0.066069 -0.308367
vn 0.807289 -0.066040 -0.586450
vn 0.586562 -0.066037 -0.807208
vn 0.308061 -0.066051 -0.949071
vn 0.000077 -0.066056 -0.997816
vn -0.308216 -0.066046 -0.949021
vn -0.586684 -0.065986 -0.807123
vn -0.807308 -0.066015 -0.586427
vn -0.948962 -0.066083 -0.308390
vn -0.997814 -0.066091 -0.000023
vn -0.948995 -0.066062 0.308292
vn -0.807239 -0.066042 0.586518
vn 0.299436 0.248239 0.921257
vn 0.299422 0.248239 0.921262
vn -0.000000 0.248417 0.968653
vn -0.000000 0.248417 0.968653
vn -0.299423 0.248372 0.921226
vn -0.299378 0.248372 0.921241
vn -0.569313 0.248430 0.783687
vn -0.569344 0.248430 0.783664
vn -0.783630 0.248491 0.569364
vn -0.783619 0.248491 0.569380
vn -0.921257 0.248414 0.299291
vn -0.921236 0.248414 0.299356
vn -0.968650 0.248428 0.000001
vn -0.968650 0.248428 0.000001
vn -0.921172 0.248606 -0.299395
vn -0.921221 0.248606 -0.299245
vn -0.783629 0.248483 -0.569369
vn -0.783626 0.248483 -0.569374
vn -0.569409 0.248130 -0.783713
vn -0.569393 0.248130 -0.783724
vn -0.299334 0.248272 -0.921282
vn -0.299293 0.248272 -0.921295
vn 0.000017 0.248644 -0.968595
vn 0.000018 0.248644 -0.968595
vn 0.299330 0.248578 -0.921201
vn 0.299357 0.248578 -0.921192
vn 0.569379 0.248502 -0.783616
vn 0.569326 0.248502 -0.783655
vn 0.783478 0.248751 -0.569460
vn 0.783632 0.248751 -0.569249
vn 0.921159 0.248667 -0.299383
vn 0.921205 0.248667 -0.299243
vn 0.968673 0.248339 -0.000009
vn 0.968673 0.248339 -0.000009
vn 0.921323 0.248145 0.299312
vn 0.921306 0.248145 0.299365
vn 0.783720 0.248091 0.569416
vn 0.783676 0.248091 0.569476
vn 0.569427 0.248082 0.783714
vn 0.569346 0.248082 0.783773
vn 0.299331 0.248647 0.921182
vn 0.299403 0.248648 0.921158
vn -0.000034 0.248217 0.968705
vn -0.000032 0.248217 0.968705
vn -0.299453 0.248180 0.921268
vn -0.299417 0.248180 0.921280
vn -0.569290 0.248511 0.783678
vn -0.569381 0.248511 0.783612
vn -0.783562 0.248592 0.569414
vn -0.783581 0.248592 0.569388
vn -0.921209 0.248545 0.299332
vn -0.921220 0.248545 0.299299
vn -0.968626 0.248522 0.000001
vn -0.968626 0.248522 0.000001
vn -0.921249 0.248465 -0.299275
vn -0.921222 0.248465 -0.299358
vn -0.783575 0.248610 -0.569388
vn -0.783602 0.248610 -0.569351
vn -0.569212 0.248945 -0.783597
vn -0.569266 0.248945 -0.783558
vn -0.299288 0.248958 -0.921112
vn -0.299337 0.248958 -0.921096
vn -0.000002 0.248841 -0.968544
vn -0.000002 0.248841 -0.968544
vn 0.299334 0.248835 -0.921130
vn 0.299389 0.248835 -0.921112
vn 0.569282 0.248701 -0.783624
vn 0.569323 0.248701 -0.783594
vn 0.783544 0.248586 -0.569442
vn 0.783618 0.248586 -0.569339
vn 0.921222 0.248561 -0.299278
vn 0.921189 0.248561 -0.299379
vn 0.968585 0.248684 0.000103
vn 0.968585 0.248684 -0.000108
vn 0.921152 0.248781 0.299311
vn 0.921155 0.248782 0.299303
vn 0.783547 0.248713 0.569382
vn 0.783567 0.248713 0.569355
vn 0.569281 0.248758 0.783606
vn 0.569352 0.248758 0.783555
vn -0.076866 0.968618 -0.236369
vn -0.000000 0.968651 -0.248427
vn 0.000000 0.968651 -0.248427
vn -0.076867 0.968618 -0.236369
vn -0.000009 -0.968563 0.248767
vn 0.076852 -0.968587 0.236503
vn 0.076843 -0.968587 0.236506
vn -0.000007 -0.968563 0.248767
vn -0.076899 -0.968539 0.236682
vn -0.076916 -0.968539 0.236676
vn 0.076892 0.968603 -0.236424
vn 0.076884 0.968603 -0.236427
vn -0.146233 -0.968550 0.201312
vn -0.146261 -0.968550 0.201291
vn 0.146255 0.968540 -0.201347
vn 0.146282 0.968540 -0.201327
vn -0.201217 -0.968572 0.146217
vn -0.201224 -0.968572 0.146208
vn 0.201122 0.968593 -0.146214
vn 0.201143 0.968593 -0.146184
vn -0.236500 -0.968587 0.076857
vn -0.236512 -0.968587 0.076819
vn 0.236260 0.968654 -0.076749
vn 0.236253 0.968654 -0.076772
vn -0.248637 -0.968597 0.000001
vn -0.248637 -0.968597 -0.000004
vn 0.248417 0.968653 0.000001
vn 0.248417 0.968653 0.000001
vn -0.236461 -0.968598 -0.076834
vn -0.236464 -0.968599 -0.076824
vn 0.236266 0.968651 0.076771
vn 0.236267 0.968651 0.076766
vn -0.201117 -0.968607 -0.146123
vn -0.201106 -0.968607 -0.146138
vn 0.201080 0.968607 0.146174
vn 0.201089 0.968607 0.146162
vn -0.146096 -0.968615 -0.201101
vn -0.146104 -0.968615 -0.201095
vn 0.146300 0.968508 0.201467
vn 0.146318 0.968508 0.201454
vn -0.076809 -0.968619 -0.236383
vn -0.076800 -0.968619 -0.236386
vn 0.076992 0.968467 0.236946
vn 0.077000 0.968467 0.236943
vn -0.000001 -0.968624 -0.248529
vn -0.000001 -0.968625 -0.248529
vn -0.000000 0.968478 0.249099
vn -0.000000 0.968478 0.249099
vn 0.076831 -0.968607 -0.236426
vn 0.076820 -0.968607 -0.236430
vn -0.076991 0.968470 0.236934
vn -0.076998 0.968470 0.236931
vn 0.146160 -0.968584 -0.201204
vn 0.146174 -0.968584 -0.201194
vn -0.146420 0.968473 0.201547
vn -0.146422 0.968473 0.201546
vn 0.201172 -0.968587 -0.146180
vn 0.201177 -0.968587 -0.146174
vn -0.201350 0.968518 0.146396
vn -0.201377 0.968518 0.146359
vn 0.236492 -0.968590 -0.076843
vn 0.236496 -0.968590 -0.076831
vn -0.236420 0.968606 0.076869
vn -0.236421 0.968606 0.076866
vn 0.248644 -0.968595 -0.000034
vn 0.248644 -0.968595 0.000033
vn -0.248414 0.968654 -0.000000
vn -0.248414 0.968654 0.000000
vn 0.236479 -0.968592 0.076854
vn 0.236493 -0.968592 0.076810
vn -0.236253 0.968656 -0.076748
vn -0.236244 0.968656 -0.076773
vn 0.201211 -0.968572 0.146225
vn 0.201232 -0.968572 0.146196
vn -0.201061 0.968613 -0.146162
vn -0.201068 0.968613 -0.146153
vn 0.146183 -0.968576 0.201223
vn 0.146196 -0.968576 0.201214
vn -0.146184 0.968576 -0.201222
vn -0.146181 0.968576 -0.201224
vn 0.309010 0.010277 0.951003
vn 0.309006 0.010277 0.951005
vn -0.000064 0.010202 0.999948
vn -0.000016 0.010202 0.999948
vn -0.309021 0.010031 0.951002
vn -0.308996 0.010031 0.951010
vn -0.587755 0.010182 0.808975
vn -0.587733 0.010182 0.808991
vn -0.808930 0.010340 0.587814
vn -0.808975 0.010340 0.587752
vn -0.951020 0.010292 0.308958
vn -0.950996 0.010292 0.309033
vn -0.999947 0.010269 -0.000010
vn -0.999947 0.010269 -0.000010
vn -0.951014 0.010258 -0.308978
vn -0.950995 0.010258 -0.309038
vn -0.808947 0.010443 -0.587789
vn -0.808991 0.010443 -0.587728
vn -0.587828 0.010615 -0.808917
vn -0.587841 0.010615 -0.808907
vn -0.308962 0.010531 -0.951016
vn -0.308966 0.010531 -0.951015
vn 0.000040 0.010343 -0.999947
vn 0.000040 0.010343 -0.999947
vn 0.308994 0.010211 -0.951009
vn 0.308994 0.010211 -0.951009
vn 0.587831 0.010307 -0.808918
vn 0.587819 0.010307 -0.808927
vn 0.808991 0.010510 -0.587727
vn 0.809023 0.010510 -0.587684
vn 0.950986 0.010563 -0.309054
vn 0.951008 0.010563 -0.308986
vn 0.999945 0.010506 0.000000
vn 0.999945 0.010506 0.000000
vn 0.951019 0.010436 0.308957
vn 0.950992 0.010436 0.309041
vn 0.808940 0.010454 0.587799
vn 0.808977 0.010454 0.587747
vn 0.587798 0.010371 0.808941
vn 0.587773 0.010371 0.808959
vn 0.309089 0.010425 0.950976
vn 0.309088 0.010425 0.950976
vn -0.000038 0.010386 0.999946
vn -0.000038 0.010386 0.999946
vn -0.309090 0.010375 0.950976
vn -0.309083 0.010375 0.950978
vn -0.587704 0.010421 0.809009
vn -0.587701 0.010421 0.809011
vn -0.808975 0.010441 0.587751
vn -0.808979 0.010441 0.587745
vn -0.951006 0.010413 0.308996
vn -0.951006 0.010413 0.308997
vn -0.999946 0.010403 -0.000020
vn -0.999946 0.010403 0.000017
vn -0.951027 0.010407 -0.308932
vn -0.951016 0.010407 -0.308968
vn -0.809020 0.010453 -0.587688
vn -0.809024 0.010453 -0.587683
vn -0.587765 0.010497 -0.808964
vn -0.587772 0.010497 -0.808959
vn -0.308932 0.010478 -0.951027
vn -0.308927 0.010478 -0.951028
vn 0.000087 0.010419 -0.999946
vn 0.000088 0.010419 -0.999946
vn 0.309010 0.010343 -0.951003
vn 0.308998 0.010343 -0.951006
vn 0.587720 0.010361 -0.808998
vn 0.587713 0.010361 -0.809003
vn 0.809009 0.010381 -0.587705
vn 0.809016 0.010381 -0.587695
vn 0.951006 0.010370 -0.308999
vn 0.950996 0.010370 -0.309029
vn 0.999946 0.010394 -0.000028
vn 0.999946 0.010394 -0.000028
vn 0.951008 0.010401 0.308990
vn 0.951011 0.010401 0.308983
vn 0.808976 0.010418 0.587749
vn 0.808982 0.010418 0.587741
vn 0.587711 0.010437 0.809004
vn 0.587712 0.010437 0.809003
vn 0.003161 0.999948 -0.009732
vn 0.006011 0.999948 -0.008267
vn 0.006011 0.999948 -0.008268
vn 0.003160 0.999948 -0.009733
vn -0.005971 -0.999948 0.008211
vn -0.003139 -0.999949 0.009653
vn -0.003140 -0.999949 0.009653
vn -0.005971 -0.999949 0.008212
vn 0.000000 0.999948 -0.010233
vn 0.000000 0.999948 -0.010233
vn -0.000000 -0.999948 0.010160
vn 0.000000 -0.999948 0.010160
vn -0.003161 0.999948 -0.009732
vn -0.003161 0.999948 -0.009732
vn 0.003140 -0.999948 0.009664
vn 0.003140 -0.999948 0.009664
vn -0.006012 0.999948 -0.008280
vn -0.006011 0.999948 -0.008281
vn 0.005972 -0.999949 0.008219
vn 0.005971 -0.999948 0.008220
vn -0.008275 0.999948 -0.006009
vn -0.008275 0.999948 -0.006009
vn 0.008220 -0.999948 0.005974
vn 0.008220 -0.999948 0.005974
vn -0.009729 0.999948 -0.003158
vn -0.009728 0.999948 -0.003159
vn 0.009663 -0.999948 0.003140
vn 0.009663 -0.999948 0.003141
vn -0.010230 0.999948 -0.000002
vn -0.010230 0.999948 -0.000003
vn 0.010161 -0.999948 -0.000000
vn 0.010161 -0.999948 0.000000
vn -0.009729 0.999948 0.003156
vn -0.009729 0.999948 0.003157
vn 0.009664 -0.999948 -0.003139
vn 0.009664 -0.999948 -0.003137
vn -0.008277 0.999948 0.006011
vn -0.008278 0.999948 0.006010
vn 0.008221 -0.999948 -0.005970
vn 0.008219 -0.999948 -0.005972
vn -0.006013 0.999948 0.008281
vn -0.006013 0.999948 0.008281
vn 0.005972 -0.999948 -0.008220
vn 0.005972 -0.999948 -0.008220
vn -0.003162 0.999948 0.009726
vn -0.003162 0.999948 0.009726
vn 0.003142 -0.999948 -0.009665
vn 0.003141 -0.999948 -0.009665
vn -0.000001 0.999948 0.010227
vn -0.000001 0.999948 0.010227
vn -0.000000 -0.999948 -0.010163
vn -0.000000 -0.999948 -0.010163
vn 0.003163 0.999948 0.009743
vn 0.003164 0.999948 0.009743
vn -0.003140 -0.999949 -0.009655
vn -0.003140 -0.999949 -0.009655
vn 0.006015 0.999948 0.008282
vn 0.006016 0.999948 0.008281
vn -0.005971 -0.999949 -0.008208
vn -0.005971 -0.999949 -0.008208
vn 0.008277 0.999948 0.006004
vn 0.008277 0.999948 0.006005
vn -0.008221 -0.999948 -0.005973
vn -0.008222 -0.999948 -0.005972
vn 0.009728 0.999948 0.003158
vn 0.009728 0.999948 0.003159
vn -0.009665 -0.999948 -0.003141
vn -0.009665 -0.999948 -0.003142
vn 0.010229 0.999948 -0.000000
vn 0.010229 0.999948 0.000000
vn -0.010163 -0.999948 0.000003
vn -0.010163 -0.999948 0.000003
vn 0.009728 0.999948 -0.003163
vn 0.009728 0.999948 -0.003164
vn -0.009665 -0.999948 0.003139
vn -0.009665 -0.999948 0.003138
vn 0.008275 0.999948 -0.006007
vn 0.008275 0.999948 -0.006007
vn -0.008221 -0.999948 0.005970
vn -0.008222 -0.999948 0.005969
vn -0.003251 0.999945 -0.009987
vn -0.000000 0.999945 -0.010501
vn 0.000000 0.999945 -0.010501
vn -0.003252 0.999945 -0.009987
vn -0.000000 -0.999945 0.010520
vn 0.003252 -0.999945 0.010011
vn 0.003252 -0.999945 0.010011
vn -0.000000 -0.999945 0.010520
vn -0.003253 -0.999945 0.009989
vn -0.003253 -0.999945 0.009989
vn 0.003252 0.999945 -0.010003
vn 0.003251 0.999945 -0.010003
vn -0.006183 -0.999945 0.008508
vn -0.006184 -0.999945 0.008508
vn 0.006183 0.999945 -0.008508
vn 0.006183 0.999945 -0.008508
vn -0.008434 -0.999945 0.006172
vn -0.008434 -0.999945 0.006172
vn 0.008508 0.999945 -0.006185
vn 0.008508 0.999945 -0.006185
vn -0.009783 -0.999947 0.003211
vn -0.009783 -0.999947 0.003211
vn 0.010002 0.999945 -0.003254
vn 0.010002 0.999945 -0.003254
vn -0.010228 -0.999948 -0.000002
vn -0.010228 -0.999948 -0.000004
vn 0.010518 0.999945 -0.000003
vn 0.010518 0.999945 -0.000003
vn -0.009783 -0.999947 -0.003213
vn -0.009783 -0.999947 -0.003213
vn 0.010003 0.999945 0.003251
vn 0.010003 0.999945 0.003252
vn -0.008435 -0.999945 -0.006173
vn -0.008434 -0.999945 -0.006173
vn 0.008509 0.999945 0.006184
vn 0.008510 0.999945 0.006183
vn -0.006169 -0.999945 -0.008449
vn -0.006170 -0.999945 -0.008448
vn 0.006186 0.999945 0.008517
vn 0.006186 0.999945 0.008517
vn -0.003213 -0.999947 -0.009782
vn -0.003213 -0.999947 -0.009782
vn 0.003253 0.999945 0.010022
vn 0.003252 0.999945 0.010022
vn 0.000000 -0.999948 -0.010217
vn 0.000000 -0.999948 -0.010217
vn -0.000001 0.999945 0.010521
vn -0.000000 0.999945 0.010521
vn 0.003215 -0.999947 -0.009774
vn 0.003215 -0.999947 -0.009774
vn -0.003251 0.999945 0.009999
vn -0.003251 0.999945 0.009999
vn 0.006171 -0.999945 -0.008435
vn 0.006172 -0.999945 -0.008435
vn -0.006184 0.999945 0.008514
vn -0.006184 0.999945 0.008514
vn 0.008436 -0.999945 -0.006174
vn 0.008436 -0.999945 -0.006174
vn -0.008511 0.999945 0.006179
vn -0.008511 0.999945 0.006179
vn 0.009783 -0.999947 -0.003214
vn 0.009783 -0.999947 -0.003213
vn -0.010005 0.999945 0.003246
vn -0.010006 0.999945 0.003244
vn 0.010228 -0.999948 -0.000000
vn 0.010228 -0.999948 0.000000
vn -0.010520 0.999945 -0.000003
vn -0.010520 0.999945 -0.000003
vn 0.009783 -0.999947 0.003213
vn 0.009783 -0.999947 0.003214
vn -0.010006 0.999945 -0.003252
vn -0.010006 0.999945 -0.003252
vn 0.008435 -0.999946 0.006163
vn 0.008435 -0.999946 0.006163
vn -0.008512 0.999945 -0.006180
vn -0.008512 0.999945 -0.006180
vn 0.006183 -0.999945 0.008506
vn 0.006183 -0.999945 0.008506
vn -0.006184 0.999945 -0.008508
vn -0.006184 0.999945 -0.008508
vn 0.233722 0.969335 0.075919
vn 0.198844 0.969321 0.144490
vn 0.144472 0.969324 0.198842
vn 0.075948 0.969334 0.233717
vn -0.000028 0.969321 0.245797
vn -0.075963 0.969320 0.233769
vn -0.144469 0.969313 0.198899
vn -0.198887 0.969310 0.144504
vn -0.233789 0.969316 0.075952
vn -0.245815 0.969317 0.000006
vn -0.233811 0.969310 -0.075969
vn -0.198865 0.969321 -0.144462
vn -0.144450 0.969330 -0.198833
vn -0.075910 0.969330 -0.233747
vn -0.000003 0.969335 -0.245741
vn 0.075946 0.969327 -0.233747
vn 0.144495 0.969309 -0.198902
vn 0.198876 0.969313 -0.144504
vn 0.233768 0.969322 -0.075943
vn 0.245737 0.969337 0.000013
vn -0.000008 1.000000 0.000002
vn -0.000008 1.000000 0.000002
vn 0.000004 1.000000 0.000028
vn 0.000004 1.000000 0.000028
vn 0.000000 1.000000 0.000001
vn 0.000000 1.000000 0.000001
vn 0.000000 1.000000 0.000002
vn 0.000000 1.000000 0.000002
vn 0.000000 1.000000 -0.000002
vn 0.000000 1.000000 -0.000002
vn 0.000000 1.000000 0.000006
vn 0.000000 1.000000 0.000006
vn 0.000000 1.000000 0.000014
vn 0.000000 1.000000 0.000014
vn 0.000000 1.000000 0.000011
vn 0.000000 1.000000 0.000011
vn 0.000020 1.000000 0.000022
vn 0.000020 1.000000 0.000022
vn 0.000007 1.000000 -0.000005
vn 0.000007 1.000000 -0.000005
vn -0.000013 1.000000 -0.000019
vn -0.000013 1.000000 -0.000019
vn 0.000000 1.000000 -0.000000
vn 0.000000 1.000000 0.000000
vn 0.000000 1.000000 0.000001
vn 0.000000 1.000000 0.000001
vn -0.000020 1.000000 0.000024
vn -0.000020 1.000000 0.000024
vn -0.000020 1.000000 0.000020
vn -0.000020 1.000000 0.000020
vn 0.000028 1.000000 -0.000001
vn 0.000028 1.000000 -0.000001
vn 0.000000 1.000000 -0.000012
vn 0.000000 1.000000 -0.000012
vn -0.000003 1.000000 -0.000002
vn -0.000003 1.000000 -0.000002
vn 0.000025 1.000000 0.000009
vn 0.000025 1.000000 0.000009
vn -0.000013 1.000000 -0.000027
vn -0.000013 1.000000 -0.000027
vn 0.000003 1.000000 0.000034
vn 0.000003 1.000000 0.000034
vn 0.000003 1.000000 0.000028
vn 0.000003 1.000000 0.000028
vn 0.000010 1.000000 -0.000021
vn 0.000010 1.000000 -0.000021
vn -0.000006 1.000000 0.000009
vn -0.000006 1.000000 0.000009
vn -0.000016 1.000000 0.000037
vn -0.000016 1.000000 0.000037
vn 0.000000 1.000000 0.000004
vn 0.000000 1.000000 0.000004
vn 0.000000 1.000000 -0.000032
vn 0.000000 1.000000 -0.000032
vn 0.000020 1.000000 -0.000047
vn 0.000020 1.000000 -0.000047
vn 0.000020 1.000000 0.000001
vn 0.000020 1.000000 0.000001
vn -0.000010 1.000000 -0.000006
vn -0.000010 1.000000 -0.000006
vn -0.000007 1.000000 0.000004
vn -0.000007 1.000000 0.000004
vn 0.000004 1.000000 0.000028
vn 0.000004 1.000000 0.000028
vn 0.000000 1.000000 -0.000001
vn 0.000000 1.000000 -0.000001
vn 0.000000 1.000000 0.000001
vn 0.000000 1.000000 0.000001
vn 0.000000 1.000000 -0.000008
vn 0.000000 1.000000 -0.000008
vn 0.000022 1.000000 -0.000012
vn 0.000022 1.000000 -0.000012
vn 0.000000 1.000000 -0.000001
vn 0.000000 1.000000 -0.000001
vn -0.000022 1.000000 -0.000014
vn -0.000022 1.000000 -0.000014
vn 0.000000 1.000000 -0.000021
vn 0.000000 1.000000 -0.000021
vn 0.000000 1.000000 0.000003
vn 0.000000 1.000000 0.000003
vn 0.951050 -0.000055 -0.309039
vn 1.000000 -0.000171 0.000022
vn 1.000000 -0.000171 0.000028
vn 0.951050 -0.000055 -0.309037
vn -1.000000 0.000027 0.000018
vn -0.951035 0.000106 0.309085
vn -0.951076 0.000106 0.308958
vn -1.000000 0.000027 0.000013
vn -0.951057 0.000000 -0.309015
vn -0.951058 0.000000 -0.309013
vn 0.951055 -0.000176 0.309023
vn 0.951057 -0.000176 0.309016
vn -0.809020 0.000000 -0.587781
vn -0.809020 0.000000 -0.587781
vn 0.808991 -0.000061 0.587821
vn 0.808991 -0.000061 0.587821
vn -0.587826 0.000000 -0.808987
vn -0.587824 0.000000 -0.808989
vn 0.587827 0.000000 0.808987
vn 0.587825 0.000000 0.808988
vn -0.309014 0.000000 -0.951057
vn -0.309014 0.000000 -0.951057
vn 0.309056 0.000000 0.951044
vn 0.309056 0.000000 0.951044
vn -0.000011 0.000000 -1.000000
vn -0.000011 0.000000 -1.000000
vn -0.000029 -0.000017 1.000000
vn -0.000029 -0.000017 1.000000
vn 0.309051 -0.000004 -0.951046
vn 0.309049 -0.000004 -0.951046
vn -0.309101 -0.000065 0.951029
vn -0.309023 -0.000065 0.951055
vn 0.587762 -0.000066 -0.809034
vn 0.587797 -0.000066 -0.809009
vn -0.587765 -0.000048 0.809032
vn -0.587761 -0.000048 0.809035
vn 0.809021 -0.000113 -0.587779
vn 0.809038 -0.000113 -0.587756
vn -0.809004 0.000000 0.587804
vn -0.809005 0.000000 0.587802
vn 0.951072 -0.000050 -0.308970
vn 0.951073 -0.000050 -0.308967
vn -0.951072 0.000004 0.308968
vn -0.951073 0.000004 0.308965
vn 1.000000 -0.000026 0.000012
vn 1.000000 -0.000026 0.000010
vn -1.000000 -0.000000 -0.000016
vn -1.000000 -0.000000 0.000007
vn 0.951077 -0.000106 0.308954
vn 0.951037 -0.000106 0.309078
vn -0.951062 -0.000004 -0.309001
vn -0.951062 -0.000004 -0.309001
vn 0.809027 -0.000080 0.587772
vn 0.809029 -0.000080 0.587770
vn -0.809049 0.000000 -0.587741
vn -0.809051 0.000000 -0.587739
vn 0.587800 0.000335 0.809007
vn 0.587802 0.000335 0.809005
vn -0.587746 0.000000 -0.809046
vn -0.587748 0.000000 -0.809044
vn 0.308944 0.000707 0.951080
vn 0.309026 0.000707 0.951053
vn -0.308880 0.000000 -0.951101
vn -0.308875 0.000000 -0.951103
vn -0.000041 0.000363 1.000000
vn -0.000041 0.000363 1.000000
vn -0.000005 0.000000 -1.000000
vn -0.000005 0.000000 -1.000000
vn -0.309044 -0.000034 0.951048
vn -0.309083 -0.000034 0.951035
vn 0.308959 0.000000 -0.951075
vn 0.308957 0.000000 -0.951076
vn -0.587741 -0.000026 0.809049
vn -0.587744 -0.000026 0.809047
vn 0.587748 0.000000 -0.809044
vn 0.587750 0.000000 -0.809043
vn -0.808977 0.000079 0.587840
vn -0.808975 0.000079 0.587843
vn 0.809007 0.000000 -0.587800
vn 0.809005 0.000000 -0.587802
vn -0.998329 0.057788 -0.000000
vn -0.998329 0.057788 -0.000000
vn -0.998329 0.057788 -0.000000
vn -0.998329 0.057788 -0.000000
vn 0.000009 0.057888 0.998323
vn 0.000009 0.057888 0.998323
vn 0.000009 0.057888 0.998323
vn 0.000009 0.057888 0.998323
vn 0.998323 0.057893 -0.000000
vn 0.998323 0.057893 -0.000000
vn 0.998323 0.057893 -0.000000
vn 0.998323 0.057893 -0.000000
vn 0.000000 0.057640 -0.998337
vn 0.000000 0.057640 -0.998337
vn 0.000000 0.057640 -0.998338
vn 0.000000 0.057640 -0.998337
vn -0.998326 0.057841 0.000002
vn -0.998326 0.057841 0.000002
vn -0.998326 0.057841 0.000002
vn -0.998326 0.057841 0.000002
vn 0.000010 0.057733 0.998332
vn 0.000010 0.057733 0.998332
vn 0.000010 0.057733 0.998332
vn 0.000010 0.057733 0.998332
vn 0.998326 0.057831 -0.000001
vn 0.998326 0.057831 -0.000001
vn 0.998326 0.057831 -0.000001
vn 0.998326 0.057831 -0.000001
vn -0.000000 0.057873 -0.998324
vn -0.000000 0.057873 -0.998324
vn -0.000000 0.057873 -0.998324
vn -0.000000 0.057873 -0.998324
vn 0.057770 0.996657 -0.057772
vn 0.057762 0.996658 0.057757
vn 0.057754 0.996658 0.057765
vn 0.057771 0.996657 -0.057770
vn -0.057746 -0.996661 -0.057722
vn -0.057739 -0.996659 0.057770
vn -0.057751 -0.996659 0.057758
vn -0.057751 -0.996661 -0.057716
vn -0.057766 0.996657 -0.057777
vn -0.057786 0.996657 -0.057757
vn 0.057741 -0.996659 0.057762
vn 0.057736 -0.996659 0.057767
vn -0.057761 0.996658 0.057757
vn -0.057753 0.996658 0.057765
vn 0.057741 -0.996662 -0.057721
vn 0.057753 -0.996662 -0.057709
s 1
g Altar torch16
usemtl templeRender_templeRender_blinn1SG
f 233/637/685 712/640/686 713/639/687 234/638/688
f 234/638/688 713/639/687 714/642/689 235/641/690
f 235/1740/690 714/1743/689 715/1742/691 236/1741/692
f 236/1741/692 715/1742/691 716/1745/693 237/1744/694
f 237/1744/694 716/1745/693 717/1747/695 238/1746/696
f 238/1746/696 717/1747/695 718/1749/697 239/1748/698
f 239/657/698 718/658/697 719/654/699 240/651/700
f 240/651/700 719/654/699 720/653/701 241/652/702
f 241/652/702 720/653/701 721/656/703 242/655/704
f 242/655/704 721/656/703 722/660/705 243/659/706
f 243/659/706 722/660/705 723/662/707 244/661/708
f 244/661/708 723/662/707 724/664/709 245/663/710
f 245/1750/710 724/1753/709 705/1752/711 246/1751/712
f 246/1751/712 705/1752/711 706/1755/713 247/1754/714
f 247/1754/714 706/1755/713 707/1757/715 248/1756/716
f 248/1756/716 707/1757/715 708/1759/717 249/1758/718
f 249/649/718 708/650/717 709/648/719 250/647/720
f 250/647/720 709/648/719 710/646/721 251/645/722
f 251/645/722 710/646/721 711/644/723 252/643/724
f 252/643/724 711/644/723 712/640/686 233/637/685
s 2
f 885/1121/725 886/1123/726 887/1122/727
f 887/1122/727 886/1123/726 888/1126/728
f 888/1126/728 886/1123/726 889/1130/729
f 889/1130/729 886/1123/726 890/1134/730
f 890/1134/730 886/1123/726 891/1138/731
f 891/1138/731 886/1123/726 892/1142/732
f 892/1142/732 886/1123/726 893/1146/733
f 893/1146/733 886/1123/726 894/1150/734
f 894/1150/734 886/1123/726 895/1154/735
f 895/1154/735 886/1123/726 896/1158/736
f 896/1158/736 886/1123/726 897/1159/737
f 897/1159/737 886/1123/726 898/1155/738
f 898/1155/738 886/1123/726 899/1151/739
f 899/1151/739 886/1123/726 900/1147/740
f 900/1147/740 886/1123/726 901/1143/741
f 901/1143/741 886/1123/726 902/1139/742
f 902/1139/742 886/1123/726 903/1135/743
f 903/1135/743 886/1123/726 904/1131/744
f 904/1131/744 886/1123/726 905/1127/745
f 905/1127/745 886/1123/726 885/1121/725
s 3
f 253/1162/746 273/1165/747 274/1164/748 254/1163/749
f 254/1163/749 274/1164/748 275/1167/750 255/1166/751
f 255/1166/751 275/1167/750 276/1173/752 256/1172/753
f 256/1172/753 276/1173/752 277/1180/754 257/1179/755
f 257/1179/755 277/1180/754 278/1188/756 258/1187/757
f 258/1187/757 278/1188/756 279/1196/758 259/1195/759
f 259/1195/759 279/1196/758 280/1206/760 260/1205/761
f 260/1205/761 280/1206/760 281/1216/762 261/1215/763
f 261/1215/763 281/1216/762 282/1224/764 262/1223/765
f 262/1223/765 282/1224/764 283/1235/766 263/1234/767
f 263/1234/767 283/1235/766 284/1242/768 264/1241/769
f 264/1241/769 284/1242/768 285/1233/770 265/1232/771
f 265/1232/771 285/1233/770 286/1222/772 266/1221/773
f 266/1221/773 286/1222/772 287/1214/774 267/1213/775
f 267/1213/775 287/1214/774 288/1204/776 268/1203/777
f 268/1203/777 288/1204/776 289/1194/778 269/1193/779
f 269/1193/779 289/1194/778 290/1186/780 270/1185/781
f 270/1185/781 290/1186/780 291/1178/782 271/1177/783
f 271/1177/783 291/1178/782 292/1171/784 272/1170/785
f 272/1170/785 292/1171/784 273/1165/747 253/1162/746
f 273/1165/747 293/1169/786 294/1168/787 274/1164/748
f 274/1164/748 294/1168/787 295/1174/788 275/1167/750
f 275/1167/750 295/1174/788 296/1181/789 276/1173/752
s 4
f 553/1252/790 556/1255/791 555/1254/792 554/1253/793
f 554/1253/793 555/1254/792 558/1257/794 557/1256/795
s 3
f 278/1188/756 298/1208/796 299/1207/797 279/1196/758
f 279/1196/758 299/1207/797 300/1217/798 280/1206/760
f 280/1206/760 300/1217/798 301/1225/799 281/1216/762
s 5
f 559/1258/800 562/1261/801 561/1260/802 560/1259/803
f 560/1259/803 561/1260/802 564/1263/804 563/1262/805
s 3
f 283/1235/766 303/1248/806 304/1247/807 284/1242/768
f 284/1242/768 304/1247/807 305/1240/808 285/1233/770
f 285/1233/770 305/1240/808 306/1238/809 286/1222/772
s 6
f 565/1264/810 568/1267/811 567/1266/812 566/1265/813
f 566/1265/813 567/1266/812 570/1269/814 569/1268/815
s 3
f 288/1204/776 308/1212/816 309/1202/817 289/1194/778
f 289/1194/778 309/1202/817 310/1192/818 290/1186/780
f 290/1186/780 310/1192/818 311/1190/819 291/1178/782
s 7
f 571/1270/820 574/1273/821 573/1272/822 572/1271/823
f 572/1271/823 573/1272/822 576/1275/824 575/1274/825
s 3
f 293/1169/786 313/1176/826 314/1175/827 294/1168/787
f 294/1168/787 314/1175/827 315/1182/828 295/1174/788
f 295/1174/788 315/1182/828 316/1189/829 296/1181/789
f 296/1181/789 316/1189/829 317/1198/830 297/1197/831
f 297/1197/831 317/1198/830 318/1209/832 298/1208/796
f 298/1208/796 318/1209/832 319/1218/833 299/1207/797
f 299/1207/797 319/1218/833 320/1226/834 300/1217/798
f 300/1217/798 320/1226/834 321/1236/835 301/1225/799
f 301/1225/799 321/1236/835 322/1244/836 302/1243/837
f 302/1243/837 322/1244/836 323/1249/838 303/1248/806
f 303/1248/806 323/1249/838 324/1251/839 304/1247/807
f 304/1247/807 324/1251/839 325/1246/840 305/1240/808
f 305/1240/808 325/1246/840 326/1239/841 306/1238/809
f 306/1238/809 326/1239/841 327/1231/842 307/1230/843
f 307/1230/843 327/1231/842 328/1220/844 308/1212/816
f 308/1212/816 328/1220/844 329/1211/845 309/1202/817
f 309/1202/817 329/1211/845 330/1201/846 310/1192/818
f 310/1192/818 330/1201/846 331/1191/847 311/1190/819
f 311/1190/819 331/1191/847 332/1184/848 312/1183/849
f 312/1183/849 332/1184/848 313/1176/826 293/1169/786
s 8
f 313/669/850 333/665/851 334/666/852 314/670/853
f 314/670/853 334/666/852 335/671/854 315/675/855
f 315/1182/855 335/1200/854 336/1199/856 316/1189/857
f 316/1189/857 336/1199/856 337/1210/858 317/1198/859
f 317/1198/859 337/1210/858 338/1219/860 318/1209/861
f 318/1209/861 338/1219/860 339/1227/862 319/1218/863
f 319/697/863 339/694/862 340/686/864 320/690/865
f 320/690/865 340/686/864 341/687/866 321/691/867
f 321/691/867 341/687/866 342/692/868 322/696/869
f 322/696/869 342/692/868 343/698/870 323/700/871
f 323/700/871 343/698/870 344/701/872 324/703/873
f 324/703/873 344/701/872 345/704/874 325/706/875
f 325/1246/875 345/1250/874 346/1245/876 326/1239/877
f 326/1239/877 346/1245/876 347/1237/878 327/1231/879
f 327/1231/879 347/1237/878 348/1229/880 328/1220/881
f 328/1220/881 348/1229/880 349/1228/882 329/1211/883
f 329/685/883 349/683/882 350/680/884 330/682/885
f 330/682/885 350/680/884 351/677/886 331/679/887
f 331/679/887 351/677/886 352/673/888 332/676/889
f 332/676/889 352/673/888 333/665/851 313/669/850
s 9
f 333/665/890 641/668/891 640/667/892 334/666/893
f 334/666/893 640/667/892 639/672/894 335/671/895
f 335/1760/895 639/1763/894 638/1762/896 336/1761/897
f 336/1761/897 638/1762/896 637/1765/898 337/1764/899
f 337/1764/899 637/1765/898 636/1767/900 338/1766/901
f 338/1766/901 636/1767/900 635/1769/902 339/1768/903
f 339/694/903 635/695/902 634/689/904 340/686/905
f 340/686/905 634/689/904 633/688/906 341/687/907
f 341/687/907 633/688/906 632/693/908 342/692/909
f 342/692/909 632/693/908 631/699/910 343/698/911
f 343/698/911 631/699/910 630/702/912 344/701/913
f 344/701/913 630/702/912 629/705/914 345/704/915
f 345/1770/915 629/1773/914 628/1772/916 346/1771/917
f 346/1771/917 628/1772/916 627/1775/918 347/1774/919
f 347/1774/919 627/1775/918 626/1777/920 348/1776/921
f 348/1776/921 626/1777/920 625/1779/922 349/1778/923
f 349/683/923 625/684/922 644/681/924 350/680/925
f 350/680/925 644/681/924 643/678/926 351/677/927
f 351/677/927 643/678/926 642/674/928 352/673/929
f 352/673/929 642/674/928 641/668/891 333/665/890
s 10
f 353/902/930 373/908/931 374/907/932 354/901/933
f 354/901/933 374/907/932 375/913/934 355/906/935
f 355/1290/935 375/1280/934 376/1284/936 356/1291/937
f 356/1291/937 376/1284/936 377/1292/938 357/1297/939
f 357/1297/939 377/1292/938 378/1298/940 358/1303/941
f 358/1303/941 378/1298/940 379/1304/942 359/1311/943
f 359/888/943 379/889/942 380/887/944 360/885/945
f 360/885/945 380/887/944 381/884/946 361/880/947
f 361/880/947 381/884/946 382/879/948 362/874/949
f 362/874/949 382/879/948 383/873/950 363/867/951
f 363/867/951 383/873/950 384/872/952 364/866/953
f 364/866/953 384/872/952 385/878/954 365/871/955
f 365/1336/955 385/1331/954 386/1325/956 366/1330/957
f 366/1330/957 386/1325/956 387/1318/958 367/1324/959
f 367/1324/959 387/1318/958 388/1309/960 368/1316/961
f 368/1316/961 388/1309/960 389/1301/962 369/1317/963
f 369/923/963 389/924/962 390/922/964 370/920/965
f 370/920/965 390/922/964 391/919/966 371/915/967
f 371/915/967 391/919/966 392/914/968 372/909/969
f 372/909/969 392/914/968 373/908/931 353/902/930
s 11
f 373/1276/970 393/1279/971 394/1278/972 374/1277/973
f 374/1277/973 394/1278/972 395/1281/974 375/1280/975
f 375/1280/975 395/1281/974 396/1285/976 376/1284/977
f 376/1284/977 396/1285/976 397/1293/978 377/1292/979
f 377/1292/979 397/1293/978 398/1299/980 378/1298/981
f 378/1298/981 398/1299/980 399/1305/982 379/1304/983
f 379/1304/983 399/1305/982 400/1313/984 380/1312/985
f 380/1312/985 400/1313/984 401/1321/986 381/1320/987
f 381/1320/987 401/1321/986 402/1328/988 382/1327/989
f 382/1327/989 402/1328/988 403/1334/990 383/1333/991
f 383/1333/991 403/1334/990 404/1338/992 384/1337/993
f 384/1337/993 404/1338/992 405/1332/994 385/1331/995
f 385/1331/995 405/1332/994 406/1326/996 386/1325/997
f 386/1325/997 406/1326/996 407/1319/998 387/1318/999
f 387/1318/999 407/1319/998 408/1310/1000 388/1309/1001
f 388/1309/1001 408/1310/1000 409/1302/1002 389/1301/1003
f 389/1301/1003 409/1302/1002 410/1296/1004 390/1295/1005
f 390/1295/1005 410/1296/1004 411/1289/1006 391/1288/1007
f 391/1288/1007 411/1289/1006 412/1283/1008 392/1282/1009
f 392/1282/1009 412/1283/1008 393/1279/971 373/1276/970
f 393/711/971 413/707/1010 414/708/1011 394/712/972
f 394/1278/972 414/1287/1011 415/1286/1012 395/1281/974
f 395/1281/974 415/1286/1012 416/1294/1013 396/1285/976
f 396/1285/976 416/1294/1013 417/1300/1014 397/1293/978
f 397/1293/978 417/1300/1014 418/1306/1015 398/1299/980
f 398/1299/980 418/1306/1015 419/1314/1016 399/1305/982
f 399/1305/982 419/1314/1016 420/1322/1017 400/1313/984
f 400/737/984 420/733/1017 421/734/1018 401/738/986
f 401/738/986 421/734/1018 422/739/1019 402/745/988
f 402/745/988 422/739/1019 423/746/1020 403/750/990
f 403/750/990 423/746/1020 424/751/1021 404/754/992
f 404/1338/992 424/1339/1021 425/1335/1022 405/1332/994
f 405/1332/994 425/1335/1022 426/1329/1023 406/1326/996
f 406/1326/996 426/1329/1023 427/1323/1024 407/1319/998
f 407/1319/998 427/1323/1024 428/1315/1025 408/1310/1000
f 408/1310/1000 428/1315/1025 429/1308/1026 409/1302/1002
f 409/1302/1002 429/1308/1026 430/1307/1027 410/1296/1004
f 410/728/1004 430/726/1027 431/722/1028 411/724/1006
f 411/724/1006 431/722/1028 432/717/1029 412/719/1008
f 412/719/1008 432/717/1029 413/707/1010 393/711/971
f 413/707/1010 433/710/1030 434/709/1031 414/708/1011
f 414/708/1011 434/709/1031 435/714/1032 415/713/1012
f 415/1780/1012 435/1783/1032 436/1782/1033 416/1781/1013
f 416/1781/1013 436/1782/1033 437/1785/1034 417/1784/1014
f 417/1784/1014 437/1785/1034 438/1789/1035 418/1788/1015
f 418/1788/1015 438/1789/1035 439/1792/1036 419/1791/1016
f 419/743/1016 439/744/1036 440/736/1037 420/733/1017
f 420/733/1017 440/736/1037 441/735/1038 421/734/1018
f 421/734/1018 441/735/1038 442/740/1039 422/739/1019
f 422/739/1019 442/740/1039 443/747/1040 423/746/1020
f 423/746/1020 443/747/1040 444/752/1041 424/751/1021
f 424/751/1021 444/752/1041 445/756/1042 425/755/1022
f 425/1795/1022 445/1798/1042 446/1797/1043 426/1796/1023
f 426/1796/1023 446/1797/1043 447/1800/1044 427/1799/1024
f 427/1799/1024 447/1800/1044 448/1804/1045 428/1803/1025
f 428/1803/1025 448/1804/1045 449/1807/1046 429/1806/1026
f 429/730/1026 449/731/1046 450/727/1047 430/726/1027
f 430/726/1027 450/727/1047 451/723/1048 431/722/1028
f 431/722/1028 451/723/1048 452/718/1049 432/717/1029
f 432/717/1029 452/718/1049 433/710/1030 413/707/1010
s 12
f 433/710/1050 453/716/1051 454/715/1052 434/709/1053
f 434/709/1053 454/715/1052 455/720/1054 435/714/1055
f 435/1783/1055 455/1787/1054 456/1786/1056 436/1782/1057
f 436/1782/1057 456/1786/1056 457/1790/1058 437/1785/1059
f 437/1785/1059 457/1790/1058 458/1793/1060 438/1789/1061
f 438/1789/1061 458/1793/1060 459/1794/1062 439/1792/1063
f 439/744/1063 459/749/1062 460/742/1064 440/736/1065
f 440/736/1065 460/742/1064 461/741/1066 441/735/1067
f 441/735/1067 461/741/1066 462/748/1068 442/740/1069
f 442/740/1069 462/748/1068 463/753/1070 443/747/1071
f 443/747/1071 463/753/1070 464/757/1072 444/752/1073
f 444/752/1073 464/757/1072 465/758/1074 445/756/1075
f 445/1798/1075 465/1802/1074 466/1801/1076 446/1797/1077
f 446/1797/1077 466/1801/1076 467/1805/1078 447/1800/1079
f 447/1800/1079 467/1805/1078 468/1808/1080 448/1804/1081
f 448/1804/1081 468/1808/1080 469/1809/1082 449/1807/1083
f 449/731/1083 469/732/1082 470/729/1084 450/727/1085
f 450/727/1085 470/729/1084 471/725/1086 451/723/1087
f 451/723/1087 471/725/1086 472/721/1088 452/718/1089
f 452/718/1089 472/721/1088 453/716/1051 433/710/1050
s 13
f 453/1340/1090 473/1343/1091 474/1342/1092 454/1341/1093
f 454/1341/1093 474/1342/1092 475/1345/1094 455/1344/1095
f 455/1344/1095 475/1345/1094 476/1349/1096 456/1348/1097
f 456/1348/1097 476/1349/1096 477/1353/1098 457/1352/1099
f 457/1352/1099 477/1353/1098 478/1357/1100 458/1356/1101
f 458/1356/1101 478/1357/1100 479/1361/1102 459/1360/1103
f 459/1360/1103 479/1361/1102 480/1365/1104 460/1364/1105
f 460/1364/1105 480/1365/1104 481/1369/1106 461/1368/1107
f 461/1368/1107 481/1369/1106 482/1373/1108 462/1372/1109
f 462/1372/1109 482/1373/1108 483/1377/1110 463/1376/1111
f 463/1376/1111 483/1377/1110 484/1379/1112 464/1378/1113
f 464/1378/1113 484/1379/1112 485/1375/1114 465/1374/1115
f 465/1374/1115 485/1375/1114 486/1371/1116 466/1370/1117
f 466/1370/1117 486/1371/1116 487/1367/1118 467/1366/1119
f 467/1366/1119 487/1367/1118 488/1363/1120 468/1362/1121
f 468/1362/1121 488/1363/1120 489/1359/1122 469/1358/1123
f 469/1358/1123 489/1359/1122 490/1355/1124 470/1354/1125
f 470/1354/1125 490/1355/1124 491/1351/1126 471/1350/1127
f 471/1350/1127 491/1351/1126 492/1347/1128 472/1346/1129
f 472/1346/1129 492/1347/1128 473/1343/1091 453/1340/1090
s 14
f 473/759/1130 493/762/1131 494/761/1132 474/760/1133
f 474/760/1133 494/761/1132 495/764/1134 475/763/1135
f 475/1810/1135 495/1813/1134 496/1812/1136 476/1811/1137
f 476/1811/1137 496/1812/1136 497/1815/1138 477/1814/1139
f 477/1814/1139 497/1815/1138 498/1817/1140 478/1816/1141
f 478/1816/1141 498/1817/1140 499/1819/1142 479/1818/1143
f 479/779/1143 499/780/1142 500/776/1144 480/773/1145
f 480/773/1145 500/776/1144 501/775/1146 481/774/1147
f 481/774/1147 501/775/1146 502/778/1148 482/777/1149
f 482/777/1149 502/778/1148 503/782/1150 483/781/1151
f 483/781/1151 503/782/1150 504/784/1152 484/783/1153
f 484/783/1153 504/784/1152 505/786/1154 485/785/1155
f 485/1820/1155 505/1823/1154 506/1822/1156 486/1821/1157
f 486/1821/1157 506/1822/1156 507/1825/1158 487/1824/1159
f 487/1824/1159 507/1825/1158 508/1827/1160 488/1826/1161
f 488/1826/1161 508/1827/1160 509/1829/1162 489/1828/1163
f 489/771/1163 509/772/1162 510/770/1164 490/769/1165
f 490/769/1165 510/770/1164 511/768/1166 491/767/1167
f 491/767/1167 511/768/1166 512/766/1168 492/765/1169
f 492/765/1169 512/766/1168 493/762/1131 473/759/1130
s 15
f 493/1380/1170 908/1383/1171 909/1382/1172 494/1381/1173
f 494/1381/1173 909/1382/1172 910/1385/1174 495/1384/1175
f 495/1384/1175 910/1385/1174 911/1389/1176 496/1388/1177
f 496/1388/1177 911/1389/1176 912/1393/1178 497/1392/1179
f 497/1392/1179 912/1393/1178 913/1397/1180 498/1396/1181
f 498/1396/1181 913/1397/1180 914/1401/1182 499/1400/1183
f 499/1400/1183 914/1401/1182 915/1405/1184 500/1404/1185
f 500/1404/1185 915/1405/1184 916/1409/1186 501/1408/1187
f 501/1408/1187 916/1409/1186 917/1413/1188 502/1412/1189
f 502/1412/1189 917/1413/1188 918/1417/1190 503/1416/1191
f 503/1416/1191 918/1417/1190 919/1419/1192 504/1418/1193
f 504/1418/1193 919/1419/1192 920/1415/1194 505/1414/1195
f 505/1414/1195 920/1415/1194 921/1411/1196 506/1410/1197
f 506/1410/1197 921/1411/1196 922/1407/1198 507/1406/1199
f 507/1406/1199 922/1407/1198 923/1403/1200 508/1402/1201
f 508/1402/1201 923/1403/1200 924/1399/1202 509/1398/1203
f 509/1398/1203 924/1399/1202 925/1395/1204 510/1394/1205
f 510/1394/1205 925/1395/1204 906/1391/1206 511/1390/1207
f 511/1390/1207 906/1391/1206 907/1387/1208 512/1386/1209
f 512/1386/1209 907/1387/1208 908/1383/1171 493/1380/1170
s 16
f 513/787/1210 533/790/1211 534/789/1212 514/788/1213
f 514/788/1213 534/789/1212 535/792/1214 515/791/1215
f 515/1830/1215 535/1833/1214 536/1832/1216 516/1831/1217
f 516/1831/1217 536/1832/1216 537/1835/1218 517/1834/1219
f 517/1834/1219 537/1835/1218 538/1837/1220 518/1836/1221
f 518/1836/1221 538/1837/1220 539/1839/1222 519/1838/1223
f 519/807/1223 539/808/1222 540/804/1224 520/801/1225
f 520/801/1225 540/804/1224 541/803/1226 521/802/1227
f 521/802/1227 541/803/1226 542/806/1228 522/805/1229
f 522/805/1229 542/806/1228 543/810/1230 523/809/1231
f 523/809/1231 543/810/1230 544/812/1232 524/811/1233
f 524/811/1233 544/812/1232 545/814/1234 525/813/1235
f 525/1840/1235 545/1843/1234 546/1842/1236 526/1841/1237
f 526/1841/1237 546/1842/1236 547/1845/1238 527/1844/1239
f 527/1844/1239 547/1845/1238 548/1847/1240 528/1846/1241
f 528/1846/1241 548/1847/1240 549/1849/1242 529/1848/1243
f 529/799/1243 549/800/1242 550/798/1244 530/797/1245
f 530/797/1245 550/798/1244 551/796/1246 531/795/1247
f 531/795/1247 551/796/1246 552/794/1248 532/793/1249
f 532/793/1249 552/794/1248 533/790/1211 513/787/1210
s 17
f 276/1850/1250 553/1853/1251 554/1852/1252 277/1851/1253
s 18
f 297/1856/1254 555/1859/1255 556/1858/1256 296/1857/1257
s off
f 296/815/1258 556/818/1259 553/817/1260 276/816/1261
s 17
f 277/1851/1253 554/1852/1252 557/1855/1262 278/1854/1263
s off
f 278/819/1264 557/822/1265 558/821/1266 298/820/1267
s 18
f 298/1860/1268 558/1861/1269 555/1859/1255 297/1856/1254
s 19
f 281/823/1270 559/826/1271 560/825/1272 282/824/1273
s 20
f 302/829/1274 561/832/1275 562/831/1276 301/830/1277
s off
f 301/1862/1278 562/1865/1279 559/1864/1280 281/1863/1281
s 19
f 282/824/1273 560/825/1272 563/828/1282 283/827/1283
s off
f 283/1866/1284 563/1869/1285 564/1868/1286 303/1867/1287
s 20
f 303/833/1288 564/834/1289 561/832/1275 302/829/1274
s 21
f 286/1870/1290 565/1873/1291 566/1872/1292 287/1871/1293
s 22
f 307/1876/1294 567/1879/1295 568/1878/1296 306/1877/1297
s off
f 306/835/1298 568/838/1299 565/837/1300 286/836/1301
s 21
f 287/1871/1293 566/1872/1292 569/1875/1302 288/1874/1303
s off
f 288/839/1304 569/842/1305 570/841/1306 308/840/1307
s 22
f 308/1880/1308 570/1881/1309 567/1879/1295 307/1876/1294
s 23
f 291/843/1310 571/846/1311 572/845/1312 292/844/1313
s 24
f 312/849/1314 573/852/1315 574/851/1316 311/850/1317
s off
f 311/1882/1318 574/1885/1319 571/1884/1320 291/1883/1321
s 23
f 292/844/1313 572/845/1312 575/848/1322 273/847/1323
s off
f 273/1886/1324 575/1889/1325 576/1888/1326 293/1887/1327
s 24
f 293/853/1328 576/854/1329 573/852/1315 312/849/1314
s off
usemtl lambert16SG
f 988/2150/1330 579/2151/1331 580/2152/1332 987/2153/1333
s 25
f 593/2110/1334 596/2111/1335 595/2112/1336 594/2113/1337
s off
f 581/2154/1338 989/2155/1339 986/2156/1340 582/2157/1341
f 987/2070/1342 580/2071/1343 582/2072/1344 986/2073/1345
f 989/2074/1346 581/2075/1347 579/2076/1348 988/2077/1349
f 585/2158/1350 588/2159/1351 587/2160/1352 586/2161/1353
f 586/2078/1354 587/2079/1355 590/2080/1356 589/2081/1357
f 589/2162/1358 590/2163/1359 592/2164/1360 591/2165/1361
f 591/2082/1362 592/2083/1363 588/2084/1364 585/2085/1365
s 26
f 583/2118/1366 585/2119/1367 586/2120/1368 584/2121/1369
f 584/2121/1369 586/2120/1368 589/2124/1370 578/2125/1371
f 578/2125/1371 589/2124/1370 591/2123/1372 577/2122/1373
f 577/2122/1373 591/2123/1372 585/2119/1367 583/2118/1366
s off
f 597/2166/1374 600/2167/1375 599/2168/1376 598/2169/1377
f 598/2086/1378 599/2087/1379 602/2088/1380 601/2089/1381
f 601/2170/1382 602/2171/1383 604/2172/1384 603/2173/1385
f 603/2090/1386 604/2091/1387 600/2092/1388 597/2093/1389
s 27
f 579/2126/1390 597/2127/1391 598/2128/1392 580/2129/1393
s 25
f 594/2113/1337 599/2117/1394 600/2114/1395 593/2110/1334
s 27
f 580/2129/1393 598/2128/1392 601/2132/1396 582/2133/1397
s 25
f 595/2112/1336 602/2116/1398 599/2117/1394 594/2113/1337
s 27
f 582/2133/1397 601/2132/1396 603/2131/1399 581/2130/1400
s 25
f 596/2111/1335 604/2115/1401 602/2116/1398 595/2112/1336
s 27
f 581/2130/1400 603/2131/1399 597/2127/1391 579/2126/1390
s 25
f 593/2110/1334 600/2114/1395 604/2115/1401 596/2111/1335
s 28
usemtl templeRender_templeRender_blinn1SG
f 606/1890/1402 646/1893/1403 645/1892/1404 605/1891/1405
f 607/1896/1406 647/1897/1407 646/1893/1403 606/1890/1402
f 608/1901/1408 648/1902/1409 647/1897/1407 607/1896/1406
f 609/1905/1410 649/1906/1411 648/1902/1409 608/1901/1408
f 610/856/1412 650/857/1413 649/860/1411 609/859/1410
f 611/855/1414 651/858/1415 650/857/1413 610/856/1412
f 612/863/1416 652/864/1417 651/858/1415 611/855/1414
f 613/869/1418 653/870/1419 652/864/1417 612/863/1416
f 614/876/1420 654/877/1421 653/870/1419 613/869/1418
f 615/882/1422 655/883/1423 654/877/1421 614/876/1420
f 616/1910/1424 656/1913/1425 655/1912/1423 615/1911/1422
f 617/1916/1426 657/1917/1427 656/1913/1425 616/1910/1424
f 618/1921/1428 658/1922/1429 657/1917/1427 617/1916/1426
f 619/1925/1430 659/1926/1431 658/1922/1429 618/1921/1428
f 620/891/1432 660/892/1433 659/895/1431 619/894/1430
f 621/890/1434 661/893/1435 660/892/1433 620/891/1432
f 622/898/1436 662/899/1437 661/893/1435 621/890/1434
f 623/904/1438 663/905/1439 662/899/1437 622/898/1436
f 624/911/1440 664/912/1441 663/905/1439 623/904/1438
f 605/917/1405 645/918/1404 664/912/1441 624/911/1440
s 29
f 805/1930/1442 806/1933/1443 807/1932/1444 808/1931/1445
f 809/1934/1446 810/1935/1447 806/1933/1443 805/1930/1442
f 811/1936/1448 812/1937/1449 810/1935/1447 809/1934/1446
f 813/1938/1450 814/1939/1451 812/1937/1449 811/1936/1448
f 815/926/1452 816/927/1453 814/930/1451 813/929/1450
f 817/925/1454 818/928/1455 816/927/1453 815/926/1452
f 819/931/1456 820/932/1457 818/928/1455 817/925/1454
f 821/933/1458 822/934/1459 820/932/1457 819/931/1456
f 823/935/1460 824/936/1461 822/934/1459 821/933/1458
f 825/937/1462 826/938/1463 824/936/1461 823/935/1460
f 827/1940/1464 828/1943/1465 826/1942/1463 825/1941/1462
f 829/1944/1466 830/1945/1467 828/1943/1465 827/1940/1464
f 831/1946/1468 832/1947/1469 830/1945/1467 829/1944/1466
f 833/1948/1470 834/1949/1471 832/1947/1469 831/1946/1468
f 835/940/1472 836/941/1473 834/944/1471 833/943/1470
f 837/939/1474 838/942/1475 836/941/1473 835/940/1472
f 839/945/1476 840/946/1477 838/942/1475 837/939/1474
f 841/947/1478 842/948/1479 840/946/1477 839/945/1476
f 843/949/1480 844/950/1481 842/948/1479 841/947/1478
f 808/951/1445 807/952/1444 844/950/1481 843/949/1480
s 28
f 646/1893/1403 666/1895/1482 665/1894/1483 645/1892/1404
f 647/1897/1407 667/1900/1484 666/1895/1482 646/1893/1403
f 648/1902/1409 668/1904/1485 667/1900/1484 647/1897/1407
f 649/1906/1411 669/1908/1486 668/1904/1485 648/1902/1409
f 650/857/1413 670/861/1487 669/865/1486 649/860/1411
f 651/858/1415 671/862/1488 670/861/1487 650/857/1413
f 652/864/1417 672/868/1489 671/862/1488 651/858/1415
f 653/870/1419 673/875/1490 672/868/1489 652/864/1417
f 654/877/1421 674/881/1491 673/875/1490 653/870/1419
f 655/883/1423 675/886/1492 674/881/1491 654/877/1421
f 656/1913/1425 676/1915/1493 675/1914/1492 655/1912/1423
f 657/1917/1427 677/1920/1494 676/1915/1493 656/1913/1425
f 658/1922/1429 678/1924/1495 677/1920/1494 657/1917/1427
f 659/1926/1431 679/1928/1496 678/1924/1495 658/1922/1429
f 660/892/1433 680/896/1497 679/900/1496 659/895/1431
f 661/893/1435 681/897/1498 680/896/1497 660/892/1433
f 662/899/1437 682/903/1499 681/897/1498 661/893/1435
f 663/905/1439 683/910/1500 682/903/1499 662/899/1437
f 664/912/1441 684/916/1501 683/910/1500 663/905/1439
f 645/918/1404 665/921/1483 684/916/1501 664/912/1441
f 666/1895/1482 368/1899/1502 369/1898/1503 665/1894/1483
f 667/1900/1484 367/1903/1504 368/1899/1502 666/1895/1482
f 668/1904/1485 366/1907/1505 367/1903/1504 667/1900/1484
f 669/1908/1486 365/1909/1506 366/1907/1505 668/1904/1485
f 670/861/1487 364/866/1507 365/871/1506 669/865/1486
f 671/862/1488 363/867/1508 364/866/1507 670/861/1487
f 672/868/1489 362/874/1509 363/867/1508 671/862/1488
f 673/875/1490 361/880/1510 362/874/1509 672/868/1489
f 674/881/1491 360/885/1511 361/880/1510 673/875/1490
f 675/886/1492 359/888/1512 360/885/1511 674/881/1491
f 676/1915/1493 358/1919/1513 359/1918/1512 675/1914/1492
f 677/1920/1494 357/1923/1514 358/1919/1513 676/1915/1493
f 678/1924/1495 356/1927/1515 357/1923/1514 677/1920/1494
f 679/1928/1496 355/1929/1516 356/1927/1515 678/1924/1495
f 680/896/1497 354/901/1517 355/906/1516 679/900/1496
f 681/897/1498 353/902/1518 354/901/1517 680/896/1497
f 682/903/1499 372/909/1519 353/902/1518 681/897/1498
f 683/910/1500 371/915/1520 372/909/1519 682/903/1499
f 684/916/1501 370/920/1521 371/915/1520 683/910/1500
f 665/921/1483 369/923/1503 370/920/1521 684/916/1501
s 30
f 685/1950/1522 266/1953/1523 267/1952/1524 686/1951/1525
f 687/1954/1526 686/1951/1525 267/1952/1524 268/1955/1527
f 688/1958/1528 687/1954/1526 268/1955/1527 269/1959/1529
f 689/956/1530 688/960/1528 269/959/1529 270/955/1531
f 690/953/1532 689/956/1530 270/955/1531 271/954/1533
f 691/957/1534 690/953/1532 271/954/1533 272/958/1535
f 692/961/1536 691/957/1534 272/958/1535 253/962/1537
f 693/963/1538 692/961/1536 253/962/1537 254/964/1539
f 694/965/1540 693/963/1538 254/964/1539 255/966/1541
f 695/1960/1542 694/1963/1540 255/1962/1541 256/1961/1543
f 696/1964/1544 695/1960/1542 256/1961/1543 257/1965/1545
f 697/1966/1546 696/1964/1544 257/1965/1545 258/1967/1547
f 698/1968/1548 697/1966/1546 258/1967/1547 259/1969/1549
f 699/970/1550 698/974/1548 259/973/1549 260/969/1551
f 700/967/1552 699/970/1550 260/969/1551 261/968/1553
f 701/971/1554 700/967/1552 261/968/1553 262/972/1555
f 702/975/1556 701/971/1554 262/972/1555 263/976/1557
f 703/977/1558 702/975/1556 263/976/1557 264/978/1559
f 704/979/1560 703/977/1558 264/978/1559 265/980/1561
f 685/1950/1522 704/1957/1560 265/1956/1561 266/1953/1523
s 31
f 725/1970/1562 726/1973/1563 727/1972/1564 728/1971/1565
f 729/1974/1566 728/1971/1565 727/1972/1564 730/1975/1567
f 731/1978/1568 729/1974/1566 730/1975/1567 732/1979/1569
f 733/984/1570 731/988/1568 732/987/1569 734/983/1571
f 735/981/1572 733/984/1570 734/983/1571 736/982/1573
f 737/985/1574 735/981/1572 736/982/1573 738/986/1575
f 739/989/1576 737/985/1574 738/986/1575 740/990/1577
f 741/991/1578 739/989/1576 740/990/1577 742/992/1579
f 743/993/1580 741/991/1578 742/992/1579 744/994/1581
f 745/1980/1582 743/1983/1580 744/1982/1581 746/1981/1583
f 747/1984/1584 745/1980/1582 746/1981/1583 748/1985/1585
f 749/1986/1586 747/1984/1584 748/1985/1585 750/1987/1587
f 751/1988/1588 749/1986/1586 750/1987/1587 752/1989/1589
f 753/998/1590 751/1002/1588 752/1001/1589 754/997/1591
f 755/995/1592 753/998/1590 754/997/1591 756/996/1593
f 757/999/1594 755/995/1592 756/996/1593 758/1000/1595
f 759/1003/1596 757/999/1594 758/1000/1595 760/1004/1597
f 761/1005/1598 759/1003/1596 760/1004/1597 762/1006/1599
f 763/1007/1600 761/1005/1598 762/1006/1599 764/1008/1601
f 725/1970/1562 763/1977/1600 764/1976/1601 726/1973/1563
s 32
f 685/1420/1602 686/1423/1603 727/1422/1604 726/1421/1605
s 33
f 706/1460/1606 705/1463/1607 725/1462/1608 728/1461/1609
f 707/1464/1610 706/1460/1606 728/1461/1609 729/1465/1611
s 32
f 686/1423/1603 687/1427/1612 730/1426/1613 727/1422/1604
s 33
f 708/1468/1614 707/1464/1610 729/1465/1611 731/1469/1615
s 32
f 687/1427/1612 688/1431/1616 732/1430/1617 730/1426/1613
s 33
f 709/1472/1618 708/1468/1614 731/1469/1615 733/1473/1619
s 32
f 688/1431/1616 689/1435/1620 734/1434/1621 732/1430/1617
s 33
f 710/1476/1622 709/1472/1618 733/1473/1619 735/1477/1623
s 32
f 689/1435/1620 690/1439/1624 736/1438/1625 734/1434/1621
s 33
f 711/1480/1626 710/1476/1622 735/1477/1623 737/1481/1627
s 32
f 690/1439/1624 691/1443/1628 738/1442/1629 736/1438/1625
s 33
f 712/1484/1630 711/1480/1626 737/1481/1627 739/1485/1631
s 32
f 691/1443/1628 692/1447/1632 740/1446/1633 738/1442/1629
s 33
f 713/1488/1634 712/1484/1630 739/1485/1631 741/1489/1635
s 32
f 692/1447/1632 693/1451/1636 742/1450/1637 740/1446/1633
s 33
f 714/1492/1638 713/1488/1634 741/1489/1635 743/1493/1639
s 32
f 693/1451/1636 694/1455/1640 744/1454/1641 742/1450/1637
s 33
f 715/1496/1642 714/1492/1638 743/1493/1639 745/1497/1643
s 32
f 694/1455/1640 695/1459/1644 746/1458/1645 744/1454/1641
s 33
f 716/1499/1646 715/1496/1642 745/1497/1643 747/1498/1647
s 32
f 695/1459/1644 696/1456/1648 748/1457/1649 746/1458/1645
s 33
f 717/1495/1650 716/1499/1646 747/1498/1647 749/1494/1651
s 32
f 696/1456/1648 697/1452/1652 750/1453/1653 748/1457/1649
s 33
f 718/1491/1654 717/1495/1650 749/1494/1651 751/1490/1655
s 32
f 697/1452/1652 698/1448/1656 752/1449/1657 750/1453/1653
s 33
f 719/1487/1658 718/1491/1654 751/1490/1655 753/1486/1659
s 32
f 698/1448/1656 699/1444/1660 754/1445/1661 752/1449/1657
s 33
f 720/1483/1662 719/1487/1658 753/1486/1659 755/1482/1663
s 32
f 699/1444/1660 700/1440/1664 756/1441/1665 754/1445/1661
s 33
f 721/1479/1666 720/1483/1662 755/1482/1663 757/1478/1667
s 32
f 700/1440/1664 701/1436/1668 758/1437/1669 756/1441/1665
s 33
f 722/1475/1670 721/1479/1666 757/1478/1667 759/1474/1671
s 32
f 701/1436/1668 702/1432/1672 760/1433/1673 758/1437/1669
s 33
f 723/1471/1674 722/1475/1670 759/1474/1671 761/1470/1675
s 32
f 702/1432/1672 703/1428/1676 762/1429/1677 760/1433/1673
s 33
f 724/1467/1678 723/1471/1674 761/1470/1675 763/1466/1679
s 32
f 703/1428/1676 704/1424/1680 764/1425/1681 762/1429/1677
s 33
f 705/1463/1607 724/1467/1678 763/1466/1679 725/1462/1608
s 32
f 704/1424/1680 685/1420/1602 726/1421/1605 764/1425/1681
s 34
f 845/1990/1682 846/1993/1683 847/1992/1684 848/1991/1685
f 849/1994/1686 848/1991/1685 847/1992/1684 850/1995/1687
f 851/1998/1688 849/1994/1686 850/1995/1687 852/1999/1689
f 853/1012/1690 851/1016/1688 852/1015/1689 854/1011/1691
f 855/1009/1692 853/1012/1690 854/1011/1691 856/1010/1693
f 857/1013/1694 855/1009/1692 856/1010/1693 858/1014/1695
f 859/1017/1696 857/1013/1694 858/1014/1695 860/1018/1697
f 861/1019/1698 859/1017/1696 860/1018/1697 862/1020/1699
f 863/1021/1700 861/1019/1698 862/1020/1699 864/1022/1701
f 865/2000/1702 863/2003/1700 864/2002/1701 866/2001/1703
f 867/2004/1704 865/2000/1702 866/2001/1703 868/2005/1705
f 869/2006/1706 867/2004/1704 868/2005/1705 870/2007/1707
f 871/2008/1708 869/2006/1706 870/2007/1707 872/2009/1709
f 873/1026/1710 871/1030/1708 872/1029/1709 874/1025/1711
f 875/1023/1712 873/1026/1710 874/1025/1711 876/1024/1713
f 877/1027/1714 875/1023/1712 876/1024/1713 878/1028/1715
f 879/1031/1716 877/1027/1714 878/1028/1715 880/1032/1717
f 881/1033/1718 879/1031/1716 880/1032/1717 882/1034/1719
f 883/1035/1720 881/1033/1718 882/1034/1719 884/1036/1721
f 845/1990/1682 883/1997/1720 884/1996/1721 846/1993/1683
s 35
f 785/2010/1722 765/2013/1723 766/2012/1724 786/2011/1725
f 787/2014/1726 786/2011/1725 766/2012/1724 767/2015/1727
f 788/2018/1728 787/2014/1726 767/2015/1727 768/2019/1729
f 789/1040/1730 788/1044/1728 768/1043/1729 769/1039/1731
f 790/1037/1732 789/1040/1730 769/1039/1731 770/1038/1733
f 791/1041/1734 790/1037/1732 770/1038/1733 771/1042/1735
f 792/1045/1736 791/1041/1734 771/1042/1735 772/1046/1737
f 793/1047/1738 792/1045/1736 772/1046/1737 773/1048/1739
f 794/1049/1740 793/1047/1738 773/1048/1739 774/1050/1741
f 795/2020/1742 794/2023/1740 774/2022/1741 775/2021/1743
f 796/2024/1744 795/2020/1742 775/2021/1743 776/2025/1745
f 797/2026/1746 796/2024/1744 776/2025/1745 777/2027/1747
f 798/2028/1748 797/2026/1746 777/2027/1747 778/2029/1749
f 799/1054/1750 798/1058/1748 778/1057/1749 779/1053/1751
f 800/1051/1752 799/1054/1750 779/1053/1751 780/1052/1753
f 801/1055/1754 800/1051/1752 780/1052/1753 781/1056/1755
f 802/1059/1756 801/1055/1754 781/1056/1755 782/1060/1757
f 803/1061/1758 802/1059/1756 782/1060/1757 783/1062/1759
f 804/1063/1760 803/1061/1758 783/1062/1759 784/1064/1761
f 785/2010/1722 804/2017/1760 784/2016/1761 765/2013/1723
s 36
f 787/1500/1762 788/1503/1763 807/1502/1764 806/1501/1765
s 37
f 625/1540/1766 626/1543/1767 805/1542/1768 808/1541/1769
s 36
f 786/1504/1770 787/1500/1762 806/1501/1765 810/1505/1771
s 37
f 626/1543/1767 627/1547/1772 809/1546/1773 805/1542/1768
s 36
f 785/1508/1774 786/1504/1770 810/1505/1771 812/1509/1775
s 37
f 627/1547/1772 628/1551/1776 811/1550/1777 809/1546/1773
s 36
f 804/1512/1778 785/1508/1774 812/1509/1775 814/1513/1779
s 37
f 628/1551/1776 629/1555/1780 813/1554/1781 811/1550/1777
s 36
f 803/1516/1782 804/1512/1778 814/1513/1779 816/1517/1783
s 37
f 629/1555/1780 630/1559/1784 815/1558/1785 813/1554/1781
s 36
f 802/1520/1786 803/1516/1782 816/1517/1783 818/1521/1787
s 37
f 630/1559/1784 631/1563/1788 817/1562/1789 815/1558/1785
s 36
f 801/1524/1790 802/1520/1786 818/1521/1787 820/1525/1791
s 37
f 631/1563/1788 632/1567/1792 819/1566/1793 817/1562/1789
s 36
f 800/1528/1794 801/1524/1790 820/1525/1791 822/1529/1795
s 37
f 632/1567/1792 633/1571/1796 821/1570/1797 819/1566/1793
s 36
f 799/1532/1798 800/1528/1794 822/1529/1795 824/1533/1799
s 37
f 633/1571/1796 634/1575/1800 823/1574/1801 821/1570/1797
s 36
f 798/1536/1802 799/1532/1798 824/1533/1799 826/1537/1803
s 37
f 634/1575/1800 635/1579/1804 825/1578/1805 823/1574/1801
s 36
f 797/1539/1806 798/1536/1802 826/1537/1803 828/1538/1807
s 37
f 635/1579/1804 636/1576/1808 827/1577/1809 825/1578/1805
s 36
f 796/1535/1810 797/1539/1806 828/1538/1807 830/1534/1811
s 37
f 636/1576/1808 637/1572/1812 829/1573/1813 827/1577/1809
s 36
f 795/1531/1814 796/1535/1810 830/1534/1811 832/1530/1815
s 37
f 637/1572/1812 638/1568/1816 831/1569/1817 829/1573/1813
s 36
f 794/1527/1818 795/1531/1814 832/1530/1815 834/1526/1819
s 37
f 638/1568/1816 639/1564/1820 833/1565/1821 831/1569/1817
s 36
f 793/1523/1822 794/1527/1818 834/1526/1819 836/1522/1823
s 37
f 639/1564/1820 640/1560/1824 835/1561/1825 833/1565/1821
s 36
f 792/1519/1826 793/1523/1822 836/1522/1823 838/1518/1827
s 37
f 640/1560/1824 641/1556/1828 837/1557/1829 835/1561/1825
s 36
f 791/1515/1830 792/1519/1826 838/1518/1827 840/1514/1831
s 37
f 641/1556/1828 642/1552/1832 839/1553/1833 837/1557/1829
s 36
f 790/1511/1834 791/1515/1830 840/1514/1831 842/1510/1835
s 37
f 642/1552/1832 643/1548/1836 841/1549/1837 839/1553/1833
s 36
f 789/1507/1838 790/1511/1834 842/1510/1835 844/1506/1839
s 37
f 643/1548/1836 644/1544/1840 843/1545/1841 841/1549/1837
s 36
f 788/1503/1763 789/1507/1838 844/1506/1839 807/1502/1764
s 37
f 644/1544/1840 625/1540/1766 808/1541/1769 843/1545/1841
s 38
f 608/1580/1842 607/1583/1843 847/1582/1844 846/1581/1845
s 39
f 766/1620/1846 765/1623/1847 845/1622/1848 848/1621/1849
f 767/1624/1850 766/1620/1846 848/1621/1849 849/1625/1851
s 38
f 607/1583/1843 606/1587/1852 850/1586/1853 847/1582/1844
s 39
f 768/1628/1854 767/1624/1850 849/1625/1851 851/1629/1855
s 38
f 606/1587/1852 605/1591/1856 852/1590/1857 850/1586/1853
s 39
f 769/1632/1858 768/1628/1854 851/1629/1855 853/1633/1859
s 38
f 605/1591/1856 624/1595/1860 854/1594/1861 852/1590/1857
s 39
f 770/1636/1862 769/1632/1858 853/1633/1859 855/1637/1863
s 38
f 624/1595/1860 623/1599/1864 856/1598/1865 854/1594/1861
s 39
f 771/1640/1866 770/1636/1862 855/1637/1863 857/1641/1867
s 38
f 623/1599/1864 622/1603/1868 858/1602/1869 856/1598/1865
s 39
f 772/1644/1870 771/1640/1866 857/1641/1867 859/1645/1871
s 38
f 622/1603/1868 621/1607/1872 860/1606/1873 858/1602/1869
s 39
f 773/1648/1874 772/1644/1870 859/1645/1871 861/1649/1875
s 38
f 621/1607/1872 620/1611/1876 862/1610/1877 860/1606/1873
s 39
f 774/1652/1878 773/1648/1874 861/1649/1875 863/1653/1879
s 38
f 620/1611/1876 619/1615/1880 864/1614/1881 862/1610/1877
s 39
f 775/1656/1882 774/1652/1878 863/1653/1879 865/1657/1883
s 38
f 619/1615/1880 618/1619/1884 866/1618/1885 864/1614/1881
s 39
f 776/1659/1886 775/1656/1882 865/1657/1883 867/1658/1887
s 38
f 618/1619/1884 617/1616/1888 868/1617/1889 866/1618/1885
s 39
f 777/1655/1890 776/1659/1886 867/1658/1887 869/1654/1891
s 38
f 617/1616/1888 616/1612/1892 870/1613/1893 868/1617/1889
s 39
f 778/1651/1894 777/1655/1890 869/1654/1891 871/1650/1895
s 38
f 616/1612/1892 615/1608/1896 872/1609/1897 870/1613/1893
s 39
f 779/1647/1898 778/1651/1894 871/1650/1895 873/1646/1899
s 38
f 615/1608/1896 614/1604/1900 874/1605/1901 872/1609/1897
s 39
f 780/1643/1902 779/1647/1898 873/1646/1899 875/1642/1903
s 38
f 614/1604/1900 613/1600/1904 876/1601/1905 874/1605/1901
s 39
f 781/1639/1906 780/1643/1902 875/1642/1903 877/1638/1907
s 38
f 613/1600/1904 612/1596/1908 878/1597/1909 876/1601/1905
s 39
f 782/1635/1910 781/1639/1906 877/1638/1907 879/1634/1911
s 38
f 612/1596/1908 611/1592/1912 880/1593/1913 878/1597/1909
s 39
f 783/1631/1914 782/1635/1910 879/1634/1911 881/1630/1915
s 38
f 611/1592/1912 610/1588/1916 882/1589/1917 880/1593/1913
s 39
f 784/1627/1918 783/1631/1914 881/1630/1915 883/1626/1919
s 38
f 610/1588/1916 609/1584/1920 884/1585/1921 882/1589/1917
s 39
f 765/1623/1847 784/1627/1918 883/1626/1919 845/1622/1848
s 38
f 609/1584/1920 608/1580/1842 846/1581/1845 884/1585/1921
s 16
f 534/1124/1212 533/1125/1211 885/1121/1922 887/1122/1923
f 535/1128/1214 534/1124/1212 887/1122/1923 888/1126/1924
f 536/1132/1216 535/1128/1214 888/1126/1924 889/1130/1925
f 537/1136/1218 536/1132/1216 889/1130/1925 890/1134/1926
f 538/1140/1220 537/1136/1218 890/1134/1926 891/1138/1927
f 539/1144/1222 538/1140/1220 891/1138/1927 892/1142/1928
f 540/1148/1224 539/1144/1222 892/1142/1928 893/1146/1929
f 541/1152/1226 540/1148/1224 893/1146/1929 894/1150/1930
f 542/1156/1228 541/1152/1226 894/1150/1930 895/1154/1931
f 543/1160/1230 542/1156/1228 895/1154/1931 896/1158/1932
f 544/1161/1232 543/1160/1230 896/1158/1932 897/1159/1933
f 545/1157/1234 544/1161/1232 897/1159/1933 898/1155/1934
f 546/1153/1236 545/1157/1234 898/1155/1934 899/1151/1935
f 547/1149/1238 546/1153/1236 899/1151/1935 900/1147/1936
f 548/1145/1240 547/1149/1238 900/1147/1936 901/1143/1937
f 549/1141/1242 548/1145/1240 901/1143/1937 902/1139/1938
f 550/1137/1244 549/1141/1242 902/1139/1938 903/1135/1939
f 551/1133/1246 550/1137/1244 903/1135/1939 904/1131/1940
f 552/1129/1248 551/1133/1246 904/1131/1940 905/1127/1941
f 533/1125/1211 552/1129/1248 905/1127/1941 885/1121/1922
s 40
f 946/1660/1942 947/1663/1943 948/1662/1944 949/1661/1945
f 950/1664/1946 949/1661/1945 948/1662/1944 951/1665/1947
f 952/1668/1948 950/1664/1946 951/1665/1947 953/1669/1949
f 954/1672/1950 952/1668/1948 953/1669/1949 955/1673/1951
f 956/1676/1952 954/1672/1950 955/1673/1951 957/1677/1953
f 958/1680/1954 956/1676/1952 957/1677/1953 959/1681/1955
f 960/1684/1956 958/1680/1954 959/1681/1955 961/1685/1957
f 962/1688/1958 960/1684/1956 961/1685/1957 963/1689/1959
f 964/1692/1960 962/1688/1958 963/1689/1959 965/1693/1961
f 966/1696/1962 964/1692/1960 965/1693/1961 967/1697/1963
f 968/1699/1964 966/1696/1962 967/1697/1963 969/1698/1965
f 970/1695/1966 968/1699/1964 969/1698/1965 971/1694/1967
f 972/1691/1968 970/1695/1966 971/1694/1967 973/1690/1969
f 974/1687/1970 972/1691/1968 973/1690/1969 975/1686/1971
f 976/1683/1972 974/1687/1970 975/1686/1971 977/1682/1973
f 978/1679/1974 976/1683/1972 977/1682/1973 979/1678/1975
f 980/1675/1976 978/1679/1974 979/1678/1975 981/1674/1977
f 982/1671/1978 980/1675/1976 981/1674/1977 983/1670/1979
f 984/1667/1980 982/1671/1978 983/1670/1979 985/1666/1981
f 946/1660/1942 984/1667/1980 985/1666/1981 947/1663/1943
s 41
f 926/1700/1982 531/1703/1983 532/1702/1984 927/1701/1985
f 928/1704/1986 927/1701/1985 532/1702/1984 513/1705/1987
f 929/1708/1988 928/1704/1986 513/1705/1987 514/1709/1989
f 930/1712/1990 929/1708/1988 514/1709/1989 515/1713/1991
f 931/1716/1992 930/1712/1990 515/1713/1991 516/1717/1993
f 932/1720/1994 931/1716/1992 516/1717/1993 517/1721/1995
f 933/1724/1996 932/1720/1994 517/1721/1995 518/1725/1997
f 934/1728/1998 933/1724/1996 518/1725/1997 519/1729/1999
f 935/1732/2000 934/1728/1998 519/1729/1999 520/1733/2001
f 936/1736/2002 935/1732/2000 520/1733/2001 521/1737/2003
f 937/1739/2004 936/1736/2002 521/1737/2003 522/1738/2005
f 938/1735/2006 937/1739/2004 522/1738/2005 523/1734/2007
f 939/1731/2008 938/1735/2006 523/1734/2007 524/1730/2009
f 940/1727/2010 939/1731/2008 524/1730/2009 525/1726/2011
f 941/1723/2012 940/1727/2010 525/1726/2011 526/1722/2013
f 942/1719/2014 941/1723/2012 526/1722/2013 527/1718/2015
f 943/1715/2016 942/1719/2014 527/1718/2015 528/1714/2017
f 944/1711/2018 943/1715/2016 528/1714/2017 529/1710/2019
f 945/1707/2020 944/1711/2018 529/1710/2019 530/1706/2021
f 926/1700/1982 945/1707/2020 530/1706/2021 531/1703/1983
s 42
f 926/1065/2022 927/1068/2023 948/1067/2024 947/1066/2025
s 43
f 907/1079/2026 906/1082/2027 946/1081/2028 949/1080/2029
f 908/1083/2030 907/1079/2026 949/1080/2029 950/1084/2031
s 42
f 927/1068/2023 928/1072/2032 951/1071/2033 948/1067/2024
s 43
f 909/1087/2034 908/1083/2030 950/1084/2031 952/1088/2035
s 42
f 928/1072/2032 929/1076/2036 953/1075/2037 951/1071/2033
s 43
f 910/1091/2038 909/1087/2034 952/1088/2035 954/1092/2039
s 42
f 929/1076/2036 930/1078/2040 955/1077/2041 953/1075/2037
s 43
f 911/2030/2042 910/2033/2038 954/2032/2039 956/2031/2043
s 42
f 930/2040/2040 931/2043/2044 957/2042/2045 955/2041/2041
s 43
f 912/2034/2046 911/2030/2042 956/2031/2043 958/2035/2047
s 42
f 931/2043/2044 932/2045/2048 959/2044/2049 957/2042/2045
s 43
f 913/2036/2050 912/2034/2046 958/2035/2047 960/2037/2051
s 42
f 932/2045/2048 933/2047/2052 961/2046/2053 959/2044/2049
s 43
f 914/2038/2054 913/2036/2050 960/2037/2051 962/2039/2055
s 42
f 933/2047/2052 934/2049/2056 963/2048/2057 961/2046/2053
s 43
f 915/1096/2058 914/1100/2054 962/1099/2055 964/1095/2059
s 42
f 934/1111/2056 935/1107/2060 965/1108/2061 963/1112/2057
s 43
f 916/1093/2062 915/1096/2058 964/1095/2059 966/1094/2063
s 42
f 935/1107/2060 936/1110/2064 967/1109/2065 965/1108/2061
s 43
f 917/1097/2066 916/1093/2062 966/1094/2063 968/1098/2067
s 42
f 936/1110/2064 937/1114/2068 969/1113/2069 967/1109/2065
s 43
f 918/1101/2070 917/1097/2066 968/1098/2067 970/1102/2071
s 42
f 937/1114/2068 938/1116/2072 971/1115/2073 969/1113/2069
s 43
f 919/1103/2074 918/1101/2070 970/1102/2071 972/1104/2075
s 42
f 938/1116/2072 939/1118/2076 973/1117/2077 971/1115/2073
s 43
f 920/1105/2078 919/1103/2074 972/1104/2075 974/1106/2079
s 42
f 939/1118/2076 940/1120/2080 975/1119/2081 973/1117/2077
s 43
f 921/2050/2082 920/2053/2078 974/2052/2079 976/2051/2083
s 42
f 940/2060/2080 941/2063/2084 977/2062/2085 975/2061/2081
s 43
f 922/2054/2086 921/2050/2082 976/2051/2083 978/2055/2087
s 42
f 941/2063/2084 942/2065/2088 979/2064/2089 977/2062/2085
s 43
f 923/2056/2090 922/2054/2086 978/2055/2087 980/2057/2091
s 42
f 942/2065/2088 943/2067/2092 981/2066/2093 979/2064/2089
s 43
f 924/2058/2094 923/2056/2090 980/2057/2091 982/2059/2095
s 42
f 943/2067/2092 944/2069/2096 983/2068/2097 981/2066/2093
s 43
f 925/1086/2098 924/1090/2094 982/1089/2095 984/1085/2099
s 42
f 944/1073/2096 945/1069/2100 985/1070/2101 983/1074/2097
s 43
f 906/1082/2027 925/1086/2098 984/1085/2099 946/1081/2028
s 42
f 945/1069/2100 926/1065/2022 947/1066/2025 985/1070/2101
s off
usemtl lambert16SG
f 994/2094/2102 995/2095/2103 996/2096/2104 997/2097/2105
f 998/2174/2106 999/2175/2107 995/2176/2108 994/2177/2109
f 1001/2098/2110 1000/2099/2111 999/2100/2112 998/2101/2113
f 996/2178/2114 1000/2179/2115 1001/2180/2116 997/2181/2117
f 578/2102/2118 991/2103/2119 990/2104/2120 584/2105/2121
f 577/2182/2122 992/2183/2123 991/2184/2124 578/2185/2125
f 583/2106/2126 993/2107/2127 992/2108/2128 577/2109/2129
f 990/2186/2130 993/2187/2131 583/2188/2132 584/2189/2133
s 44
f 987/2134/2134 986/2135/2135 996/2136/2136 995/2137/2137
s 45
f 990/2142/2138 991/2143/2139 994/2144/2140 997/2145/2141
s 44
f 988/2140/2142 987/2134/2134 995/2137/2137 999/2141/2143
s 45
f 991/2143/2139 992/2146/2144 998/2147/2145 994/2144/2140
s 44
f 989/2138/2146 988/2140/2142 999/2141/2143 1000/2139/2147
s 45
f 992/2146/2144 993/2148/2148 1001/2149/2149 998/2147/2145
s 44
f 986/2135/2135 989/2138/2146 1000/2139/2147 996/2136/2136
s 45
f 993/2148/2148 990/2142/2138 997/2145/2141 1001/2149/2149
g default
v 0.725016 0.386658 -2.216705
v -0.784040 0.386658 -2.216640
v 0.725016 0.468417 -2.216705
v -0.784040 0.468417 -2.216640
v 0.724987 0.468417 -2.575454
v -0.784058 0.468417 -2.575378
v 0.724987 0.386658 -2.575454
v -0.784058 0.386658 -2.575378
v 0.232479 0.386658 -2.216676
v -0.291533 0.386658 -2.216659
v -0.291533 0.468417 -2.216659
v 0.232479 0.468417 -2.216676
v -0.291542 0.468417 -2.575406
v 0.232460 0.468417 -2.575425
v -0.291542 0.386658 -2.575406
v 0.232460 0.386658 -2.575425
v -0.656815 0.386658 -2.482705
v -0.656807 0.386658 -2.309302
v -0.418766 0.386658 -2.309312
v -0.418776 0.386658 -2.482715
v 0.597773 0.386658 -2.482770
v 0.597782 0.386658 -2.309369
v 0.359703 0.386658 -2.482761
v 0.359713 0.386658 -2.309360
v -0.656815 0.233168 -2.482705
v -0.656807 0.233168 -2.309302
v -0.418766 0.233168 -2.309312
v -0.418776 0.233168 -2.482715
v 0.597773 0.233168 -2.482770
v 0.597782 0.233168 -2.309369
v 0.359703 0.233168 -2.482761
v 0.359713 0.233168 -2.309360
v -0.670702 0.233168 -2.492822
v -0.670692 0.233168 -2.299186
v -0.404881 0.233168 -2.299205
v -0.404888 0.233168 -2.492831
v 0.611658 0.233168 -2.492887
v 0.611668 0.233168 -2.299253
v 0.345818 0.233168 -2.492868
v 0.345827 0.233168 -2.299243
v -0.670702 0.213510 -2.492822
v -0.670692 0.213510 -2.299186
v -0.404881 0.213510 -2.299205
v -0.404888 0.213510 -2.492831
v 0.611658 0.213510 -2.492887
v 0.611668 0.213510 -2.299253
v 0.345818 0.213510 -2.492868
v 0.345827 0.213510 -2.299243
v -0.621008 0.359009 -2.309302
v -0.454563 0.359009 -2.309312
v -0.454563 0.260816 -2.309312
v -0.621008 0.260816 -2.309302
v -0.621027 0.359009 -2.482705
v -0.454573 0.359009 -2.482715
v -0.621027 0.260816 -2.482705
v -0.454573 0.260816 -2.482715
v 0.561975 0.359009 -2.482770
v 0.395502 0.359009 -2.482761
v 0.395502 0.260816 -2.482761
v 0.561975 0.260816 -2.482770
v 0.561983 0.359009 -2.309360
v 0.395512 0.359009 -2.309360
v 0.561983 0.260816 -2.309360
v 0.395512 0.260816 -2.309360
v -0.621008 0.359009 -2.323302
v -0.454573 0.359009 -2.323312
v -0.454573 0.260816 -2.323312
v -0.621008 0.260816 -2.323302
v -0.621027 0.359009 -2.468715
v -0.454573 0.359009 -2.468724
v -0.621027 0.260816 -2.468715
v -0.454573 0.260816 -2.468724
v 0.561975 0.359009 -2.468772
v 0.395502 0.359009 -2.468763
v 0.395502 0.260816 -2.468763
v 0.561975 0.260816 -2.468772
v 0.561983 0.359009 -2.323358
v 0.395502 0.359009 -2.323348
v 0.561983 0.260816 -2.323358
v 0.395502 0.260816 -2.323348
v 0.725016 0.444561 -2.216705
v 0.724987 0.444561 -2.575454
v 0.232460 0.444561 -2.575425
v -0.291542 0.444561 -2.575406
v -0.784058 0.444561 -2.575378
v -0.784040 0.444561 -2.216640
v -0.291533 0.444561 -2.216659
v 0.232479 0.444561 -2.216676
v 0.725016 0.415599 -2.216705
v 0.724987 0.415599 -2.575454
v 0.232460 0.415599 -2.575425
v -0.291542 0.415599 -2.575406
v -0.784058 0.415599 -2.575378
v -0.784040 0.415599 -2.216640
v -0.291533 0.415599 -2.216659
v 0.232479 0.415599 -2.216676
v 0.641605 0.421870 -2.575444
v 0.229816 0.421870 -2.575425
v 0.641605 0.438290 -2.575444
v 0.229816 0.438290 -2.575425
v -0.288870 0.438290 -2.575397
v -0.288870 0.421870 -2.575397
v -0.700676 0.438290 -2.575378
v -0.700676 0.421870 -2.575378
v -0.700659 0.421870 -2.216640
v -0.288851 0.421870 -2.216659
v -0.700659 0.438290 -2.216640
v -0.288851 0.438290 -2.216659
v 0.229836 0.421870 -2.216676
v 0.229836 0.438290 -2.216676
v 0.641624 0.438290 -2.216705
v 0.641624 0.421870 -2.216705
v 0.641615 0.421870 -2.557826
v 0.229816 0.421870 -2.557807
v 0.641615 0.438290 -2.557826
v 0.229816 0.438290 -2.557807
v -0.288870 0.438290 -2.557788
v -0.288870 0.421870 -2.557788
v -0.700676 0.438290 -2.557761
v -0.700676 0.421870 -2.557761
v -0.700659 0.421870 -2.234258
v -0.288851 0.421870 -2.234275
v -0.700659 0.438290 -2.234258
v -0.288851 0.438290 -2.234275
v 0.229836 0.421870 -2.234294
v 0.229836 0.438290 -2.234294
v 0.641624 0.438290 -2.234323
v 0.641624 0.421870 -2.234323
v 0.231241 0.468417 -2.256301
v -0.290285 0.468417 -2.256272
v -0.290295 0.468417 -2.535793
v 0.231241 0.468417 -2.535812
v -0.745205 0.468417 -2.256253
v -0.745213 0.468417 -2.535754
v 0.686180 0.468417 -2.256318
v 0.686161 0.468417 -2.535831
v 0.231241 0.471526 -2.256301
v -0.290285 0.471526 -2.256272
v -0.290295 0.471526 -2.535793
v 0.231241 0.471526 -2.535812
v -0.745205 0.471526 -2.256253
v -0.745213 0.471526 -2.535754
v 0.686180 0.471526 -2.256318
v 0.686161 0.471526 -2.535831
v -0.656807 0.355783 -2.458131
v -0.656807 0.355783 -2.333879
v -0.656807 0.264043 -2.333879
v -0.656807 0.264043 -2.458131
v -0.418776 0.355783 -2.458139
v -0.418776 0.355783 -2.333896
v -0.418776 0.264043 -2.458139
v -0.418776 0.264043 -2.333896
v 0.597773 0.355783 -2.458196
v 0.597782 0.355783 -2.333944
v 0.597773 0.264043 -2.458196
v 0.597782 0.264043 -2.333944
v 0.359703 0.355783 -2.458177
v 0.359703 0.355783 -2.333934
v 0.359703 0.264043 -2.333934
v 0.359703 0.264043 -2.458177
v -0.645002 0.355783 -2.458131
v -0.644993 0.355783 -2.333879
v -0.644993 0.264043 -2.333879
v -0.645002 0.264043 -2.458131
v -0.430599 0.355783 -2.458139
v -0.430590 0.355783 -2.333888
v -0.430599 0.264043 -2.458139
v -0.430590 0.264043 -2.333888
v 0.585958 0.355783 -2.458196
v 0.585958 0.355783 -2.333944
v 0.585958 0.264043 -2.458196
v 0.585958 0.264043 -2.333944
v 0.371517 0.355783 -2.458186
v 0.371527 0.355783 -2.333934
v 0.371527 0.264043 -2.333934
v 0.371517 0.264043 -2.458186
v 0.725006 0.424643 -2.233159
v 0.724987 0.424643 -2.558997
v 0.725006 0.435518 -2.233159
v 0.724987 0.435518 -2.558997
v -0.784058 0.424643 -2.558932
v -0.784040 0.424643 -2.233085
v -0.784058 0.435518 -2.558932
v -0.784040 0.435518 -2.233085
v 0.720591 0.424643 -2.233159
v 0.720572 0.424643 -2.558997
v 0.720591 0.435518 -2.233159
v 0.720572 0.435518 -2.558997
v -0.779633 0.424643 -2.558923
v -0.779613 0.424643 -2.233085
v -0.779633 0.435518 -2.558923
v -0.779613 0.435518 -2.233085
v 0.232029 0.468417 -2.561464
v -0.291101 0.468417 -2.561444
v -0.770369 0.468417 -2.561427
v -0.770361 0.468417 -2.230582
v -0.291092 0.468417 -2.230609
v 0.232048 0.468417 -2.230638
v 0.711327 0.468417 -2.230657
v 0.711308 0.468417 -2.561502
v 0.231691 0.468417 -2.550719
v -0.290764 0.468417 -2.550691
v -0.759830 0.468417 -2.550672
v -0.759821 0.468417 -2.241336
v -0.290754 0.468417 -2.241365
v 0.231720 0.468417 -2.241391
v 0.700788 0.468417 -2.241410
v 0.700769 0.468417 -2.550739
v 0.232029 0.466749 -2.561464
v -0.291101 0.466749 -2.561444
v -0.770369 0.466749 -2.561427
v -0.770361 0.466749 -2.230582
v -0.291092 0.466749 -2.230609
v 0.232048 0.466749 -2.230638
v 0.711327 0.466749 -2.230657
v 0.711308 0.466749 -2.561502
v 0.231691 0.466749 -2.550719
v -0.290764 0.466749 -2.550691
v -0.759830 0.466749 -2.550672
v -0.759821 0.466749 -2.241336
v -0.290754 0.466749 -2.241365
v 0.231720 0.466749 -2.241391
v 0.700788 0.466749 -2.241410
v 0.700769 0.466749 -2.550739
vt 4.870393 1.717118
vt 5.006457 1.717118
vt 5.006457 3.403685
vt 4.870393 3.403685
vt 5.048974 1.794433
vt 5.048974 3.326369
vt 5.142617 1.717118
vt 5.100104 1.794433
vt 5.100104 3.326369
vt 5.142617 3.403685
vt 5.254777 1.717118
vt 5.254777 3.403685
vt 5.318880 1.717073
vt 5.454942 1.717073
vt 5.454942 3.403693
vt 5.318880 3.403693
vt 5.497458 1.794439
vt 5.497458 3.326334
vt 5.591104 1.717073
vt 5.548590 1.794439
vt 5.548590 3.326334
vt 5.591104 3.403693
vt 5.703259 1.717073
vt 5.703259 3.403693
vt 2.164773 4.149141
vt 1.733465 4.149141
vt 1.733465 3.564982
vt 2.164773 3.564982
vt 2.673847 4.149130
vt 2.242537 4.149130
vt 2.242537 3.564982
vt 2.673847 3.564982
vt 3.182917 4.149141
vt 2.751610 4.149141
vt 2.751610 3.564983
vt 3.182917 3.564983
vt 3.691993 4.149141
vt 3.260684 4.149141
vt 3.260684 3.564983
vt 3.691993 3.564983
vt -3.876254 3.411577
vt -3.968675 3.411577
vt -3.968675 2.501219
vt -3.876254 2.501219
vt -4.189297 3.411533
vt -4.281714 3.411533
vt -4.281714 2.501219
vt -4.189297 2.501219
vt -4.032778 3.411566
vt -4.125196 3.411566
vt -4.125196 2.501219
vt -4.032778 2.501219
vt -4.345817 3.411524
vt -4.438238 3.411524
vt -4.438238 2.501219
vt -4.345817 2.501219
vt 4.812997 4.194707
vt 4.747178 4.194707
vt 4.747178 3.733064
vt 4.812997 3.733064
vt 4.889719 3.445388
vt 4.955538 3.445388
vt 4.955538 3.907031
vt 4.889719 3.907031
vt 5.098032 3.907031
vt 5.032259 3.907031
vt 5.032259 3.445388
vt 5.098032 3.445388
vt 5.174799 3.445388
vt 5.240574 3.445388
vt 5.240574 3.907031
vt 5.174799 3.907031
vt 5.383153 3.907039
vt 5.317341 3.907039
vt 5.317341 3.445396
vt 5.383153 3.445396
vt 5.459881 3.445396
vt 5.525691 3.445396
vt 5.525691 3.907039
vt 5.459881 3.907039
vt 5.668231 3.907039
vt 5.602421 3.907039
vt 5.602421 3.445396
vt 5.668231 3.445396
vt 5.637493 3.948741
vt 5.703259 3.948741
vt 5.703259 4.410385
vt 5.637493 4.410385
vt 4.441283 2.136011
vt 4.492410 2.136011
vt 4.492410 3.667905
vt 4.441283 3.667905
vt 4.326051 2.136011
vt 4.377180 2.136011
vt 4.377180 3.667902
vt 4.326051 3.667902
vt 4.538943 4.418342
vt 4.538943 4.335513
vt 4.616141 4.335513
vt 4.616141 4.418342
vt 4.474842 4.335513
vt 4.474842 4.418332
vt 4.397642 4.418332
vt 4.397642 4.335513
vt 4.256343 4.418300
vt 4.256343 4.335471
vt 4.333541 4.335471
vt 4.333541 4.418300
vt 4.192239 4.335457
vt 4.192239 4.418288
vt 4.115042 4.418288
vt 4.115042 4.335457
vt 3.854823 2.136011
vt 3.869438 2.136011
vt 3.869438 3.450054
vt 3.854823 3.450054
vt 3.933541 2.136011
vt 3.948159 2.136011
vt 3.948159 3.450105
vt 3.933541 3.450105
vt -3.981642 4.268514
vt -4.126796 4.152980
vt -4.126796 3.568823
vt -3.981642 3.453280
vt -4.703259 4.268514
vt -4.558104 4.152980
vt -4.558104 3.568823
vt -4.703259 3.453280
vt -3.185451 4.477283
vt -3.330606 4.361703
vt -3.330606 3.777591
vt -3.185451 3.662046
vt -3.907069 4.477283
vt -3.761913 4.361703
vt -3.761913 3.777591
vt -3.907069 3.662046
vt -2.391295 4.477272
vt -2.536451 4.361739
vt -2.536451 3.777580
vt -2.391295 3.662046
vt -3.112913 4.477272
vt -2.967757 4.361739
vt -2.967757 3.777580
vt -3.112913 3.662046
vt -1.597142 4.477407
vt -1.742296 4.361826
vt -1.742296 3.777714
vt -1.597142 3.662179
vt -2.318759 4.477407
vt -2.173605 4.361826
vt -2.173605 3.777714
vt -2.318759 3.662179
vt 4.806292 3.272549
vt 4.798450 3.272549
vt 4.798450 1.717118
vt 4.806292 1.717118
vt 4.734347 3.691362
vt 4.726502 3.691362
vt 4.726502 2.135931
vt 4.734347 2.135931
vt 4.092048 3.590318
vt 4.084205 3.590318
vt 4.084205 2.136011
vt 4.092048 2.136011
vt 4.020103 3.590283
vt 4.012261 3.590283
vt 4.012261 2.136011
vt 4.020103 2.136011
vt 3.220182 -2.496385
vt 4.534268 -2.496385
vt 4.534180 -0.044439
vt 3.220047 -0.044486
vt 4.534358 -4.635141
vt 3.220262 -4.635230
vt 3.219958 2.094272
vt 4.534002 2.094308
vt -4.703124 -2.319531
vt -3.016504 -2.319622
vt -3.016422 0.143962
vt -4.703034 0.144007
vt -4.267472 -2.917750
vt -3.452245 -2.917797
vt -3.452021 0.742138
vt -4.267257 0.742182
vt -4.703259 -4.635094
vt -4.267516 -4.037008
vt -3.452292 -4.037055
vt -3.016637 -4.635229
vt -3.016333 2.459435
vt -3.451977 1.861260
vt -4.267211 1.861296
vt -4.702900 2.459516
vt 0.618319 3.622235
vt 0.618274 2.372540
vt 1.528589 2.372505
vt 1.528678 3.622190
vt 3.790675 2.273415
vt 3.790721 3.523235
vt 2.880417 3.523280
vt 2.880326 2.273460
vt 0.506566 3.685524
vt 0.554129 3.750817
vt -0.356231 3.750770
vt -0.308669 3.685488
vt 0.506612 2.566410
vt 0.554172 2.501120
vt -0.356142 2.501084
vt -0.308625 2.566366
vt 1.953438 2.338695
vt 1.905876 2.273415
vt 2.816223 2.273460
vt 2.768663 2.338742
vt 1.953392 3.457951
vt 1.905830 3.523233
vt 2.816135 3.523280
vt 2.768617 3.458001
vt 0.984810 4.446462
vt 0.918991 4.446462
vt 0.918947 3.663984
vt 0.984766 3.663939
vt 1.061532 3.663938
vt 1.127351 3.663982
vt 1.127306 4.446460
vt 1.061487 4.446460
vt 0.633866 3.663939
vt 0.699640 3.663939
vt 0.699685 4.446506
vt 0.633911 4.446506
vt 0.842179 4.446507
vt 0.776406 4.446507
vt 0.776449 3.663938
vt 0.842225 3.663938
vt -0.180651 3.792519
vt -0.114839 3.792519
vt -0.114794 4.575175
vt -0.180604 4.575175
vt 0.027701 4.575173
vt -0.038110 4.575173
vt -0.038064 3.792519
vt 0.027747 3.792519
vt -0.929358 4.444836
vt -0.995124 4.444880
vt -0.995168 3.662188
vt -0.929358 3.662188
vt -0.852628 3.662188
vt -0.786818 3.662188
vt -0.786863 4.444880
vt -0.852628 4.444834
vt 4.993124 -2.699204
vt 4.910295 -2.699204
vt 4.910384 -4.635230
vt 4.993217 -4.635185
vt 4.992989 -0.260658
vt 4.910206 -0.260658
vt 4.992900 1.675404
vt 4.910081 1.675404
vt 5.072985 -4.635185
vt 5.155815 -4.635229
vt 5.155904 -2.699204
vt 5.073075 -2.699204
vt 5.155993 -0.260656
vt 5.073209 -0.260656
vt 5.156120 1.675406
vt 5.073299 1.675406
vt 5.378518 -0.260703
vt 5.461340 -0.260703
vt 5.461258 1.675367
vt 5.378429 1.675367
vt 5.378600 -2.699249
vt 5.461430 -2.699249
vt 5.378734 -4.635230
vt 5.461565 -4.635230
vt 5.624468 1.675369
vt 5.541638 1.675369
vt 5.541557 -0.260702
vt 5.624379 -0.260702
vt 5.541468 -2.699249
vt 5.624297 -2.699249
vt 5.541333 -4.635230
vt 5.624164 -4.635230
vt -2.949839 -2.319622
vt -2.884200 -2.317595
vt -2.884335 0.141891
vt -2.949921 0.143961
vt -2.949706 -4.635230
vt -2.884111 -4.570872
vt -2.884460 2.395120
vt -2.950010 2.459435
vt -1.263084 -4.635094
vt -1.328679 -4.570782
vt -1.329028 2.395156
vt -1.263443 2.459517
vt -1.263220 -2.319532
vt -1.328857 -2.317505
vt -1.328950 0.141934
vt -1.263308 0.144007
vt 3.769757 3.564983
vt 3.825255 3.564983
vt 3.825300 4.149141
vt 3.769757 4.149141
vt 3.891935 3.491808
vt 3.947477 3.491808
vt 3.947433 4.075965
vt 3.891935 4.075965
vt 4.069700 4.216135
vt 4.014157 4.216171
vt 4.014112 3.632020
vt 4.069700 3.632020
vt 4.191877 4.293755
vt 4.136290 4.293755
vt 4.136335 3.709606
vt 4.191877 3.709642
vt 4.314057 4.293767
vt 4.258468 4.293767
vt 4.258468 3.709608
vt 4.314011 3.709608
vt 4.436188 4.293767
vt 4.380646 4.293767
vt 4.380646 3.709608
vt 4.436234 3.709608
vt 4.502823 3.709696
vt 4.558365 3.709651
vt 4.558412 4.293809
vt 4.502823 4.293809
vt 4.625000 3.709615
vt 4.680589 3.709615
vt 4.680543 4.293776
vt 4.625000 4.293730
vt 4.261860 3.667905
vt 4.241101 3.667905
vt 4.241190 2.136011
vt 4.261949 2.136011
vt 4.176999 3.667903
vt 4.156240 3.667903
vt 4.156151 2.136011
vt 4.176910 2.136011
vt 4.641588 2.135975
vt 4.662401 2.135975
vt 4.662312 3.667866
vt 4.641508 3.667913
vt 4.556513 2.136011
vt 4.577316 2.136055
vt 4.577405 3.667947
vt 4.556593 3.667947
vt 1.293407 0.077580
vt 1.242852 0.075990
vt 1.242984 -2.380276
vt 1.293499 -2.381862
vt 1.293329 2.330802
vt 1.242763 2.281257
vt 1.243077 -4.585596
vt 1.293678 -4.635139
vt -0.262103 2.330766
vt -0.211546 2.281211
vt -0.211196 -4.585685
vt -0.261754 -4.635230
vt -0.261978 0.077534
vt -0.211411 0.075944
vt -0.211287 -2.380411
vt -0.261843 -2.381953
vt 2.984233 0.026446
vt 2.914189 0.024241
vt 2.914278 -2.427705
vt 2.984365 -2.429821
vt 2.984144 2.231712
vt 2.914011 2.162988
vt 2.914367 -4.566461
vt 2.984457 -4.635141
vt 1.529834 2.231666
vt 1.599967 2.162952
vt 1.600271 -4.566549
vt 1.530185 -4.635230
vt 1.529969 0.026399
vt 1.600056 0.024194
vt 1.600191 -2.427705
vt 1.530094 -2.429956
vt -1.198797 -2.319622
vt -1.062734 -2.319622
vt -1.062734 0.143961
vt -1.198797 0.143961
vt -1.198797 -4.635230
vt -1.062734 -4.635230
vt -1.033253 -2.307193
vt -1.033253 0.131353
vt -1.198797 2.459435
vt -1.062734 2.459435
vt -1.033253 -4.243174
vt -1.033253 2.067425
vt -0.926574 -4.635230
vt -0.956055 -4.243174
vt -0.956055 2.067425
vt -0.926574 2.459435
vt -0.926574 -2.319622
vt -0.956055 -2.307193
vt -0.956055 0.131353
vt -0.926574 0.143961
vt -0.814414 -4.635230
vt -0.814414 -2.319622
vt -0.814414 0.143961
vt -0.814414 2.459435
vt -0.482133 -2.319667
vt -0.346064 -2.319667
vt -0.346064 0.143869
vt -0.482133 0.143869
vt -0.346064 -4.635226
vt -0.482133 -4.635226
vt -0.482133 2.459378
vt -0.346064 2.459378
vt -0.511609 0.131307
vt -0.511609 -2.307241
vt -0.511609 -4.243221
vt -0.511609 2.067373
vt -0.588812 -4.243221
vt -0.618288 -4.635226
vt -0.618288 2.459378
vt -0.588812 2.067373
vt -0.588812 -2.307241
vt -0.618288 -2.319667
vt -0.618288 0.143869
vt -0.588812 0.131307
vt -0.730450 -2.319667
vt -0.730450 -4.635226
vt -0.730450 2.459378
vt -0.730450 0.143869
vt 1.665671 4.446417
vt 1.204028 4.446417
vt 1.204028 3.663939
vt 1.665671 3.663939
vt 0.104430 3.792521
vt 0.566069 3.792521
vt 0.566069 4.575086
vt 0.104430 4.575086
vt -0.710087 3.792521
vt -0.248448 3.792521
vt -0.248448 4.575179
vt -0.710087 4.575179
vt -1.062961 4.444880
vt -1.524604 4.444880
vt -1.524604 3.662188
vt -1.062961 3.662188
vt -0.420333 3.750769
vt -0.512754 3.750769
vt -0.512754 2.501084
vt -0.420333 2.501084
vt -0.669281 2.501087
vt -0.576856 2.501087
vt -0.576856 3.750782
vt -0.669281 3.750782
vt 1.749303 2.273419
vt 1.841727 2.273419
vt 1.841727 3.523235
vt 1.749303 3.523235
vt 1.685201 3.523235
vt 1.592780 3.523235
vt 1.592780 2.273415
vt 1.685201 2.273415
vt -2.304819 3.620341
vt -2.434806 3.452037
vt -2.434806 2.669515
vt -2.304819 2.501219
vt -3.026435 3.620341
vt -2.896449 3.452037
vt -2.896449 2.669515
vt -3.026435 2.501219
vt -3.812152 2.501222
vt -3.682164 2.669520
vt -3.682164 3.452085
vt -3.812152 3.620340
vt -3.090537 2.501222
vt -3.220525 2.669520
vt -3.220525 3.452085
vt -3.090537 3.620340
vt -1.454998 2.501222
vt -1.325010 2.669520
vt -1.325010 3.452178
vt -1.454998 3.620482
vt -0.733383 2.501222
vt -0.863370 2.669520
vt -0.863370 3.452178
vt -0.733383 3.620482
vt -1.519099 3.620476
vt -1.649087 3.452172
vt -1.649087 2.669526
vt -1.519099 2.501219
vt -2.240716 3.620476
vt -2.110730 3.452172
vt -2.110730 2.669526
vt -2.240716 2.501219
vt 4.844744 -2.699203
vt 4.767541 -2.699203
vt 4.767541 -4.635226
vt 4.844744 -4.635226
vt 4.844744 -0.260655
vt 4.767541 -0.260655
vt 4.767541 1.675411
vt 4.844744 1.675411
vt 5.235888 -0.260703
vt 5.313086 -0.260703
vt 5.313086 1.675369
vt 5.235888 1.675369
vt 5.235888 -2.699249
vt 5.313086 -2.699249
vt 5.235888 -4.635230
vt 5.313086 -4.635230
vt 4.604637 -2.496385
vt 4.619252 -2.496385
vt 4.619252 -0.044486
vt 4.604637 -0.044486
vt 4.604637 -4.635230
vt 4.619252 -4.635230
vt 4.619252 2.094272
vt 4.604637 2.094272
vt 4.700699 -0.044523
vt 4.686089 -0.044523
vt 4.686089 -2.496464
vt 4.700699 -2.496464
vt 4.700699 2.094224
vt 4.686089 2.094224
vt 4.686089 -4.635226
vt 4.700699 -4.635226
vt 5.517848 3.948748
vt 5.573392 3.948748
vt 5.573392 4.380058
vt 5.517848 4.380058
vt 5.398248 3.948741
vt 5.453747 3.948741
vt 5.453747 4.380050
vt 5.398248 4.380050
vt 5.334146 4.380050
vt 5.278559 4.380050
vt 5.278559 3.948741
vt 5.334146 3.948741
vt 5.214457 4.380051
vt 5.158915 4.380051
vt 5.158915 3.948741
vt 5.214457 3.948741
vt 5.094813 4.380043
vt 5.039270 4.380043
vt 5.039270 3.948734
vt 5.094813 3.948734
vt 4.975168 4.380051
vt 4.919579 4.380051
vt 4.919579 3.948741
vt 4.975168 3.948741
vt 4.799888 4.236414
vt 4.855477 4.236414
vt 4.855477 4.667724
vt 4.799888 4.667724
vt 4.680243 4.335479
vt 4.735786 4.335479
vt 4.735786 4.766787
vt 4.680243 4.766787
vt 4.050939 4.309008
vt 4.030181 4.309008
vt 4.030181 4.257881
vt 4.050939 4.257881
vt 3.966078 4.168797
vt 3.945320 4.168797
vt 3.945320 4.117668
vt 3.966078 4.117668
vt 3.860413 4.190845
vt 3.881217 4.190845
vt 3.881217 4.241973
vt 3.860413 4.241973
vt 3.775499 4.190849
vt 3.796311 4.190849
vt 3.796311 4.241976
vt 3.775499 4.241976
vt 1.456227 0.077488
vt 1.448383 0.077488
vt 1.448383 -2.381953
vt 1.456227 -2.381953
vt 1.456227 2.330709
vt 1.448383 2.330709
vt 1.448383 -4.635230
vt 1.456227 -4.635230
vt 1.366932 0.077541
vt 1.374777 0.077541
vt 1.374777 2.330770
vt 1.366932 2.330770
vt 1.366932 -2.381947
vt 1.374777 -2.381947
vt 1.366932 -4.635226
vt 1.374777 -4.635226
vt 3.138506 -2.429909
vt 3.146352 -2.429909
vt 3.146352 0.026357
vt 3.138506 0.026357
vt 3.138506 -4.635226
vt 3.146352 -4.635226
vt 3.146352 2.231624
vt 3.138506 2.231624
vt 3.064898 2.231666
vt 3.057054 2.231666
vt 3.057054 0.026401
vt 3.064898 0.026401
vt 3.057054 -2.429956
vt 3.064898 -2.429956
vt 3.057054 -4.635230
vt 3.064898 -4.635230
vn 0.000045 0.000000 1.000000
vn 0.000046 0.000044 1.000000
vn 0.000036 -0.000029 1.000000
vn 0.000035 0.000000 1.000000
vn 0.000000 1.000000 0.000000
vn 0.000000 1.000000 0.000000
vn 0.000000 1.000000 -0.000000
vn 0.000000 1.000000 -0.000000
vn -0.000047 0.000092 -1.000000
vn -0.000047 0.000000 -1.000000
vn -0.000047 0.000000 -1.000000
vn -0.000047 0.000165 -1.000000
vn 0.000000 -1.000000 0.000000
vn 0.000000 -1.000000 -0.000000
vn 0.000000 -1.000000 -0.000000
vn 0.000000 -1.000000 0.000000
vn -1.000000 0.000000 0.000048
vn -1.000000 0.000000 0.000047
vn -1.000000 0.000000 0.000047
vn -1.000000 0.000000 0.000048
vn 1.000000 0.000000 -0.000080
vn 1.000000 0.000045 -0.000077
vn 1.000000 0.000045 -0.000088
vn 1.000000 0.000000 -0.000080
vn 0.000039 0.000000 1.000000
vn 0.000034 -0.000002 1.000000
vn 0.000058 0.000000 1.000000
vn 0.000051 0.000004 1.000000
vn 0.000000 1.000000 -0.000000
vn 0.000000 1.000000 -0.000000
vn 0.000000 1.000000 0.000000
vn 0.000000 1.000000 0.000000
vn -0.000052 0.000009 -1.000000
vn -0.000058 0.000000 -1.000000
vn -0.000058 0.000000 -1.000000
vn -0.000065 0.000003 -1.000000
vn 0.000000 -1.000000 0.000000
vn 0.000000 -1.000000 0.000000
vn 0.000000 -1.000000 0.000000
vn 0.000000 -1.000000 0.000000
vn 0.000000 -1.000000 0.000000
vn 0.000000 -1.000000 0.000000
vn 0.000000 -1.000000 0.000000
vn 0.000000 -1.000000 0.000000
vn 0.000000 -1.000000 -0.000000
vn 0.000000 -1.000000 -0.000000
vn 0.000000 -1.000000 -0.000000
vn 0.000000 -1.000000 -0.000000
vn 0.000000 -1.000000 -0.000000
vn 0.000000 -1.000000 0.000000
vn 0.000000 -1.000000 0.000000
vn 0.000000 -1.000000 0.000000
vn 0.000000 -1.000000 0.000000
vn 0.000000 -1.000000 0.000000
vn 0.000000 -1.000000 0.000000
vn 0.000000 -1.000000 -0.000000
vn -1.000000 0.000000 0.000077
vn -1.000000 0.000000 0.000077
vn -1.000000 0.000000 0.000077
vn -1.000000 0.000000 0.000077
vn 0.000057 0.000000 1.000000
vn 0.000057 0.000000 1.000000
vn 0.000057 0.000000 1.000000
vn 0.000057 0.000000 1.000000
vn 1.000000 0.000000 -0.000077
vn 1.000000 0.000000 -0.000077
vn 1.000000 0.000000 -0.000077
vn 1.000000 0.000000 -0.000077
vn -0.000057 0.000000 -1.000000
vn -0.000057 0.000000 -1.000000
vn -0.000057 0.000000 -1.000000
vn -0.000057 0.000000 -1.000000
vn 1.000000 0.000000 0.000000
vn 1.000000 0.000000 0.000000
vn 1.000000 0.000000 0.000000
vn 1.000000 0.000000 0.000000
vn -0.000057 0.000000 -1.000000
vn -0.000057 0.000000 -1.000000
vn -0.000057 0.000000 -1.000000
vn -0.000057 0.000000 -1.000000
vn -1.000000 0.000000 0.000077
vn -1.000000 0.000000 0.000077
vn -1.000000 0.000000 0.000077
vn -1.000000 0.000000 0.000077
vn 0.000057 0.000000 1.000000
vn 0.000057 0.000000 1.000000
vn 0.000057 0.000000 1.000000
vn 0.000057 0.000000 1.000000
vn 0.000000 1.000000 -0.000000
vn 0.000000 1.000000 -0.000000
vn 0.000000 1.000000 -0.000000
vn 0.000000 1.000000 -0.000000
vn 0.000000 1.000000 -0.000000
vn 0.000000 1.000000 -0.000000
vn 0.000000 1.000000 -0.000000
vn 0.000000 1.000000 -0.000000
vn 0.000000 1.000000 -0.000001
vn 0.000000 1.000000 -0.000001
vn 0.000000 1.000000 0.000001
vn 0.000000 1.000000 0.000001
vn 0.000000 1.000000 0.000001
vn 0.000000 1.000000 0.000001
vn 0.000000 1.000000 -0.000001
vn 0.000000 1.000000 -0.000001
vn -1.000000 0.000000 0.000049
vn -1.000000 0.000000 0.000049
vn -1.000000 0.000000 0.000049
vn -1.000000 0.000000 0.000049
vn 0.000071 0.000000 1.000000
vn 0.000071 0.000000 1.000000
vn 0.000071 0.000000 1.000000
vn 0.000071 0.000000 1.000000
vn 1.000000 0.000000 -0.000039
vn 1.000000 0.000000 -0.000039
vn 1.000000 0.000000 -0.000039
vn 1.000000 0.000000 -0.000039
vn -0.000036 0.000000 -1.000000
vn -0.000036 0.000000 -1.000000
vn -0.000036 0.000000 -1.000000
vn -0.000036 0.000000 -1.000000
vn 1.000000 0.000000 -0.000049
vn 1.000000 0.000000 -0.000049
vn 1.000000 0.000000 -0.000049
vn 1.000000 0.000000 -0.000049
vn -0.000071 0.000000 -1.000000
vn -0.000071 0.000000 -1.000000
vn -0.000071 0.000000 -1.000000
vn -0.000071 0.000000 -1.000000
vn -1.000000 0.000000 0.000049
vn -1.000000 0.000000 0.000049
vn -1.000000 0.000000 0.000049
vn -1.000000 0.000000 0.000049
vn 0.000036 0.000000 1.000000
vn 0.000036 0.000000 1.000000
vn 0.000036 0.000000 1.000000
vn 0.000036 0.000000 1.000000
vn 0.000023 0.000000 1.000000
vn 0.000028 0.000000 1.000000
vn 0.000028 0.000000 1.000000
vn 0.000023 0.000000 1.000000
vn 0.000027 -0.000000 1.000000
vn 0.000022 -0.000000 1.000000
vn 0.000027 -0.000000 1.000000
vn 0.000022 -0.000000 1.000000
vn -0.000022 0.000000 -1.000000
vn -0.000027 0.000000 -1.000000
vn -0.000027 0.000000 -1.000000
vn -0.000022 0.000000 -1.000000
vn -0.000028 -0.000000 -1.000000
vn -0.000023 -0.000000 -1.000000
vn -0.000028 -0.000000 -1.000000
vn -0.000023 -0.000000 -1.000000
vn -0.000022 -0.000000 -1.000000
vn -0.000027 -0.000000 -1.000000
vn -0.000027 -0.000000 -1.000000
vn -0.000022 -0.000000 -1.000000
vn -0.000028 0.000000 -1.000000
vn -0.000023 0.000000 -1.000000
vn -0.000028 0.000000 -1.000000
vn -0.000023 0.000000 -1.000000
vn 0.000007 0.000081 1.000000
vn 0.000010 0.000100 1.000000
vn 0.000127 0.000100 1.000000
vn 0.000154 0.000081 1.000000
vn 0.000128 -0.000100 1.000000
vn 0.000155 -0.000081 1.000000
vn 0.000011 -0.000100 1.000000
vn 0.000008 -0.000081 1.000000
vn 0.000000 -1.000000 0.000000
vn 0.000000 -1.000000 0.000000
vn 0.000000 -1.000000 0.000000
vn 0.000000 -1.000000 0.000000
vn -1.000000 0.000000 0.000681
vn -1.000000 0.000000 0.000681
vn -1.000000 0.000000 0.000681
vn -1.000000 0.000000 0.000681
vn 0.000000 1.000000 0.000000
vn 0.000000 1.000000 0.000000
vn 0.000000 1.000000 0.000000
vn 0.000000 1.000000 0.000000
vn 1.000000 0.000000 0.000000
vn 1.000000 0.000000 0.000000
vn 1.000000 0.000000 0.000000
vn 1.000000 0.000000 0.000000
vn 0.000000 -1.000000 0.000000
vn 0.000000 -1.000000 0.000000
vn 0.000000 -1.000000 0.000000
vn 0.000000 -1.000000 0.000000
vn 1.000000 0.000000 0.000000
vn 1.000000 0.000000 0.000000
vn 1.000000 0.000000 0.000000
vn 1.000000 0.000000 0.000000
vn 0.000000 1.000000 0.000000
vn 0.000000 1.000000 0.000000
vn 0.000000 1.000000 0.000000
vn 0.000000 1.000000 0.000000
vn -1.000000 0.000000 0.000000
vn -1.000000 0.000000 0.000000
vn -1.000000 0.000000 0.000000
vn -1.000000 0.000000 0.000000
vn 0.000000 -1.000000 0.000000
vn 0.000000 -1.000000 0.000000
vn 0.000000 -1.000000 0.000000
vn 0.000000 -1.000000 0.000000
vn 1.000000 0.000000 0.000000
vn 1.000000 0.000000 0.000000
vn 1.000000 0.000000 0.000000
vn 1.000000 0.000000 0.000000
vn 0.000000 1.000000 0.000000
vn 0.000000 1.000000 0.000000
vn 0.000000 1.000000 0.000000
vn 0.000000 1.000000 0.000000
vn -1.000000 0.000000 0.000000
vn -1.000000 0.000000 0.000000
vn -1.000000 0.000000 0.000000
vn -1.000000 0.000000 0.000000
vn 0.000000 -1.000000 0.000000
vn 0.000000 -1.000000 0.000000
vn 0.000000 -1.000000 0.000000
vn 0.000000 -1.000000 0.000000
vn -1.000000 0.000000 0.000000
vn -1.000000 0.000000 0.000000
vn -1.000000 0.000000 0.000000
vn -1.000000 0.000000 0.000000
vn 0.000000 1.000000 0.000000
vn 0.000000 1.000000 0.000000
vn 0.000000 1.000000 0.000000
vn 0.000000 1.000000 0.000000
vn 1.000000 0.000000 -0.000682
vn 1.000000 0.000000 -0.000682
vn 1.000000 0.000000 -0.000682
vn 1.000000 0.000000 -0.000682
vn 1.000000 -0.000053 -0.000077
vn 1.000000 0.000000 -0.000080
vn 1.000000 0.000000 -0.000080
vn 1.000000 -0.000053 -0.000090
vn -0.000048 -0.000108 -1.000000
vn -0.000047 0.000000 -1.000000
vn -0.000058 0.000000 -1.000000
vn -0.000066 -0.000004 -1.000000
vn -0.000048 -0.000193 -1.000000
vn -0.000047 0.000000 -1.000000
vn -0.000058 0.000000 -1.000000
vn -0.000051 -0.000011 -1.000000
vn -1.000000 0.000000 0.000047
vn -1.000000 0.000000 0.000048
vn -1.000000 0.000000 0.000048
vn -1.000000 0.000000 0.000047
vn 0.000036 0.000034 1.000000
vn 0.000036 0.000000 1.000000
vn 0.000039 0.000000 1.000000
vn 0.000034 0.000003 1.000000
vn 0.000046 -0.000051 1.000000
vn 0.000045 0.000000 1.000000
vn 0.000058 0.000000 1.000000
vn 0.000050 -0.000004 1.000000
vn 1.000000 0.000000 -0.000059
vn 1.000000 0.000000 -0.000059
vn 1.000000 0.000000 -0.000059
vn 1.000000 0.000000 -0.000059
vn -0.000041 0.000000 -1.000000
vn -0.000041 0.000000 -1.000000
vn -0.000046 0.000000 -1.000000
vn -0.000046 0.000000 -1.000000
vn -0.000049 0.000000 -1.000000
vn -0.000049 0.000000 -1.000000
vn -0.000065 0.000000 -1.000000
vn -0.000065 0.000000 -1.000000
vn -1.000000 0.000000 0.000059
vn -1.000000 0.000000 0.000059
vn -1.000000 0.000000 0.000059
vn -1.000000 0.000000 0.000059
vn 0.000039 0.000000 1.000000
vn 0.000039 0.000000 1.000000
vn 0.000042 0.000000 1.000000
vn 0.000042 0.000000 1.000000
vn 0.000051 0.000000 1.000000
vn 0.000051 0.000000 1.000000
vn 0.000069 0.000000 1.000000
vn 0.000069 0.000000 1.000000
vn -0.000048 0.000637 -1.000000
vn -0.000070 0.000294 -1.000000
vn -0.000070 -0.000294 -1.000000
vn -0.000048 -0.000637 -1.000000
vn -0.000048 -0.000883 -1.000000
vn -0.000048 0.000883 -1.000000
vn -0.000039 -0.000826 -1.000000
vn -0.000039 0.000826 -1.000000
vn 0.000036 -0.000098 1.000000
vn 0.000031 -0.000213 1.000000
vn 0.000031 0.000213 1.000000
vn 0.000036 0.000098 1.000000
vn 0.000043 0.000148 1.000000
vn 0.000043 -0.000148 1.000000
vn 0.000046 -0.000320 1.000000
vn 0.000045 0.000320 1.000000
vn 0.000000 1.000000 0.000000
vn 0.000000 1.000000 0.000000
vn 0.000000 1.000000 0.000000
vn 0.000000 1.000000 0.000000
vn -1.000000 0.000000 0.000541
vn -1.000000 0.000000 0.000541
vn -1.000000 0.000000 0.000541
vn -1.000000 0.000000 0.000541
vn 0.000000 -1.000000 -0.000002
vn 0.000000 -1.000000 -0.000002
vn 0.000000 -1.000000 -0.000001
vn 0.000000 -1.000000 -0.000001
vn 0.000000 -1.000000 0.000000
vn 0.000000 -1.000000 0.000000
vn 0.000000 1.000000 0.000000
vn 0.000000 1.000000 0.000000
vn 1.000000 0.000000 0.000000
vn 1.000000 0.000000 0.000000
vn 1.000000 0.000000 0.000000
vn 1.000000 0.000000 0.000000
vn 0.000000 1.000000 0.000000
vn 0.000000 1.000000 0.000000
vn 0.000000 -1.000000 0.000000
vn 0.000000 -1.000000 0.000000
vn 0.000000 1.000000 0.000000
vn 0.000000 1.000000 0.000000
vn 0.000000 1.000000 0.000000
vn 0.000000 1.000000 0.000000
vn 1.000000 0.000000 0.000000
vn 1.000000 0.000000 0.000000
vn 1.000000 0.000000 0.000000
vn 1.000000 0.000000 0.000000
vn 0.000000 -1.000000 0.000000
vn 0.000000 -1.000000 0.000000
vn 0.000000 -1.000000 0.000000
vn 0.000000 -1.000000 0.000000
vn 0.000000 1.000000 0.000000
vn 0.000000 1.000000 0.000000
vn 0.000000 -1.000000 0.000000
vn 0.000000 -1.000000 0.000000
vn 0.000000 -1.000000 0.000000
vn 0.000000 -1.000000 0.000000
vn -1.000000 0.000000 0.000000
vn -1.000000 0.000000 0.000000
vn -1.000000 0.000000 0.000000
vn -1.000000 0.000000 0.000000
vn 0.000000 1.000000 0.000000
vn 0.000000 1.000000 0.000000
vn 0.000000 1.000000 -0.000001
vn 0.000000 1.000000 -0.000001
vn 0.000000 1.000000 -0.000000
vn 0.000000 1.000000 0.000000
vn 0.000000 1.000000 0.000000
vn 0.000000 1.000000 0.000000
vn 0.000000 1.000000 -0.000001
vn 0.000000 1.000000 -0.000001
vn 0.000000 1.000000 0.000001
vn 0.000000 1.000000 0.000001
vn 0.000000 1.000000 0.000000
vn 0.000000 1.000000 0.000000
vn 0.000000 1.000000 -0.000001
vn 0.000000 1.000000 -0.000001
vn 0.000000 1.000000 0.000000
vn 0.000000 1.000000 0.000000
vn 0.000047 0.000000 1.000000
vn 0.000047 0.000000 1.000000
vn 0.000049 0.000000 1.000000
vn 0.000049 0.000000 1.000000
vn -0.000059 0.000000 -1.000000
vn -0.000059 0.000000 -1.000000
vn -0.000039 0.000000 -1.000000
vn -0.000039 0.000000 -1.000000
vn -1.000000 0.000000 0.000027
vn -1.000000 0.000000 0.000027
vn -1.000000 0.000000 0.000027
vn -1.000000 0.000000 0.000027
vn -0.000084 0.000000 -1.000000
vn -0.000084 0.000000 -1.000000
vn 0.000042 0.000000 1.000000
vn 0.000042 0.000000 1.000000
vn 1.000000 0.000000 -0.000068
vn 1.000000 0.000000 -0.000068
vn 1.000000 0.000000 -0.000068
vn 1.000000 0.000000 -0.000068
vn 0.000038 0.000000 1.000000
vn 0.000038 0.000000 1.000000
vn -0.000042 0.000000 -1.000000
vn -0.000042 0.000000 -1.000000
vn -1.000000 -0.000083 0.000119
vn -1.000000 -0.000072 0.000145
vn -1.000000 -0.000072 0.000015
vn -1.000000 -0.000083 0.000017
vn -1.000000 0.000073 0.000015
vn -1.000000 0.000084 0.000017
vn -1.000000 0.000073 0.000145
vn -1.000000 0.000084 0.000119
vn 1.000000 -0.000104 -0.000149
vn 1.000000 -0.000090 -0.000181
vn 1.000000 -0.000090 -0.000019
vn 1.000000 -0.000104 -0.000021
vn 1.000000 0.000089 -0.000019
vn 1.000000 0.000103 -0.000021
vn 1.000000 0.000089 -0.000181
vn 1.000000 0.000103 -0.000149
vn 1.000000 0.000000 -0.000043
vn 1.000000 0.000000 -0.000037
vn 1.000000 0.000000 -0.000037
vn 1.000000 0.000000 -0.000043
vn 1.000000 0.000000 -0.000037
vn 1.000000 0.000000 -0.000043
vn 1.000000 0.000000 -0.000037
vn 1.000000 0.000000 -0.000043
vn -1.000000 0.000103 0.000021
vn -1.000000 0.000089 0.000019
vn -1.000000 0.000089 0.000181
vn -1.000000 0.000103 0.000149
vn -1.000000 -0.000090 0.000181
vn -1.000000 -0.000104 0.000149
vn -1.000000 -0.000090 0.000019
vn -1.000000 -0.000104 0.000021
vn 0.000000 -1.000000 0.000000
vn 0.000000 -1.000000 0.000000
vn 0.000000 -1.000000 0.000000
vn 0.000000 -1.000000 0.000000
vn 0.000000 0.000000 -1.000000
vn 0.000000 0.000000 -1.000000
vn 0.000000 0.000000 -1.000000
vn 0.000000 0.000000 -1.000000
vn 0.000000 1.000000 0.000000
vn 0.000000 1.000000 0.000000
vn 0.000000 1.000000 0.000000
vn 0.000000 1.000000 0.000000
vn 0.000000 0.000000 1.000000
vn 0.000000 0.000000 1.000000
vn 0.000000 0.000000 1.000000
vn 0.000000 0.000000 1.000000
vn 0.000000 -1.000000 -0.000000
vn 0.000000 -1.000000 -0.000000
vn 0.000000 -1.000000 -0.000000
vn 0.000000 -1.000000 -0.000000
vn 0.000000 0.000000 1.000000
vn 0.000000 0.000000 1.000000
vn 0.000000 0.000000 1.000000
vn 0.000000 0.000000 1.000000
vn 0.000000 1.000000 0.000000
vn 0.000000 1.000000 0.000000
vn 0.000000 1.000000 0.000000
vn 0.000000 1.000000 0.000000
vn -0.000660 0.000000 -1.000000
vn -0.000660 0.000000 -1.000000
vn -0.000660 0.000000 -1.000000
vn -0.000660 0.000000 -1.000000
vn 0.000000 -1.000000 0.000000
vn 0.000000 -1.000000 0.000000
vn 0.000000 -1.000000 0.000000
vn 0.000000 -1.000000 0.000000
vn 0.000000 0.000000 1.000000
vn 0.000000 0.000000 1.000000
vn 0.000000 0.000000 1.000000
vn 0.000000 0.000000 1.000000
vn 0.000000 1.000000 -0.000000
vn 0.000000 1.000000 -0.000000
vn 0.000000 1.000000 -0.000000
vn 0.000000 1.000000 -0.000000
vn 0.000000 0.000000 -1.000000
vn 0.000000 0.000000 -1.000000
vn 0.000000 0.000000 -1.000000
vn 0.000000 0.000000 -1.000000
vn 0.000000 -1.000000 0.000000
vn 0.000000 -1.000000 0.000000
vn 0.000000 -1.000000 0.000000
vn 0.000000 -1.000000 0.000000
vn 0.000000 0.000000 -1.000000
vn 0.000000 0.000000 -1.000000
vn 0.000000 0.000000 -1.000000
vn 0.000000 0.000000 -1.000000
vn 0.000000 1.000000 -0.000000
vn 0.000000 1.000000 -0.000000
vn 0.000000 1.000000 -0.000000
vn 0.000000 1.000000 -0.000000
vn 0.000797 0.000000 1.000000
vn 0.000797 0.000000 1.000000
vn 0.000797 0.000000 1.000000
vn 0.000797 0.000000 1.000000
vn 1.000000 0.000489 -0.000064
vn 1.000000 0.000489 -0.000109
vn 1.000000 -0.000480 -0.000109
vn 1.000000 -0.000480 -0.000064
vn -1.000000 0.000000 0.000046
vn -1.000000 0.000000 0.000046
vn -1.000000 0.000000 0.000046
vn -1.000000 0.000000 0.000046
vn 0.000000 1.000000 0.000000
vn 0.000000 1.000000 0.000000
vn 0.000000 1.000000 0.000000
vn 0.000000 1.000000 0.000000
vn 0.000000 0.000000 -1.000000
vn 0.000000 0.000000 -1.000000
vn 0.000000 0.000000 -1.000000
vn 0.000000 0.000000 -1.000000
vn 0.000000 -1.000000 -0.000000
vn 0.000000 -1.000000 -0.000000
vn 0.000000 -1.000000 -0.000000
vn 0.000000 -1.000000 -0.000000
vn 0.000000 0.000000 1.000000
vn 0.000000 0.000000 1.000000
vn 0.000000 0.000000 1.000000
vn 0.000000 0.000000 1.000000
vn 0.000000 1.000000 -0.000000
vn 0.000000 1.000000 -0.000000
vn 0.000000 1.000000 -0.000000
vn 0.000000 1.000000 -0.000000
vn -0.002167 0.000000 0.999998
vn -0.002167 0.000000 0.999998
vn -0.002167 0.000000 0.999998
vn -0.002167 0.000000 0.999998
vn 0.000000 -1.000000 -0.000000
vn 0.000000 -1.000000 -0.000000
vn 0.000000 -1.000000 -0.000000
vn 0.000000 -1.000000 -0.000000
vn 0.000000 0.000000 -1.000000
vn 0.000000 0.000000 -1.000000
vn 0.000000 0.000000 -1.000000
vn 0.000000 0.000000 -1.000000
vn 0.000000 1.000000 -0.000001
vn 0.000000 1.000000 -0.000001
vn 0.000000 1.000000 -0.000001
vn 0.000000 1.000000 -0.000001
vn 0.000000 1.000000 -0.000000
vn 0.000000 1.000000 -0.000000
vn 0.000000 1.000000 -0.000000
vn 0.000000 1.000000 -0.000000
vn 0.000000 1.000000 0.000000
vn 0.000000 1.000000 0.000000
vn 0.000000 1.000000 0.000000
vn 0.000000 1.000000 0.000000
vn 0.000000 1.000000 0.000000
vn 0.000000 1.000000 0.000000
vn 0.000000 1.000000 0.000000
vn 0.000000 1.000000 0.000000
vn 0.000000 1.000000 0.000000
vn 0.000000 1.000000 0.000000
vn 0.000000 1.000000 -0.000001
vn 0.000000 1.000000 -0.000001
vn 0.000000 1.000000 0.000000
vn 0.000000 1.000000 0.000000
vn 0.000000 1.000000 0.000000
vn 0.000000 1.000000 0.000000
vn 0.000000 1.000000 0.000000
vn 0.000000 1.000000 0.000000
vn 0.000000 1.000000 0.000000
vn 0.000000 1.000000 0.000000
vn 0.000000 1.000000 0.000000
vn 0.000000 1.000000 0.000000
vn 0.000000 1.000000 -0.000001
vn 0.000000 1.000000 -0.000001
vn 0.000036 0.000000 1.000000
vn 0.000036 0.000000 1.000000
vn 0.000057 0.000000 1.000000
vn 0.000057 0.000000 1.000000
vn 0.000036 0.000000 1.000000
vn 0.000036 0.000000 1.000000
vn 1.000000 0.000000 -0.000023
vn 1.000000 0.000000 -0.000023
vn 1.000000 0.000000 -0.000023
vn 1.000000 0.000000 -0.000023
vn -0.000055 0.000000 -1.000000
vn -0.000055 0.000000 -1.000000
vn -0.000056 0.000000 -1.000000
vn -0.000056 0.000000 -1.000000
vn -0.000048 0.000000 -1.000000
vn -0.000048 0.000000 -1.000000
vn -0.000040 0.000000 -1.000000
vn -0.000040 0.000000 -1.000000
vn -1.000000 0.000000 0.000058
vn -1.000000 0.000000 0.000058
vn -1.000000 0.000000 0.000058
vn -1.000000 0.000000 0.000058
vn 0.000079 0.000000 1.000000
vn 0.000079 0.000000 1.000000
vn -0.000048 0.000000 -1.000000
vn -0.000048 0.000000 -1.000000
vn -0.000048 0.000000 -1.000000
vn -0.000048 0.000000 -1.000000
vn -0.000040 0.000000 -1.000000
vn -0.000040 0.000000 -1.000000
vn -1.000000 0.000000 0.000031
vn -1.000000 0.000000 0.000031
vn -1.000000 0.000000 0.000031
vn -1.000000 0.000000 0.000031
vn 0.000061 0.000000 1.000000
vn 0.000061 0.000000 1.000000
vn 0.000056 0.000000 1.000000
vn 0.000056 0.000000 1.000000
vn 0.000046 0.000000 1.000000
vn 0.000046 0.000000 1.000000
vn 0.000040 0.000000 1.000000
vn 0.000040 0.000000 1.000000
vn 1.000000 0.000000 -0.000062
vn 1.000000 0.000000 -0.000062
vn 1.000000 0.000000 -0.000062
vn 1.000000 0.000000 -0.000062
vn -0.000041 0.000000 -1.000000
vn -0.000041 0.000000 -1.000000
s 1
g Altar Bench57 Benchs
usemtl lambert16SG
f 1010/2566/2150 1097/2567/2151 1096/2568/2152 1011/2569/2153
s 2
f 1138/2358/2154 1141/2359/2155 1140/2360/2156 1139/2361/2157
s 3
f 1092/2590/2158 1017/2591/2159 1016/2592/2160 1093/2593/2161
s 4
f 1017/2366/2162 1010/2367/2163 1011/2368/2164 1016/2369/2165
s 5
f 1003/2190/2166 1095/2191/2167 1094/2192/2168 1009/2193/2169
s 6
f 1008/2202/2170 1091/2203/2171 1090/2204/2172 1002/2205/2173
s 1
f 1003/2574/2174 1011/2569/2153 1096/2568/2152 1095/2575/2175
f 1097/2567/2151 1010/2566/2150 1002/2570/2176 1090/2571/2177
s 2
f 1142/2364/2178 1139/2361/2157 1140/2360/2156 1143/2365/2179
f 1145/2362/2180 1141/2359/2155 1138/2358/2154 1144/2363/2181
s 3
f 1094/2596/2182 1093/2593/2161 1016/2592/2160 1009/2597/2183
f 1008/2594/2184 1017/2591/2159 1092/2590/2158 1091/2595/2185
s off
f 1042/2382/2186 1045/2383/2187 1044/2384/2188 1043/2385/2189
f 1047/2386/2190 1049/2387/2191 1048/2388/2192 1046/2389/2193
s 4
f 1009/2381/2194 1018/2380/2195 1019/2379/2196 1003/2378/2197
f 1003/2378/2197 1019/2379/2196 1020/2372/2198 1011/2368/2164
f 1011/2368/2164 1020/2372/2198 1021/2373/2199 1016/2369/2165
f 1016/2369/2165 1021/2373/2199 1018/2380/2195 1009/2381/2194
f 1002/2377/2200 1023/2376/2201 1022/2375/2202 1008/2374/2203
f 1008/2374/2203 1022/2375/2202 1024/2370/2204 1017/2366/2162
f 1017/2366/2162 1024/2370/2204 1025/2371/2205 1010/2367/2163
f 1010/2367/2163 1025/2371/2205 1023/2376/2201 1002/2377/2200
s off
f 1162/2214/2206 1165/2215/2207 1164/2216/2208 1163/2217/2209
f 1066/2614/2210 1069/2615/2211 1068/2616/2212 1067/2617/2213
f 1167/2218/2214 1169/2219/2215 1168/2220/2216 1166/2221/2217
f 1071/2618/2218 1073/2619/2219 1072/2620/2220 1070/2621/2221
f 1171/2222/2222 1173/2223/2223 1172/2224/2224 1170/2225/2225
f 1074/2622/2226 1077/2623/2227 1076/2624/2228 1075/2625/2229
f 1174/2226/2230 1177/2227/2231 1176/2228/2232 1175/2229/2233
f 1079/2626/2234 1081/2627/2235 1080/2628/2236 1078/2629/2237
s 9
f 1026/2390/2238 1034/2391/2239 1035/2392/2240 1027/2393/2241
f 1027/2393/2241 1035/2392/2240 1036/2396/2242 1028/2397/2243
f 1028/2397/2243 1036/2396/2242 1037/2395/2244 1029/2394/2245
f 1029/2394/2245 1037/2395/2244 1034/2391/2239 1026/2390/2238
s 10
f 1031/2398/2246 1039/2399/2247 1038/2400/2248 1030/2401/2249
f 1030/2401/2249 1038/2400/2248 1040/2404/2250 1032/2405/2251
f 1032/2405/2251 1040/2404/2250 1041/2403/2252 1033/2402/2253
f 1033/2402/2253 1041/2403/2252 1039/2399/2247 1031/2398/2246
s off
f 1034/2230/2254 1042/2231/2255 1043/2232/2256 1035/2233/2257
f 1035/2630/2258 1043/2631/2259 1044/2632/2260 1036/2633/2261
f 1036/2234/2262 1044/2235/2263 1045/2236/2264 1037/2237/2265
f 1037/2634/2266 1045/2635/2267 1042/2636/2268 1034/2637/2269
f 1039/2238/2270 1047/2239/2271 1046/2240/2272 1038/2241/2273
f 1038/2638/2274 1046/2639/2275 1048/2640/2276 1040/2641/2277
f 1040/2242/2278 1048/2243/2279 1049/2244/2280 1041/2245/2281
f 1041/2642/2282 1049/2643/2283 1047/2644/2284 1039/2645/2285
s 11
f 1019/2646/2286 1050/2647/2287 1051/2648/2288 1020/2649/2289
f 1020/2649/2289 1051/2648/2288 1052/2652/2290 1028/2653/2291
f 1028/2653/2291 1052/2652/2290 1053/2651/2292 1027/2650/2293
f 1027/2650/2293 1053/2651/2292 1050/2647/2287 1019/2646/2286
s 12
f 1021/2654/2294 1055/2655/2295 1054/2656/2296 1018/2657/2297
f 1018/2657/2297 1054/2656/2296 1056/2660/2298 1026/2661/2299
f 1026/2661/2299 1056/2660/2298 1057/2659/2300 1029/2658/2301
f 1029/2658/2301 1057/2659/2300 1055/2655/2295 1021/2654/2294
s 13
f 1022/2662/2302 1058/2663/2303 1059/2664/2304 1024/2665/2305
f 1024/2665/2305 1059/2664/2304 1060/2668/2306 1032/2669/2307
f 1032/2669/2307 1060/2668/2306 1061/2667/2308 1030/2666/2309
f 1030/2666/2309 1061/2667/2308 1058/2663/2303 1022/2662/2302
s 14
f 1025/2670/2310 1063/2671/2311 1062/2672/2312 1023/2673/2313
f 1023/2673/2313 1062/2672/2312 1064/2676/2314 1031/2677/2315
f 1031/2677/2315 1064/2676/2314 1065/2675/2316 1033/2674/2317
f 1033/2674/2317 1065/2675/2316 1063/2671/2311 1025/2670/2310
s off
f 1050/2406/2318 1066/2407/2319 1067/2408/2320 1051/2409/2321
f 1051/2246/2322 1067/2247/2323 1068/2248/2324 1052/2249/2325
f 1052/2410/2326 1068/2411/2327 1069/2412/2328 1053/2413/2329
f 1053/2250/2330 1069/2251/2331 1066/2252/2332 1050/2253/2333
f 1055/2414/2334 1071/2415/2335 1070/2416/2336 1054/2417/2337
f 1054/2254/2338 1070/2255/2339 1072/2256/2340 1056/2257/2341
f 1056/2418/2342 1072/2419/2343 1073/2420/2344 1057/2421/2345
f 1057/2258/2346 1073/2259/2347 1071/2260/2348 1055/2261/2349
f 1058/2422/2350 1074/2423/2351 1075/2424/2352 1059/2425/2353
f 1059/2262/2354 1075/2263/2355 1076/2264/2356 1060/2265/2357
f 1060/2426/2358 1076/2427/2359 1077/2428/2360 1061/2429/2361
f 1061/2266/2362 1077/2267/2363 1074/2268/2364 1058/2269/2365
f 1063/2430/2366 1079/2431/2367 1078/2432/2368 1062/2433/2369
f 1062/2270/2370 1078/2271/2371 1080/2272/2372 1064/2273/2373
f 1064/2434/2374 1080/2435/2375 1081/2436/2376 1065/2437/2377
f 1065/2274/2378 1081/2275/2379 1079/2276/2380 1063/2277/2381
s 6
f 1083/2208/2382 1006/2212/2383 1004/2213/2384 1082/2211/2385
s 3
f 1084/2607/2386 1015/2610/2387 1006/2611/2388 1083/2603/2389
f 1015/2610/2387 1084/2607/2386 1085/2608/2390 1014/2613/2391
f 1007/2612/2392 1014/2613/2391 1085/2608/2390 1086/2604/2393
s 5
f 1087/2196/2394 1005/2200/2395 1007/2201/2396 1086/2199/2397
s 1
f 1088/2585/2398 1012/2588/2399 1005/2589/2400 1087/2581/2401
f 1089/2582/2402 1013/2587/2403 1012/2588/2399 1088/2585/2398
f 1004/2586/2404 1013/2587/2403 1089/2582/2402 1082/2578/2405
s off
f 1187/2278/2406 1189/2279/2407 1188/2280/2408 1186/2281/2409
s 19
f 1115/2678/2410 1117/2679/2411 1116/2680/2412 1114/2681/2413
f 1117/2679/2411 1115/2678/2410 1119/2682/2414 1118/2683/2415
f 1120/2684/2416 1118/2683/2415 1119/2682/2414 1121/2685/2417
s off
f 1191/2282/2418 1193/2283/2419 1192/2284/2420 1190/2285/2421
s 20
f 1123/2686/2422 1125/2687/2423 1124/2688/2424 1122/2689/2425
f 1126/2690/2426 1127/2691/2427 1125/2687/2423 1123/2686/2422
f 1127/2691/2427 1126/2690/2426 1129/2692/2428 1128/2693/2429
s 3
f 1092/2590/2158 1099/2599/2430 1098/2600/2431 1091/2595/2185
f 1091/2595/2185 1098/2600/2431 1100/2602/2432 1083/2603/2389
f 1083/2603/2389 1100/2602/2432 1101/2606/2433 1084/2607/2386
f 1084/2607/2386 1101/2606/2433 1102/2609/2434 1085/2608/2390
f 1093/2593/2161 1103/2598/2435 1099/2599/2430 1092/2590/2158
f 1086/2604/2393 1104/2605/2436 1105/2601/2437 1094/2596/2182
f 1094/2596/2182 1105/2601/2437 1103/2598/2435 1093/2593/2161
f 1085/2608/2390 1102/2609/2434 1104/2605/2436 1086/2604/2393
s 1
f 1096/2568/2152 1107/2573/2438 1106/2577/2439 1095/2575/2175
f 1095/2575/2175 1106/2577/2439 1108/2580/2440 1087/2581/2401
f 1087/2581/2401 1108/2580/2440 1109/2584/2441 1088/2585/2398
f 1097/2567/2151 1110/2572/2442 1107/2573/2438 1096/2568/2152
f 1088/2585/2398 1109/2584/2441 1111/2583/2443 1089/2582/2402
f 1089/2582/2402 1111/2583/2443 1112/2579/2444 1082/2578/2405
f 1082/2578/2405 1112/2579/2444 1113/2576/2445 1090/2571/2177
f 1090/2571/2177 1113/2576/2445 1110/2572/2442 1097/2567/2151
s 21
f 1099/2438/2446 1115/2439/2447 1114/2440/2448 1098/2441/2449
s off
f 1098/2286/2450 1114/2287/2451 1116/2288/2452 1100/2289/2453
s 22
f 1100/2446/2454 1116/2447/2455 1117/2448/2456 1101/2449/2457
f 1101/2449/2457 1117/2448/2456 1118/2450/2458 1102/2451/2459
s 21
f 1103/2442/2460 1119/2443/2461 1115/2439/2447 1099/2438/2446
s off
f 1104/2290/2462 1120/2291/2463 1121/2292/2464 1105/2293/2465
s 21
f 1105/2444/2466 1121/2445/2467 1119/2443/2461 1103/2442/2460
s 22
f 1102/2451/2459 1118/2450/2458 1120/2452/2468 1104/2453/2469
s 23
f 1107/2454/2470 1123/2455/2471 1122/2456/2472 1106/2457/2473
s off
f 1106/2294/2474 1122/2295/2475 1124/2296/2476 1108/2297/2477
s 24
f 1108/2462/2478 1124/2463/2479 1125/2464/2480 1109/2465/2481
s 23
f 1110/2458/2482 1126/2459/2483 1123/2455/2471 1107/2454/2470
s 24
f 1109/2465/2481 1125/2464/2480 1127/2466/2484 1111/2467/2485
f 1111/2467/2485 1127/2466/2484 1128/2468/2486 1112/2469/2487
s off
f 1112/2298/2488 1128/2299/2489 1129/2300/2490 1113/2301/2491
s 23
f 1113/2460/2492 1129/2461/2493 1126/2459/2483 1110/2458/2482
s 25
f 1013/2470/2494 1199/2471/2495 1198/2472/2496 1012/2473/2497
f 1014/2485/2498 1195/2484/2499 1194/2483/2500 1015/2482/2501
f 1005/2477/2502 1197/2476/2503 1196/2480/2504 1007/2481/2505
f 1007/2481/2505 1196/2480/2504 1195/2484/2499 1014/2485/2498
f 1012/2473/2497 1198/2472/2496 1197/2476/2503 1005/2477/2502
f 1006/2478/2506 1201/2479/2507 1200/2475/2508 1004/2474/2509
f 1004/2474/2509 1200/2475/2508 1199/2471/2495 1013/2470/2494
f 1015/2482/2501 1194/2483/2500 1201/2479/2507 1006/2478/2506
s 27
f 1130/2694/2510 1138/2695/2511 1139/2696/2512 1131/2697/2513
s 28
f 1132/2702/2514 1140/2703/2515 1141/2704/2516 1133/2705/2517
s off
f 1134/2302/2518 1142/2303/2519 1143/2304/2520 1135/2305/2521
s 28
f 1135/2706/2522 1143/2707/2523 1140/2703/2515 1132/2702/2514
s 27
f 1131/2697/2513 1139/2696/2512 1142/2700/2524 1134/2701/2525
s off
f 1137/2306/2526 1145/2307/2527 1144/2308/2528 1136/2309/2529
s 27
f 1136/2698/2530 1144/2699/2531 1138/2695/2511 1130/2694/2510
s 28
f 1133/2705/2517 1141/2704/2516 1145/2708/2532 1137/2709/2533
s 29
f 1018/2310/2534 1146/2311/2535 1147/2312/2536 1019/2313/2537
f 1019/2313/2537 1147/2312/2536 1148/2316/2538 1027/2317/2539
f 1027/2317/2539 1148/2316/2538 1149/2315/2540 1026/2314/2541
f 1026/2314/2541 1149/2315/2540 1146/2311/2535 1018/2310/2534
s 30
f 1020/2318/2542 1151/2319/2543 1150/2320/2544 1021/2321/2545
f 1021/2321/2545 1150/2320/2544 1152/2324/2546 1029/2325/2547
f 1029/2325/2547 1152/2324/2546 1153/2323/2548 1028/2322/2549
f 1028/2322/2549 1153/2323/2548 1151/2319/2543 1020/2318/2542
s 31
f 1023/2326/2550 1155/2327/2551 1154/2328/2552 1022/2329/2553
f 1022/2329/2553 1154/2328/2552 1156/2332/2554 1030/2333/2555
f 1030/2333/2555 1156/2332/2554 1157/2331/2556 1031/2330/2557
f 1031/2330/2557 1157/2331/2556 1155/2327/2551 1023/2326/2550
s 32
f 1024/2334/2558 1158/2335/2559 1159/2336/2560 1025/2337/2561
f 1025/2337/2561 1159/2336/2560 1160/2340/2562 1033/2341/2563
f 1033/2341/2563 1160/2340/2562 1161/2339/2564 1032/2338/2565
f 1032/2338/2565 1161/2339/2564 1158/2335/2559 1024/2334/2558
s off
f 1146/2486/2566 1162/2487/2567 1163/2488/2568 1147/2489/2569
f 1147/2710/2570 1163/2711/2571 1164/2712/2572 1148/2713/2573
f 1148/2490/2574 1164/2491/2575 1165/2492/2576 1149/2493/2577
f 1149/2714/2578 1165/2715/2579 1162/2716/2580 1146/2717/2581
f 1151/2494/2582 1167/2495/2583 1166/2496/2584 1150/2497/2585
f 1150/2718/2586 1166/2719/2587 1168/2720/2588 1152/2721/2589
f 1152/2498/2590 1168/2499/2591 1169/2500/2592 1153/2501/2593
f 1153/2722/2594 1169/2723/2595 1167/2724/2596 1151/2725/2597
f 1155/2502/2598 1171/2503/2599 1170/2504/2600 1154/2505/2601
f 1154/2726/2602 1170/2727/2603 1172/2728/2604 1156/2729/2605
f 1156/2506/2606 1172/2507/2607 1173/2508/2608 1157/2509/2609
f 1157/2730/2610 1173/2731/2611 1171/2732/2612 1155/2733/2613
f 1158/2510/2614 1174/2511/2615 1175/2512/2616 1159/2513/2617
f 1159/2734/2618 1175/2735/2619 1176/2736/2620 1160/2737/2621
f 1160/2514/2622 1176/2515/2623 1177/2516/2624 1161/2517/2625
f 1161/2738/2626 1177/2739/2627 1174/2740/2628 1158/2741/2629
s 6
f 1091/2203/2171 1179/2206/2630 1178/2207/2631 1090/2204/2172
f 1090/2204/2172 1178/2207/2631 1180/2210/2632 1082/2211/2385
f 1082/2211/2385 1180/2210/2632 1181/2209/2633 1083/2208/2382
f 1083/2208/2382 1181/2209/2633 1179/2206/2630 1091/2203/2171
s 5
f 1095/2191/2167 1183/2194/2634 1182/2195/2635 1094/2192/2168
f 1094/2192/2168 1182/2195/2635 1184/2198/2636 1086/2199/2397
f 1086/2199/2397 1184/2198/2636 1185/2197/2637 1087/2196/2394
f 1087/2196/2394 1185/2197/2637 1183/2194/2634 1095/2191/2167
s off
f 1179/2518/2638 1187/2519/2639 1186/2520/2640 1178/2521/2641
f 1178/2742/2642 1186/2743/2643 1188/2744/2644 1180/2745/2645
f 1180/2522/2646 1188/2523/2647 1189/2524/2648 1181/2525/2649
f 1181/2746/2650 1189/2747/2651 1187/2748/2652 1179/2749/2653
f 1183/2526/2654 1191/2527/2655 1190/2528/2656 1182/2529/2657
f 1182/2750/2658 1190/2751/2659 1192/2752/2660 1184/2753/2661
f 1184/2530/2662 1192/2531/2663 1193/2532/2664 1185/2533/2665
f 1185/2754/2666 1193/2755/2667 1191/2756/2668 1183/2757/2669
s 33
f 1211/2534/2670 1219/2535/2671 1218/2536/2672 1210/2537/2673
f 1212/2538/2674 1220/2539/2675 1219/2535/2671 1211/2534/2670
f 1213/2542/2676 1221/2543/2677 1220/2539/2675 1212/2538/2674
f 1214/2546/2678 1222/2547/2679 1221/2543/2677 1213/2542/2676
f 1215/2549/2680 1223/2548/2681 1222/2547/2679 1214/2546/2678
f 1216/2545/2682 1224/2544/2683 1223/2548/2681 1215/2549/2680
f 1217/2541/2684 1225/2540/2685 1224/2544/2683 1216/2545/2682
f 1210/2537/2673 1218/2536/2672 1225/2540/2685 1217/2541/2684
s 34
f 1203/2550/2686 1132/2551/2687 1133/2552/2688 1202/2553/2689
f 1204/2554/2690 1135/2555/2691 1132/2551/2687 1203/2550/2686
f 1205/2558/2692 1134/2559/2693 1135/2555/2691 1204/2554/2690
f 1206/2562/2694 1131/2563/2695 1134/2559/2693 1205/2558/2692
f 1207/2565/2696 1130/2564/2697 1131/2563/2695 1206/2562/2694
f 1208/2561/2698 1136/2560/2699 1130/2564/2697 1207/2565/2696
f 1209/2557/2700 1137/2556/2701 1136/2560/2699 1208/2561/2698
f 1202/2553/2689 1133/2552/2688 1137/2556/2701 1209/2557/2700
s 35
f 1195/2758/2702 1211/2759/2703 1210/2760/2704 1194/2761/2705
f 1196/2762/2706 1212/2763/2707 1211/2759/2703 1195/2758/2702
s off
f 1197/2342/2708 1213/2343/2709 1212/2344/2710 1196/2345/2711
s 36
f 1198/2766/2712 1214/2767/2713 1213/2768/2714 1197/2769/2715
f 1199/2770/2716 1215/2771/2717 1214/2767/2713 1198/2766/2712
f 1200/2772/2718 1216/2773/2719 1215/2771/2717 1199/2770/2716
s off
f 1201/2346/2720 1217/2347/2721 1216/2348/2722 1200/2349/2723
s 35
f 1194/2761/2705 1210/2760/2704 1217/2764/2724 1201/2765/2725
s 37
f 1202/2774/2726 1218/2775/2727 1219/2776/2728 1203/2777/2729
f 1203/2777/2729 1219/2776/2728 1220/2780/2730 1204/2781/2731
s off
f 1204/2350/2732 1220/2351/2733 1221/2352/2734 1205/2353/2735
s 38
f 1205/2782/2736 1221/2783/2737 1222/2784/2738 1206/2785/2739
f 1206/2785/2739 1222/2784/2738 1223/2786/2740 1207/2787/2741
f 1207/2787/2741 1223/2786/2740 1224/2788/2742 1208/2789/2743
s off
f 1208/2354/2744 1224/2355/2745 1225/2356/2746 1209/2357/2747
s 37
f 1209/2778/2748 1225/2779/2749 1218/2775/2727 1202/2774/2726
g default
v 2.528295 0.386658 -0.725016
v 2.528360 0.386658 0.784040
v 2.528295 0.468417 -0.725016
v 2.528360 0.468417 0.784040
v 2.169545 0.468417 -0.724987
v 2.169622 0.468417 0.784058
v 2.169545 0.386658 -0.724987
v 2.169622 0.386658 0.784058
v 2.528323 0.386658 -0.232479
v 2.528341 0.386658 0.291533
v 2.528341 0.468417 0.291533
v 2.528323 0.468417 -0.232479
v 2.169593 0.468417 0.291542
v 2.169574 0.468417 -0.232460
v 2.169593 0.386658 0.291542
v 2.169574 0.386658 -0.232460
v 2.262294 0.386658 0.656815
v 2.435697 0.386658 0.656807
v 2.435687 0.386658 0.418766
v 2.262284 0.386658 0.418776
v 2.262229 0.386658 -0.597773
v 2.435630 0.386658 -0.597782
v 2.262239 0.386658 -0.359703
v 2.435640 0.386658 -0.359713
v 2.262294 0.233168 0.656815
v 2.435697 0.233168 0.656807
v 2.435687 0.233168 0.418766
v 2.262284 0.233168 0.418776
v 2.262229 0.233168 -0.597773
v 2.435630 0.233168 -0.597782
v 2.262239 0.233168 -0.359703
v 2.435640 0.233168 -0.359713
v 2.252177 0.233168 0.670702
v 2.445813 0.233168 0.670692
v 2.445794 0.233168 0.404881
v 2.252168 0.233168 0.404888
v 2.252113 0.233168 -0.611658
v 2.445747 0.233168 -0.611668
v 2.252132 0.233168 -0.345818
v 2.445756 0.233168 -0.345827
v 2.252177 0.213510 0.670702
v 2.445813 0.213510 0.670692
v 2.445794 0.213510 0.404881
v 2.252168 0.213510 0.404888
v 2.252113 0.213510 -0.611658
v 2.445747 0.213510 -0.611668
v 2.252132 0.213510 -0.345818
v 2.445756 0.213510 -0.345827
v 2.435697 0.359009 0.621008
v 2.435687 0.359009 0.454563
v 2.435687 0.260816 0.454563
v 2.435697 0.260816 0.621008
v 2.262294 0.359009 0.621027
v 2.262284 0.359009 0.454573
v 2.262294 0.260816 0.621027
v 2.262284 0.260816 0.454573
v 2.262229 0.359009 -0.561975
v 2.262239 0.359009 -0.395502
v 2.262239 0.260816 -0.395502
v 2.262229 0.260816 -0.561975
v 2.435640 0.359009 -0.561983
v 2.435640 0.359009 -0.395512
v 2.435640 0.260816 -0.561983
v 2.435640 0.260816 -0.395512
v 2.421697 0.359009 0.621008
v 2.421687 0.359009 0.454573
v 2.421687 0.260816 0.454573
v 2.421697 0.260816 0.621008
v 2.276284 0.359009 0.621027
v 2.276275 0.359009 0.454573
v 2.276284 0.260816 0.621027
v 2.276275 0.260816 0.454573
v 2.276227 0.359009 -0.561975
v 2.276237 0.359009 -0.395502
v 2.276237 0.260816 -0.395502
v 2.276227 0.260816 -0.561975
v 2.421642 0.359009 -0.561983
v 2.421651 0.359009 -0.395502
v 2.421642 0.260816 -0.561983
v 2.421651 0.260816 -0.395502
v 2.528295 0.444561 -0.725016
v 2.169545 0.444561 -0.724987
v 2.169574 0.444561 -0.232460
v 2.169593 0.444561 0.291542
v 2.169622 0.444561 0.784058
v 2.528360 0.444561 0.784040
v 2.528341 0.444561 0.291533
v 2.528323 0.444561 -0.232479
v 2.528295 0.415599 -0.725016
v 2.169545 0.415599 -0.724987
v 2.169574 0.415599 -0.232460
v 2.169593 0.415599 0.291542
v 2.169622 0.415599 0.784058
v 2.528360 0.415599 0.784040
v 2.528341 0.415599 0.291533
v 2.528323 0.415599 -0.232479
v 2.169555 0.421870 -0.641605
v 2.169574 0.421870 -0.229816
v 2.169555 0.438290 -0.641605
v 2.169574 0.438290 -0.229816
v 2.169603 0.438290 0.288870
v 2.169603 0.421870 0.288870
v 2.169622 0.438290 0.700676
v 2.169622 0.421870 0.700676
v 2.528360 0.421870 0.700659
v 2.528341 0.421870 0.288851
v 2.528360 0.438290 0.700659
v 2.528341 0.438290 0.288851
v 2.528323 0.421870 -0.229836
v 2.528323 0.438290 -0.229836
v 2.528295 0.438290 -0.641624
v 2.528295 0.421870 -0.641624
v 2.187173 0.421870 -0.641615
v 2.187192 0.421870 -0.229816
v 2.187173 0.438290 -0.641615
v 2.187192 0.438290 -0.229816
v 2.187211 0.438290 0.288870
v 2.187211 0.421870 0.288870
v 2.187238 0.438290 0.700676
v 2.187238 0.421870 0.700676
v 2.510741 0.421870 0.700659
v 2.510724 0.421870 0.288851
v 2.510741 0.438290 0.700659
v 2.510724 0.438290 0.288851
v 2.510705 0.421870 -0.229836
v 2.510705 0.438290 -0.229836
v 2.510677 0.438290 -0.641624
v 2.510677 0.421870 -0.641624
v 2.488698 0.468417 -0.231241
v 2.488727 0.468417 0.290285
v 2.209207 0.468417 0.290295
v 2.209188 0.468417 -0.231241
v 2.488746 0.468417 0.745205
v 2.209245 0.468417 0.745213
v 2.488681 0.468417 -0.686180
v 2.209169 0.468417 -0.686161
v 2.488698 0.471526 -0.231241
v 2.488727 0.471526 0.290285
v 2.209207 0.471526 0.290295
v 2.209188 0.471526 -0.231241
v 2.488746 0.471526 0.745205
v 2.209245 0.471526 0.745213
v 2.488681 0.471526 -0.686180
v 2.209169 0.471526 -0.686161
v 2.286868 0.355783 0.656807
v 2.411121 0.355783 0.656807
v 2.411121 0.264043 0.656807
v 2.286868 0.264043 0.656807
v 2.286861 0.355783 0.418776
v 2.411103 0.355783 0.418776
v 2.286861 0.264043 0.418776
v 2.411103 0.264043 0.418776
v 2.286803 0.355783 -0.597773
v 2.411056 0.355783 -0.597782
v 2.286803 0.264043 -0.597773
v 2.411056 0.264043 -0.597782
v 2.286823 0.355783 -0.359703
v 2.411065 0.355783 -0.359703
v 2.411065 0.264043 -0.359703
v 2.286823 0.264043 -0.359703
v 2.286868 0.355783 0.645002
v 2.411121 0.355783 0.644993
v 2.411121 0.264043 0.644993
v 2.286868 0.264043 0.645002
v 2.286861 0.355783 0.430599
v 2.411111 0.355783 0.430590
v 2.286861 0.264043 0.430599
v 2.411111 0.264043 0.430590
v 2.286803 0.355783 -0.585958
v 2.411056 0.355783 -0.585958
v 2.286803 0.264043 -0.585958
v 2.411056 0.264043 -0.585958
v 2.286813 0.355783 -0.371517
v 2.411065 0.355783 -0.371527
v 2.411065 0.264043 -0.371527
v 2.286813 0.264043 -0.371517
v 2.511840 0.424643 -0.725006
v 2.186002 0.424643 -0.724987
v 2.511840 0.435518 -0.725006
v 2.186002 0.435518 -0.724987
v 2.186067 0.424643 0.784058
v 2.511914 0.424643 0.784040
v 2.186067 0.435518 0.784058
v 2.511914 0.435518 0.784040
v 2.511840 0.424643 -0.720591
v 2.186002 0.424643 -0.720572
v 2.511840 0.435518 -0.720591
v 2.186002 0.435518 -0.720572
v 2.186076 0.424643 0.779633
v 2.511914 0.424643 0.779613
v 2.186076 0.435518 0.779633
v 2.511914 0.435518 0.779613
v 2.183536 0.468417 -0.232029
v 2.183555 0.468417 0.291101
v 2.183572 0.468417 0.770369
v 2.514417 0.468417 0.770361
v 2.514390 0.468417 0.291092
v 2.514362 0.468417 -0.232048
v 2.514343 0.468417 -0.711327
v 2.183498 0.468417 -0.711308
v 2.194280 0.468417 -0.231691
v 2.194308 0.468417 0.290764
v 2.194328 0.468417 0.759830
v 2.503663 0.468417 0.759821
v 2.503635 0.468417 0.290754
v 2.503608 0.468417 -0.231720
v 2.503589 0.468417 -0.700788
v 2.194261 0.468417 -0.700769
v 2.183536 0.466749 -0.232029
v 2.183555 0.466749 0.291101
v 2.183572 0.466749 0.770369
v 2.514417 0.466749 0.770361
v 2.514390 0.466749 0.291092
v 2.514362 0.466749 -0.232048
v 2.514343 0.466749 -0.711327
v 2.183498 0.466749 -0.711308
v 2.194280 0.466749 -0.231691
v 2.194308 0.466749 0.290764
v 2.194328 0.466749 0.759830
v 2.503663 0.466749 0.759821
v 2.503635 0.466749 0.290754
v 2.503608 0.466749 -0.231720
v 2.503589 0.466749 -0.700788
v 2.194261 0.466749 -0.700769
vt 4.870393 1.717118
vt 5.006457 1.717118
vt 5.006457 3.403685
vt 4.870393 3.403685
vt 5.048974 1.794433
vt 5.048974 3.326369
vt 5.142617 1.717118
vt 5.100104 1.794433
vt 5.100104 3.326369
vt 5.142617 3.403685
vt 5.254777 1.717118
vt 5.254777 3.403685
vt 5.318880 1.717073
vt 5.454942 1.717073
vt 5.454942 3.403693
vt 5.318880 3.403693
vt 5.497458 1.794439
vt 5.497458 3.326334
vt 5.591104 1.717073
vt 5.548590 1.794439
vt 5.548590 3.326334
vt 5.591104 3.403693
vt 5.703259 1.717073
vt 5.703259 3.403693
vt 2.164773 4.149141
vt 1.733465 4.149141
vt 1.733465 3.564982
vt 2.164773 3.564982
vt 2.673847 4.149130
vt 2.242537 4.149130
vt 2.242537 3.564982
vt 2.673847 3.564982
vt 3.182917 4.149141
vt 2.751610 4.149141
vt 2.751610 3.564983
vt 3.182917 3.564983
vt 3.691993 4.149141
vt 3.260684 4.149141
vt 3.260684 3.564983
vt 3.691993 3.564983
vt -3.876254 3.411577
vt -3.968675 3.411577
vt -3.968675 2.501219
vt -3.876254 2.501219
vt -4.189297 3.411533
vt -4.281714 3.411533
vt -4.281714 2.501219
vt -4.189297 2.501219
vt -4.032778 3.411566
vt -4.125196 3.411566
vt -4.125196 2.501219
vt -4.032778 2.501219
vt -4.345817 3.411524
vt -4.438238 3.411524
vt -4.438238 2.501219
vt -4.345817 2.501219
vt 4.812997 4.194707
vt 4.747178 4.194707
vt 4.747178 3.733064
vt 4.812997 3.733064
vt 4.889719 3.445388
vt 4.955538 3.445388
vt 4.955538 3.907031
vt 4.889719 3.907031
vt 5.098032 3.907031
vt 5.032259 3.907031
vt 5.032259 3.445388
vt 5.098032 3.445388
vt 5.174799 3.445388
vt 5.240574 3.445388
vt 5.240574 3.907031
vt 5.174799 3.907031
vt 5.383153 3.907039
vt 5.317341 3.907039
vt 5.317341 3.445396
vt 5.383153 3.445396
vt 5.459881 3.445396
vt 5.525691 3.445396
vt 5.525691 3.907039
vt 5.459881 3.907039
vt 5.668231 3.907039
vt 5.602421 3.907039
vt 5.602421 3.445396
vt 5.668231 3.445396
vt 5.637493 3.948741
vt 5.703259 3.948741
vt 5.703259 4.410385
vt 5.637493 4.410385
vt 4.441283 2.136011
vt 4.492410 2.136011
vt 4.492410 3.667905
vt 4.441283 3.667905
vt 4.326051 2.136011
vt 4.377180 2.136011
vt 4.377180 3.667902
vt 4.326051 3.667902
vt 4.538943 4.418342
vt 4.538943 4.335513
vt 4.616141 4.335513
vt 4.616141 4.418342
vt 4.474842 4.335513
vt 4.474842 4.418332
vt 4.397642 4.418332
vt 4.397642 4.335513
vt 4.256343 4.418300
vt 4.256343 4.335471
vt 4.333541 4.335471
vt 4.333541 4.418300
vt 4.192239 4.335457
vt 4.192239 4.418288
vt 4.115042 4.418288
vt 4.115042 4.335457
vt 3.854823 2.136011
vt 3.869438 2.136011
vt 3.869438 3.450054
vt 3.854823 3.450054
vt 3.933541 2.136011
vt 3.948159 2.136011
vt 3.948159 3.450105
vt 3.933541 3.450105
vt -3.981642 4.268514
vt -4.126796 4.152980
vt -4.126796 3.568823
vt -3.981642 3.453280
vt -4.703259 4.268514
vt -4.558104 4.152980
vt -4.558104 3.568823
vt -4.703259 3.453280
vt -3.185451 4.477283
vt -3.330606 4.361703
vt -3.330606 3.777591
vt -3.185451 3.662046
vt -3.907069 4.477283
vt -3.761913 4.361703
vt -3.761913 3.777591
vt -3.907069 3.662046
vt -2.391295 4.477272
vt -2.536451 4.361739
vt -2.536451 3.777580
vt -2.391295 3.662046
vt -3.112913 4.477272
vt -2.967757 4.361739
vt -2.967757 3.777580
vt -3.112913 3.662046
vt -1.597142 4.477407
vt -1.742296 4.361826
vt -1.742296 3.777714
vt -1.597142 3.662179
vt -2.318759 4.477407
vt -2.173605 4.361826
vt -2.173605 3.777714
vt -2.318759 3.662179
vt 4.806292 3.272549
vt 4.798450 3.272549
vt 4.798450 1.717118
vt 4.806292 1.717118
vt 4.734347 3.691362
vt 4.726502 3.691362
vt 4.726502 2.135931
vt 4.734347 2.135931
vt 4.092048 3.590318
vt 4.084205 3.590318
vt 4.084205 2.136011
vt 4.092048 2.136011
vt 4.020103 3.590283
vt 4.012261 3.590283
vt 4.012261 2.136011
vt 4.020103 2.136011
vt 3.220182 -2.496385
vt 4.534268 -2.496385
vt 4.534180 -0.044439
vt 3.220047 -0.044486
vt 4.534358 -4.635141
vt 3.220262 -4.635230
vt 3.219958 2.094272
vt 4.534002 2.094308
vt -4.703124 -2.319531
vt -3.016504 -2.319622
vt -3.016422 0.143962
vt -4.703034 0.144007
vt -4.267472 -2.917750
vt -3.452245 -2.917797
vt -3.452021 0.742138
vt -4.267257 0.742182
vt -4.703259 -4.635094
vt -4.267516 -4.037008
vt -3.452292 -4.037055
vt -3.016637 -4.635229
vt -3.016333 2.459435
vt -3.451977 1.861260
vt -4.267211 1.861296
vt -4.702900 2.459516
vt 0.618319 3.622235
vt 0.618274 2.372540
vt 1.528589 2.372505
vt 1.528678 3.622190
vt 3.790675 2.273415
vt 3.790721 3.523235
vt 2.880417 3.523280
vt 2.880326 2.273460
vt 0.506566 3.685524
vt 0.554129 3.750817
vt -0.356231 3.750770
vt -0.308669 3.685488
vt 0.506612 2.566410
vt 0.554172 2.501120
vt -0.356142 2.501084
vt -0.308625 2.566366
vt 1.953438 2.338695
vt 1.905876 2.273415
vt 2.816223 2.273460
vt 2.768663 2.338742
vt 1.953392 3.457951
vt 1.905830 3.523233
vt 2.816135 3.523280
vt 2.768617 3.458001
vt 0.984810 4.446462
vt 0.918991 4.446462
vt 0.918947 3.663984
vt 0.984766 3.663939
vt 1.061532 3.663938
vt 1.127351 3.663982
vt 1.127306 4.446460
vt 1.061487 4.446460
vt 0.633866 3.663939
vt 0.699640 3.663939
vt 0.699685 4.446506
vt 0.633911 4.446506
vt 0.842179 4.446507
vt 0.776406 4.446507
vt 0.776449 3.663938
vt 0.842225 3.663938
vt -0.180651 3.792519
vt -0.114839 3.792519
vt -0.114794 4.575175
vt -0.180604 4.575175
vt 0.027701 4.575173
vt -0.038110 4.575173
vt -0.038064 3.792519
vt 0.027747 3.792519
vt -0.929358 4.444836
vt -0.995124 4.444880
vt -0.995168 3.662188
vt -0.929358 3.662188
vt -0.852628 3.662188
vt -0.786818 3.662188
vt -0.786863 4.444880
vt -0.852628 4.444834
vt 4.993124 -2.699204
vt 4.910295 -2.699204
vt 4.910384 -4.635230
vt 4.993217 -4.635185
vt 4.992989 -0.260658
vt 4.910206 -0.260658
vt 4.992900 1.675404
vt 4.910081 1.675404
vt 5.072985 -4.635185
vt 5.155815 -4.635229
vt 5.155904 -2.699204
vt 5.073075 -2.699204
vt 5.155993 -0.260656
vt 5.073209 -0.260656
vt 5.156120 1.675406
vt 5.073299 1.675406
vt 5.378518 -0.260703
vt 5.461340 -0.260703
vt 5.461258 1.675367
vt 5.378429 1.675367
vt 5.378600 -2.699249
vt 5.461430 -2.699249
vt 5.378734 -4.635230
vt 5.461565 -4.635230
vt 5.624468 1.675369
vt 5.541638 1.675369
vt 5.541557 -0.260702
vt 5.624379 -0.260702
vt 5.541468 -2.699249
vt 5.624297 -2.699249
vt 5.541333 -4.635230
vt 5.624164 -4.635230
vt -2.949839 -2.319622
vt -2.884200 -2.317595
vt -2.884335 0.141891
vt -2.949921 0.143961
vt -2.949706 -4.635230
vt -2.884111 -4.570872
vt -2.884460 2.395120
vt -2.950010 2.459435
vt -1.263084 -4.635094
vt -1.328679 -4.570782
vt -1.329028 2.395156
vt -1.263443 2.459517
vt -1.263220 -2.319532
vt -1.328857 -2.317505
vt -1.328950 0.141934
vt -1.263308 0.144007
vt 3.769757 3.564983
vt 3.825255 3.564983
vt 3.825300 4.149141
vt 3.769757 4.149141
vt 3.891935 3.491808
vt 3.947477 3.491808
vt 3.947433 4.075965
vt 3.891935 4.075965
vt 4.069700 4.216135
vt 4.014157 4.216171
vt 4.014112 3.632020
vt 4.069700 3.632020
vt 4.191877 4.293755
vt 4.136290 4.293755
vt 4.136335 3.709606
vt 4.191877 3.709642
vt 4.314057 4.293767
vt 4.258468 4.293767
vt 4.258468 3.709608
vt 4.314011 3.709608
vt 4.436188 4.293767
vt 4.380646 4.293767
vt 4.380646 3.709608
vt 4.436234 3.709608
vt 4.502823 3.709696
vt 4.558365 3.709651
vt 4.558412 4.293809
vt 4.502823 4.293809
vt 4.625000 3.709615
vt 4.680589 3.709615
vt 4.680543 4.293776
vt 4.625000 4.293730
vt 4.261860 3.667905
vt 4.241101 3.667905
vt 4.241190 2.136011
vt 4.261949 2.136011
vt 4.176999 3.667903
vt 4.156240 3.667903
vt 4.156151 2.136011
vt 4.176910 2.136011
vt 4.641588 2.135975
vt 4.662401 2.135975
vt 4.662312 3.667866
vt 4.641508 3.667913
vt 4.556513 2.136011
vt 4.577316 2.136055
vt 4.577405 3.667947
vt 4.556593 3.667947
vt 1.293407 0.077580
vt 1.242852 0.075990
vt 1.242984 -2.380276
vt 1.293499 -2.381862
vt 1.293329 2.330802
vt 1.242763 2.281257
vt 1.243077 -4.585596
vt 1.293678 -4.635139
vt -0.262103 2.330766
vt -0.211546 2.281211
vt -0.211196 -4.585685
vt -0.261754 -4.635230
vt -0.261978 0.077534
vt -0.211411 0.075944
vt -0.211287 -2.380411
vt -0.261843 -2.381953
vt 2.984233 0.026446
vt 2.914189 0.024241
vt 2.914278 -2.427705
vt 2.984365 -2.429821
vt 2.984144 2.231712
vt 2.914011 2.162988
vt 2.914367 -4.566461
vt 2.984457 -4.635141
vt 1.529834 2.231666
vt 1.599967 2.162952
vt 1.600271 -4.566549
vt 1.530185 -4.635230
vt 1.529969 0.026399
vt 1.600056 0.024194
vt 1.600191 -2.427705
vt 1.530094 -2.429956
vt -1.198797 -2.319622
vt -1.062734 -2.319622
vt -1.062734 0.143961
vt -1.198797 0.143961
vt -1.198797 -4.635230
vt -1.062734 -4.635230
vt -1.033253 -2.307193
vt -1.033253 0.131353
vt -1.198797 2.459435
vt -1.062734 2.459435
vt -1.033253 -4.243174
vt -1.033253 2.067425
vt -0.926574 -4.635230
vt -0.956055 -4.243174
vt -0.956055 2.067425
vt -0.926574 2.459435
vt -0.926574 -2.319622
vt -0.956055 -2.307193
vt -0.956055 0.131353
vt -0.926574 0.143961
vt -0.814414 -4.635230
vt -0.814414 -2.319622
vt -0.814414 0.143961
vt -0.814414 2.459435
vt -0.482133 -2.319667
vt -0.346064 -2.319667
vt -0.346064 0.143869
vt -0.482133 0.143869
vt -0.346064 -4.635226
vt -0.482133 -4.635226
vt -0.482133 2.459378
vt -0.346064 2.459378
vt -0.511609 0.131307
vt -0.511609 -2.307241
vt -0.511609 -4.243221
vt -0.511609 2.067373
vt -0.588812 -4.243221
vt -0.618288 -4.635226
vt -0.618288 2.459378
vt -0.588812 2.067373
vt -0.588812 -2.307241
vt -0.618288 -2.319667
vt -0.618288 0.143869
vt -0.588812 0.131307
vt -0.730450 -2.319667
vt -0.730450 -4.635226
vt -0.730450 2.459378
vt -0.730450 0.143869
vt 1.665671 4.446417
vt 1.204028 4.446417
vt 1.204028 3.663939
vt 1.665671 3.663939
vt 0.104430 3.792521
vt 0.566069 3.792521
vt 0.566069 4.575086
vt 0.104430 4.575086
vt -0.710087 3.792521
vt -0.248448 3.792521
vt -0.248448 4.575179
vt -0.710087 4.575179
vt -1.062961 4.444880
vt -1.524604 4.444880
vt -1.524604 3.662188
vt -1.062961 3.662188
vt -0.420333 3.750769
vt -0.512754 3.750769
vt -0.512754 2.501084
vt -0.420333 2.501084
vt -0.669281 2.501087
vt -0.576856 2.501087
vt -0.576856 3.750782
vt -0.669281 3.750782
vt 1.749303 2.273419
vt 1.841727 2.273419
vt 1.841727 3.523235
vt 1.749303 3.523235
vt 1.685201 3.523235
vt 1.592780 3.523235
vt 1.592780 2.273415
vt 1.685201 2.273415
vt -2.304819 3.620341
vt -2.434806 3.452037
vt -2.434806 2.669515
vt -2.304819 2.501219
vt -3.026435 3.620341
vt -2.896449 3.452037
vt -2.896449 2.669515
vt -3.026435 2.501219
vt -3.812152 2.501222
vt -3.682164 2.669520
vt -3.682164 3.452085
vt -3.812152 3.620340
vt -3.090537 2.501222
vt -3.220525 2.669520
vt -3.220525 3.452085
vt -3.090537 3.620340
vt -1.454998 2.501222
vt -1.325010 2.669520
vt -1.325010 3.452178
vt -1.454998 3.620482
vt -0.733383 2.501222
vt -0.863370 2.669520
vt -0.863370 3.452178
vt -0.733383 3.620482
vt -1.519099 3.620476
vt -1.649087 3.452172
vt -1.649087 2.669526
vt -1.519099 2.501219
vt -2.240716 3.620476
vt -2.110730 3.452172
vt -2.110730 2.669526
vt -2.240716 2.501219
vt 4.844744 -2.699203
vt 4.767541 -2.699203
vt 4.767541 -4.635226
vt 4.844744 -4.635226
vt 4.844744 -0.260655
vt 4.767541 -0.260655
vt 4.767541 1.675411
vt 4.844744 1.675411
vt 5.235888 -0.260703
vt 5.313086 -0.260703
vt 5.313086 1.675369
vt 5.235888 1.675369
vt 5.235888 -2.699249
vt 5.313086 -2.699249
vt 5.235888 -4.635230
vt 5.313086 -4.635230
vt 4.604637 -2.496385
vt 4.619252 -2.496385
vt 4.619252 -0.044486
vt 4.604637 -0.044486
vt 4.604637 -4.635230
vt 4.619252 -4.635230
vt 4.619252 2.094272
vt 4.604637 2.094272
vt 4.700699 -0.044523
vt 4.686089 -0.044523
vt 4.686089 -2.496464
vt 4.700699 -2.496464
vt 4.700699 2.094224
vt 4.686089 2.094224
vt 4.686089 -4.635226
vt 4.700699 -4.635226
vt 5.517848 3.948748
vt 5.573392 3.948748
vt 5.573392 4.380058
vt 5.517848 4.380058
vt 5.398248 3.948741
vt 5.453747 3.948741
vt 5.453747 4.380050
vt 5.398248 4.380050
vt 5.334146 4.380050
vt 5.278559 4.380050
vt 5.278559 3.948741
vt 5.334146 3.948741
vt 5.214457 4.380051
vt 5.158915 4.380051
vt 5.158915 3.948741
vt 5.214457 3.948741
vt 5.094813 4.380043
vt 5.039270 4.380043
vt 5.039270 3.948734
vt 5.094813 3.948734
vt 4.975168 4.380051
vt 4.919579 4.380051
vt 4.919579 3.948741
vt 4.975168 3.948741
vt 4.799888 4.236414
vt 4.855477 4.236414
vt 4.855477 4.667724
vt 4.799888 4.667724
vt 4.680243 4.335479
vt 4.735786 4.335479
vt 4.735786 4.766787
vt 4.680243 4.766787
vt 4.050939 4.309008
vt 4.030181 4.309008
vt 4.030181 4.257881
vt 4.050939 4.257881
vt 3.966078 4.168797
vt 3.945320 4.168797
vt 3.945320 4.117668
vt 3.966078 4.117668
vt 3.860413 4.190845
vt 3.881217 4.190845
vt 3.881217 4.241973
vt 3.860413 4.241973
vt 3.775499 4.190849
vt 3.796311 4.190849
vt 3.796311 4.241976
vt 3.775499 4.241976
vt 1.456227 0.077488
vt 1.448383 0.077488
vt 1.448383 -2.381953
vt 1.456227 -2.381953
vt 1.456227 2.330709
vt 1.448383 2.330709
vt 1.448383 -4.635230
vt 1.456227 -4.635230
vt 1.366932 0.077541
vt 1.374777 0.077541
vt 1.374777 2.330770
vt 1.366932 2.330770
vt 1.366932 -2.381947
vt 1.374777 -2.381947
vt 1.366932 -4.635226
vt 1.374777 -4.635226
vt 3.138506 -2.429909
vt 3.146352 -2.429909
vt 3.146352 0.026357
vt 3.138506 0.026357
vt 3.138506 -4.635226
vt 3.146352 -4.635226
vt 3.146352 2.231624
vt 3.138506 2.231624
vt 3.064898 2.231666
vt 3.057054 2.231666
vt 3.057054 0.026401
vt 3.064898 0.026401
vt 3.057054 -2.429956
vt 3.064898 -2.429956
vt 3.057054 -4.635230
vt 3.064898 -4.635230
vn 1.000000 0.000000 -0.000045
vn 1.000000 0.000044 -0.000046
vn 1.000000 -0.000029 -0.000036
vn 1.000000 0.000000 -0.000035
vn 0.000000 1.000000 0.000000
vn 0.000000 1.000000 0.000000
vn -0.000000 1.000000 -0.000000
vn -0.000000 1.000000 -0.000000
vn -1.000000 0.000092 0.000047
vn -1.000000 0.000000 0.000047
vn -1.000000 0.000000 0.000047
vn -1.000000 0.000165 0.000047
vn 0.000000 -1.000000 0.000000
vn -0.000000 -1.000000 0.000000
vn -0.000000 -1.000000 0.000000
vn 0.000000 -1.000000 0.000000
vn 0.000048 0.000000 1.000000
vn 0.000047 0.000000 1.000000
vn 0.000047 0.000000 1.000000
vn 0.000048 0.000000 1.000000
vn -0.000080 0.000000 -1.000000
vn -0.000077 0.000045 -1.000000
vn -0.000088 0.000045 -1.000000
vn -0.000080 0.000000 -1.000000
vn 1.000000 0.000000 -0.000039
vn 1.000000 -0.000002 -0.000034
vn 1.000000 0.000000 -0.000058
vn 1.000000 0.000004 -0.000051
vn -0.000000 1.000000 -0.000000
vn -0.000000 1.000000 -0.000000
vn 0.000000 1.000000 0.000000
vn 0.000000 1.000000 0.000000
vn -1.000000 0.000009 0.000052
vn -1.000000 0.000000 0.000058
vn -1.000000 0.000000 0.000058
vn -1.000000 0.000003 0.000065
vn 0.000000 -1.000000 0.000000
vn 0.000000 -1.000000 0.000000
vn 0.000000 -1.000000 0.000000
vn 0.000000 -1.000000 0.000000
vn 0.000000 -1.000000 0.000000
vn 0.000000 -1.000000 0.000000
vn 0.000000 -1.000000 0.000000
vn 0.000000 -1.000000 0.000000
vn -0.000000 -1.000000 0.000000
vn -0.000000 -1.000000 0.000000
vn -0.000000 -1.000000 0.000000
vn -0.000000 -1.000000 0.000000
vn -0.000000 -1.000000 0.000000
vn 0.000000 -1.000000 0.000000
vn 0.000000 -1.000000 0.000000
vn 0.000000 -1.000000 0.000000
vn 0.000000 -1.000000 0.000000
vn 0.000000 -1.000000 0.000000
vn 0.000000 -1.000000 0.000000
vn -0.000000 -1.000000 0.000000
vn 0.000077 0.000000 1.000000
vn 0.000077 0.000000 1.000000
vn 0.000077 0.000000 1.000000
vn 0.000077 0.000000 1.000000
vn 1.000000 0.000000 -0.000057
vn 1.000000 0.000000 -0.000057
vn 1.000000 0.000000 -0.000057
vn 1.000000 0.000000 -0.000057
vn -0.000077 0.000000 -1.000000
vn -0.000077 0.000000 -1.000000
vn -0.000077 0.000000 -1.000000
vn -0.000077 0.000000 -1.000000
vn -1.000000 0.000000 0.000057
vn -1.000000 0.000000 0.000057
vn -1.000000 0.000000 0.000057
vn -1.000000 0.000000 0.000057
vn 0.000000 0.000000 -1.000000
vn 0.000000 0.000000 -1.000000
vn 0.000000 0.000000 -1.000000
vn 0.000000 0.000000 -1.000000
vn -1.000000 0.000000 0.000057
vn -1.000000 0.000000 0.000057
vn -1.000000 0.000000 0.000057
vn -1.000000 0.000000 0.000057
vn 0.000077 0.000000 1.000000
vn 0.000077 0.000000 1.000000
vn 0.000077 0.000000 1.000000
vn 0.000077 0.000000 1.000000
vn 1.000000 0.000000 -0.000057
vn 1.000000 0.000000 -0.000057
vn 1.000000 0.000000 -0.000057
vn 1.000000 0.000000 -0.000057
vn -0.000000 1.000000 -0.000000
vn -0.000000 1.000000 -0.000000
vn -0.000000 1.000000 -0.000000
vn -0.000000 1.000000 -0.000000
vn -0.000000 1.000000 -0.000000
vn -0.000000 1.000000 -0.000000
vn -0.000000 1.000000 -0.000000
vn -0.000000 1.000000 -0.000000
vn -0.000001 1.000000 -0.000000
vn -0.000001 1.000000 -0.000000
vn 0.000001 1.000000 0.000000
vn 0.000001 1.000000 0.000000
vn 0.000001 1.000000 0.000000
vn 0.000001 1.000000 0.000000
vn -0.000001 1.000000 -0.000000
vn -0.000001 1.000000 -0.000000
vn 0.000049 0.000000 1.000000
vn 0.000049 0.000000 1.000000
vn 0.000049 0.000000 1.000000
vn 0.000049 0.000000 1.000000
vn 1.000000 0.000000 -0.000071
vn 1.000000 0.000000 -0.000071
vn 1.000000 0.000000 -0.000071
vn 1.000000 0.000000 -0.000071
vn -0.000039 0.000000 -1.000000
vn -0.000039 0.000000 -1.000000
vn -0.000039 0.000000 -1.000000
vn -0.000039 0.000000 -1.000000
vn -1.000000 0.000000 0.000036
vn -1.000000 0.000000 0.000036
vn -1.000000 0.000000 0.000036
vn -1.000000 0.000000 0.000036
vn -0.000049 0.000000 -1.000000
vn -0.000049 0.000000 -1.000000
vn -0.000049 0.000000 -1.000000
vn -0.000049 0.000000 -1.000000
vn -1.000000 0.000000 0.000071
vn -1.000000 0.000000 0.000071
vn -1.000000 0.000000 0.000071
vn -1.000000 0.000000 0.000071
vn 0.000049 0.000000 1.000000
vn 0.000049 0.000000 1.000000
vn 0.000049 0.000000 1.000000
vn 0.000049 0.000000 1.000000
vn 1.000000 0.000000 -0.000036
vn 1.000000 0.000000 -0.000036
vn 1.000000 0.000000 -0.000036
vn 1.000000 0.000000 -0.000036
vn 1.000000 0.000000 -0.000023
vn 1.000000 0.000000 -0.000028
vn 1.000000 0.000000 -0.000028
vn 1.000000 0.000000 -0.000023
vn 1.000000 -0.000000 -0.000027
vn 1.000000 -0.000000 -0.000022
vn 1.000000 -0.000000 -0.000027
vn 1.000000 -0.000000 -0.000022
vn -1.000000 0.000000 0.000022
vn -1.000000 0.000000 0.000027
vn -1.000000 0.000000 0.000027
vn -1.000000 0.000000 0.000022
vn -1.000000 -0.000000 0.000028
vn -1.000000 -0.000000 0.000023
vn -1.000000 -0.000000 0.000028
vn -1.000000 -0.000000 0.000023
vn -1.000000 -0.000000 0.000022
vn -1.000000 -0.000000 0.000027
vn -1.000000 -0.000000 0.000027
vn -1.000000 -0.000000 0.000022
vn -1.000000 0.000000 0.000028
vn -1.000000 0.000000 0.000023
vn -1.000000 0.000000 0.000028
vn -1.000000 0.000000 0.000023
vn 1.000000 0.000081 -0.000007
vn 1.000000 0.000100 -0.000010
vn 1.000000 0.000100 -0.000127
vn 1.000000 0.000081 -0.000154
vn 1.000000 -0.000100 -0.000128
vn 1.000000 -0.000081 -0.000155
vn 1.000000 -0.000100 -0.000011
vn 1.000000 -0.000081 -0.000008
vn 0.000000 -1.000000 0.000000
vn 0.000000 -1.000000 0.000000
vn 0.000000 -1.000000 0.000000
vn 0.000000 -1.000000 0.000000
vn 0.000681 0.000000 1.000000
vn 0.000681 0.000000 1.000000
vn 0.000681 0.000000 1.000000
vn 0.000681 0.000000 1.000000
vn 0.000000 1.000000 0.000000
vn 0.000000 1.000000 0.000000
vn 0.000000 1.000000 0.000000
vn 0.000000 1.000000 0.000000
vn 0.000000 0.000000 -1.000000
vn 0.000000 0.000000 -1.000000
vn 0.000000 0.000000 -1.000000
vn 0.000000 0.000000 -1.000000
vn 0.000000 -1.000000 0.000000
vn 0.000000 -1.000000 0.000000
vn 0.000000 -1.000000 0.000000
vn 0.000000 -1.000000 0.000000
vn 0.000000 0.000000 -1.000000
vn 0.000000 0.000000 -1.000000
vn 0.000000 0.000000 -1.000000
vn 0.000000 0.000000 -1.000000
vn 0.000000 1.000000 0.000000
vn 0.000000 1.000000 0.000000
vn 0.000000 1.000000 0.000000
vn 0.000000 1.000000 0.000000
vn 0.000000 0.000000 1.000000
vn 0.000000 0.000000 1.000000
vn 0.000000 0.000000 1.000000
vn 0.000000 0.000000 1.000000
vn 0.000000 -1.000000 0.000000
vn 0.000000 -1.000000 0.000000
vn 0.000000 -1.000000 0.000000
vn 0.000000 -1.000000 0.000000
vn 0.000000 0.000000 -1.000000
vn 0.000000 0.000000 -1.000000
vn 0.000000 0.000000 -1.000000
vn 0.000000 0.000000 -1.000000
vn 0.000000 1.000000 0.000000
vn 0.000000 1.000000 0.000000
vn 0.000000 1.000000 0.000000
vn 0.000000 1.000000 0.000000
vn 0.000000 0.000000 1.000000
vn 0.000000 0.000000 1.000000
vn 0.000000 0.000000 1.000000
vn 0.000000 0.000000 1.000000
vn 0.000000 -1.000000 0.000000
vn 0.000000 -1.000000 0.000000
vn 0.000000 -1.000000 0.000000
vn 0.000000 -1.000000 0.000000
vn 0.000000 0.000000 1.000000
vn 0.000000 0.000000 1.000000
vn 0.000000 0.000000 1.000000
vn 0.000000 0.000000 1.000000
vn 0.000000 1.000000 0.000000
vn 0.000000 1.000000 0.000000
vn 0.000000 1.000000 0.000000
vn 0.000000 1.000000 0.000000
vn -0.000682 0.000000 -1.000000
vn -0.000682 0.000000 -1.000000
vn -0.000682 0.000000 -1.000000
vn -0.000682 0.000000 -1.000000
vn -0.000077 -0.000053 -1.000000
vn -0.000080 0.000000 -1.000000
vn -0.000080 0.000000 -1.000000
vn -0.000090 -0.000053 -1.000000
vn -1.000000 -0.000108 0.000048
vn -1.000000 0.000000 0.000047
vn -1.000000 0.000000 0.000058
vn -1.000000 -0.000004 0.000066
vn -1.000000 -0.000193 0.000048
vn -1.000000 0.000000 0.000047
vn -1.000000 0.000000 0.000058
vn -1.000000 -0.000011 0.000051
vn 0.000047 0.000000 1.000000
vn 0.000048 0.000000 1.000000
vn 0.000048 0.000000 1.000000
vn 0.000047 0.000000 1.000000
vn 1.000000 0.000034 -0.000036
vn 1.000000 0.000000 -0.000036
vn 1.000000 0.000000 -0.000039
vn 1.000000 0.000003 -0.000034
vn 1.000000 -0.000051 -0.000046
vn 1.000000 0.000000 -0.000045
vn 1.000000 0.000000 -0.000058
vn 1.000000 -0.000004 -0.000050
vn -0.000059 0.000000 -1.000000
vn -0.000059 0.000000 -1.000000
vn -0.000059 0.000000 -1.000000
vn -0.000059 0.000000 -1.000000
vn -1.000000 0.000000 0.000041
vn -1.000000 0.000000 0.000041
vn -1.000000 0.000000 0.000046
vn -1.000000 0.000000 0.000046
vn -1.000000 0.000000 0.000049
vn -1.000000 0.000000 0.000049
vn -1.000000 0.000000 0.000065
vn -1.000000 0.000000 0.000065
vn 0.000059 0.000000 1.000000
vn 0.000059 0.000000 1.000000
vn 0.000059 0.000000 1.000000
vn 0.000059 0.000000 1.000000
vn 1.000000 0.000000 -0.000039
vn 1.000000 0.000000 -0.000039
vn 1.000000 0.000000 -0.000042
vn 1.000000 0.000000 -0.000042
vn 1.000000 0.000000 -0.000051
vn 1.000000 0.000000 -0.000051
vn 1.000000 0.000000 -0.000069
vn 1.000000 0.000000 -0.000069
vn -1.000000 0.000637 0.000048
vn -1.000000 0.000294 0.000070
vn -1.000000 -0.000294 0.000070
vn -1.000000 -0.000637 0.000048
vn -1.000000 -0.000883 0.000048
vn -1.000000 0.000883 0.000048
vn -1.000000 -0.000826 0.000039
vn -1.000000 0.000826 0.000039
vn 1.000000 -0.000098 -0.000036
vn 1.000000 -0.000213 -0.000031
vn 1.000000 0.000213 -0.000031
vn 1.000000 0.000098 -0.000036
vn 1.000000 0.000148 -0.000043
vn 1.000000 -0.000148 -0.000043
vn 1.000000 -0.000320 -0.000046
vn 1.000000 0.000320 -0.000045
vn 0.000000 1.000000 0.000000
vn 0.000000 1.000000 0.000000
vn 0.000000 1.000000 0.000000
vn 0.000000 1.000000 0.000000
vn 0.000541 0.000000 1.000000
vn 0.000541 0.000000 1.000000
vn 0.000541 0.000000 1.000000
vn 0.000541 0.000000 1.000000
vn -0.000002 -1.000000 0.000000
vn -0.000002 -1.000000 0.000000
vn -0.000001 -1.000000 0.000000
vn -0.000001 -1.000000 0.000000
vn 0.000000 -1.000000 0.000000
vn 0.000000 -1.000000 0.000000
vn 0.000000 1.000000 0.000000
vn 0.000000 1.000000 0.000000
vn 0.000000 0.000000 -1.000000
vn 0.000000 0.000000 -1.000000
vn 0.000000 0.000000 -1.000000
vn 0.000000 0.000000 -1.000000
vn 0.000000 1.000000 0.000000
vn 0.000000 1.000000 0.000000
vn 0.000000 -1.000000 0.000000
vn 0.000000 -1.000000 0.000000
vn 0.000000 1.000000 0.000000
vn 0.000000 1.000000 0.000000
vn 0.000000 1.000000 0.000000
vn 0.000000 1.000000 0.000000
vn 0.000000 0.000000 -1.000000
vn 0.000000 0.000000 -1.000000
vn 0.000000 0.000000 -1.000000
vn 0.000000 0.000000 -1.000000
vn 0.000000 -1.000000 0.000000
vn 0.000000 -1.000000 0.000000
vn 0.000000 -1.000000 0.000000
vn 0.000000 -1.000000 0.000000
vn 0.000000 1.000000 0.000000
vn 0.000000 1.000000 0.000000
vn 0.000000 -1.000000 0.000000
vn 0.000000 -1.000000 0.000000
vn 0.000000 -1.000000 0.000000
vn 0.000000 -1.000000 0.000000
vn 0.000000 0.000000 1.000000
vn 0.000000 0.000000 1.000000
vn 0.000000 0.000000 1.000000
vn 0.000000 0.000000 1.000000
vn 0.000000 1.000000 0.000000
vn 0.000000 1.000000 0.000000
vn -0.000001 1.000000 -0.000000
vn -0.000001 1.000000 -0.000000
vn -0.000000 1.000000 -0.000000
vn 0.000000 1.000000 0.000000
vn 0.000000 1.000000 0.000000
vn 0.000000 1.000000 0.000000
vn -0.000001 1.000000 -0.000000
vn -0.000001 1.000000 -0.000000
vn 0.000001 1.000000 0.000000
vn 0.000001 1.000000 0.000000
vn 0.000000 1.000000 0.000000
vn 0.000000 1.000000 0.000000
vn -0.000001 1.000000 -0.000000
vn -0.000001 1.000000 -0.000000
vn 0.000000 1.000000 0.000000
vn 0.000000 1.000000 0.000000
vn 1.000000 0.000000 -0.000047
vn 1.000000 0.000000 -0.000047
vn 1.000000 0.000000 -0.000049
vn 1.000000 0.000000 -0.000049
vn -1.000000 0.000000 0.000059
vn -1.000000 0.000000 0.000059
vn -1.000000 0.000000 0.000039
vn -1.000000 0.000000 0.000039
vn 0.000027 0.000000 1.000000
vn 0.000027 0.000000 1.000000
vn 0.000027 0.000000 1.000000
vn 0.000027 0.000000 1.000000
vn -1.000000 0.000000 0.000084
vn -1.000000 0.000000 0.000084
vn 1.000000 0.000000 -0.000042
vn 1.000000 0.000000 -0.000042
vn -0.000068 0.000000 -1.000000
vn -0.000068 0.000000 -1.000000
vn -0.000068 0.000000 -1.000000
vn -0.000068 0.000000 -1.000000
vn 1.000000 0.000000 -0.000038
vn 1.000000 0.000000 -0.000038
vn -1.000000 0.000000 0.000042
vn -1.000000 0.000000 0.000042
vn 0.000119 -0.000083 1.000000
vn 0.000145 -0.000072 1.000000
vn 0.000015 -0.000072 1.000000
vn 0.000017 -0.000083 1.000000
vn 0.000015 0.000073 1.000000
vn 0.000017 0.000084 1.000000
vn 0.000145 0.000073 1.000000
vn 0.000119 0.000084 1.000000
vn -0.000149 -0.000104 -1.000000
vn -0.000181 -0.000090 -1.000000
vn -0.000019 -0.000090 -1.000000
vn -0.000021 -0.000104 -1.000000
vn -0.000019 0.000089 -1.000000
vn -0.000021 0.000103 -1.000000
vn -0.000181 0.000089 -1.000000
vn -0.000149 0.000103 -1.000000
vn -0.000043 0.000000 -1.000000
vn -0.000037 0.000000 -1.000000
vn -0.000037 0.000000 -1.000000
vn -0.000043 0.000000 -1.000000
vn -0.000037 0.000000 -1.000000
vn -0.000043 0.000000 -1.000000
vn -0.000037 0.000000 -1.000000
vn -0.000043 0.000000 -1.000000
vn 0.000021 0.000103 1.000000
vn 0.000019 0.000089 1.000000
vn 0.000181 0.000089 1.000000
vn 0.000149 0.000103 1.000000
vn 0.000181 -0.000090 1.000000
vn 0.000149 -0.000104 1.000000
vn 0.000019 -0.000090 1.000000
vn 0.000021 -0.000104 1.000000
vn 0.000000 -1.000000 0.000000
vn 0.000000 -1.000000 0.000000
vn 0.000000 -1.000000 0.000000
vn 0.000000 -1.000000 0.000000
vn -1.000000 0.000000 -0.000000
vn -1.000000 0.000000 -0.000000
vn -1.000000 0.000000 -0.000000
vn -1.000000 0.000000 -0.000000
vn 0.000000 1.000000 0.000000
vn 0.000000 1.000000 0.000000
vn 0.000000 1.000000 0.000000
vn 0.000000 1.000000 0.000000
vn 1.000000 0.000000 0.000000
vn 1.000000 0.000000 0.000000
vn 1.000000 0.000000 0.000000
vn 1.000000 0.000000 0.000000
vn -0.000000 -1.000000 0.000000
vn -0.000000 -1.000000 0.000000
vn -0.000000 -1.000000 0.000000
vn -0.000000 -1.000000 0.000000
vn 1.000000 0.000000 0.000000
vn 1.000000 0.000000 0.000000
vn 1.000000 0.000000 0.000000
vn 1.000000 0.000000 0.000000
vn 0.000000 1.000000 0.000000
vn 0.000000 1.000000 0.000000
vn 0.000000 1.000000 0.000000
vn 0.000000 1.000000 0.000000
vn -1.000000 0.000000 0.000660
vn -1.000000 0.000000 0.000660
vn -1.000000 0.000000 0.000660
vn -1.000000 0.000000 0.000660
vn 0.000000 -1.000000 0.000000
vn 0.000000 -1.000000 0.000000
vn 0.000000 -1.000000 0.000000
vn 0.000000 -1.000000 0.000000
vn 1.000000 0.000000 0.000000
vn 1.000000 0.000000 0.000000
vn 1.000000 0.000000 0.000000
vn 1.000000 0.000000 0.000000
vn -0.000000 1.000000 -0.000000
vn -0.000000 1.000000 -0.000000
vn -0.000000 1.000000 -0.000000
vn -0.000000 1.000000 -0.000000
vn -1.000000 0.000000 -0.000000
vn -1.000000 0.000000 -0.000000
vn -1.000000 0.000000 -0.000000
vn -1.000000 0.000000 -0.000000
vn 0.000000 -1.000000 0.000000
vn 0.000000 -1.000000 0.000000
vn 0.000000 -1.000000 0.000000
vn 0.000000 -1.000000 0.000000
vn -1.000000 0.000000 -0.000000
vn -1.000000 0.000000 -0.000000
vn -1.000000 0.000000 -0.000000
vn -1.000000 0.000000 -0.000000
vn -0.000000 1.000000 -0.000000
vn -0.000000 1.000000 -0.000000
vn -0.000000 1.000000 -0.000000
vn -0.000000 1.000000 -0.000000
vn 1.000000 0.000000 -0.000797
vn 1.000000 0.000000 -0.000797
vn 1.000000 0.000000 -0.000797
vn 1.000000 0.000000 -0.000797
vn -0.000064 0.000489 -1.000000
vn -0.000109 0.000489 -1.000000
vn -0.000109 -0.000480 -1.000000
vn -0.000064 -0.000480 -1.000000
vn 0.000046 0.000000 1.000000
vn 0.000046 0.000000 1.000000
vn 0.000046 0.000000 1.000000
vn 0.000046 0.000000 1.000000
vn 0.000000 1.000000 0.000000
vn 0.000000 1.000000 0.000000
vn 0.000000 1.000000 0.000000
vn 0.000000 1.000000 0.000000
vn -1.000000 0.000000 -0.000000
vn -1.000000 0.000000 -0.000000
vn -1.000000 0.000000 -0.000000
vn -1.000000 0.000000 -0.000000
vn -0.000000 -1.000000 0.000000
vn -0.000000 -1.000000 0.000000
vn -0.000000 -1.000000 0.000000
vn -0.000000 -1.000000 0.000000
vn 1.000000 0.000000 0.000000
vn 1.000000 0.000000 0.000000
vn 1.000000 0.000000 0.000000
vn 1.000000 0.000000 0.000000
vn -0.000000 1.000000 -0.000000
vn -0.000000 1.000000 -0.000000
vn -0.000000 1.000000 -0.000000
vn -0.000000 1.000000 -0.000000
vn 0.999998 0.000000 0.002167
vn 0.999998 0.000000 0.002167
vn 0.999998 0.000000 0.002167
vn 0.999998 0.000000 0.002167
vn -0.000000 -1.000000 0.000000
vn -0.000000 -1.000000 0.000000
vn -0.000000 -1.000000 0.000000
vn -0.000000 -1.000000 0.000000
vn -1.000000 0.000000 -0.000000
vn -1.000000 0.000000 -0.000000
vn -1.000000 0.000000 -0.000000
vn -1.000000 0.000000 -0.000000
vn -0.000001 1.000000 -0.000000
vn -0.000001 1.000000 -0.000000
vn -0.000001 1.000000 -0.000000
vn -0.000001 1.000000 -0.000000
vn -0.000000 1.000000 -0.000000
vn -0.000000 1.000000 -0.000000
vn -0.000000 1.000000 -0.000000
vn -0.000000 1.000000 -0.000000
vn 0.000000 1.000000 0.000000
vn 0.000000 1.000000 0.000000
vn 0.000000 1.000000 0.000000
vn 0.000000 1.000000 0.000000
vn 0.000000 1.000000 0.000000
vn 0.000000 1.000000 0.000000
vn 0.000000 1.000000 0.000000
vn 0.000000 1.000000 0.000000
vn 0.000000 1.000000 0.000000
vn 0.000000 1.000000 0.000000
vn -0.000001 1.000000 -0.000000
vn -0.000001 1.000000 -0.000000
vn 0.000000 1.000000 0.000000
vn 0.000000 1.000000 0.000000
vn 0.000000 1.000000 0.000000
vn 0.000000 1.000000 0.000000
vn 0.000000 1.000000 0.000000
vn 0.000000 1.000000 0.000000
vn 0.000000 1.000000 0.000000
vn 0.000000 1.000000 0.000000
vn 0.000000 1.000000 0.000000
vn 0.000000 1.000000 0.000000
vn -0.000001 1.000000 -0.000000
vn -0.000001 1.000000 -0.000000
vn 1.000000 0.000000 -0.000036
vn 1.000000 0.000000 -0.000036
vn 1.000000 0.000000 -0.000057
vn 1.000000 0.000000 -0.000057
vn 1.000000 0.000000 -0.000036
vn 1.000000 0.000000 -0.000036
vn -0.000023 0.000000 -1.000000
vn -0.000023 0.000000 -1.000000
vn -0.000023 0.000000 -1.000000
vn -0.000023 0.000000 -1.000000
vn -1.000000 0.000000 0.000055
vn -1.000000 0.000000 0.000055
vn -1.000000 0.000000 0.000056
vn -1.000000 0.000000 0.000056
vn -1.000000 0.000000 0.000048
vn -1.000000 0.000000 0.000048
vn -1.000000 0.000000 0.000040
vn -1.000000 0.000000 0.000040
vn 0.000058 0.000000 1.000000
vn 0.000058 0.000000 1.000000
vn 0.000058 0.000000 1.000000
vn 0.000058 0.000000 1.000000
vn 1.000000 0.000000 -0.000079
vn 1.000000 0.000000 -0.000079
vn -1.000000 0.000000 0.000048
vn -1.000000 0.000000 0.000048
vn -1.000000 0.000000 0.000048
vn -1.000000 0.000000 0.000048
vn -1.000000 0.000000 0.000040
vn -1.000000 0.000000 0.000040
vn 0.000031 0.000000 1.000000
vn 0.000031 0.000000 1.000000
vn 0.000031 0.000000 1.000000
vn 0.000031 0.000000 1.000000
vn 1.000000 0.000000 -0.000061
vn 1.000000 0.000000 -0.000061
vn 1.000000 0.000000 -0.000056
vn 1.000000 0.000000 -0.000056
vn 1.000000 0.000000 -0.000046
vn 1.000000 0.000000 -0.000046
vn 1.000000 0.000000 -0.000040
vn 1.000000 0.000000 -0.000040
vn -0.000062 0.000000 -1.000000
vn -0.000062 0.000000 -1.000000
vn -0.000062 0.000000 -1.000000
vn -0.000062 0.000000 -1.000000
vn -1.000000 0.000000 0.000041
vn -1.000000 0.000000 0.000041
s 1
g Altar Benchs Bench56
usemtl lambert16SG
f 1234/3166/2750 1321/3167/2751 1320/3168/2752 1235/3169/2753
s 2
f 1362/2958/2754 1365/2959/2755 1364/2960/2756 1363/2961/2757
s 3
f 1316/3190/2758 1241/3191/2759 1240/3192/2760 1317/3193/2761
s 4
f 1241/2966/2762 1234/2967/2763 1235/2968/2764 1240/2969/2765
s 5
f 1227/2790/2766 1319/2791/2767 1318/2792/2768 1233/2793/2769
s 6
f 1232/2802/2770 1315/2803/2771 1314/2804/2772 1226/2805/2773
s 1
f 1227/3174/2774 1235/3169/2753 1320/3168/2752 1319/3175/2775
f 1321/3167/2751 1234/3166/2750 1226/3170/2776 1314/3171/2777
s 2
f 1366/2964/2778 1363/2961/2757 1364/2960/2756 1367/2965/2779
f 1369/2962/2780 1365/2959/2755 1362/2958/2754 1368/2963/2781
s 3
f 1318/3196/2782 1317/3193/2761 1240/3192/2760 1233/3197/2783
f 1232/3194/2784 1241/3191/2759 1316/3190/2758 1315/3195/2785
s off
f 1266/2982/2786 1269/2983/2787 1268/2984/2788 1267/2985/2789
f 1271/2986/2790 1273/2987/2791 1272/2988/2792 1270/2989/2793
s 4
f 1233/2981/2794 1242/2980/2795 1243/2979/2796 1227/2978/2797
f 1227/2978/2797 1243/2979/2796 1244/2972/2798 1235/2968/2764
f 1235/2968/2764 1244/2972/2798 1245/2973/2799 1240/2969/2765
f 1240/2969/2765 1245/2973/2799 1242/2980/2795 1233/2981/2794
f 1226/2977/2800 1247/2976/2801 1246/2975/2802 1232/2974/2803
f 1232/2974/2803 1246/2975/2802 1248/2970/2804 1241/2966/2762
f 1241/2966/2762 1248/2970/2804 1249/2971/2805 1234/2967/2763
f 1234/2967/2763 1249/2971/2805 1247/2976/2801 1226/2977/2800
s off
f 1386/2814/2806 1389/2815/2807 1388/2816/2808 1387/2817/2809
f 1290/3214/2810 1293/3215/2811 1292/3216/2812 1291/3217/2813
f 1391/2818/2814 1393/2819/2815 1392/2820/2816 1390/2821/2817
f 1295/3218/2818 1297/3219/2819 1296/3220/2820 1294/3221/2821
f 1395/2822/2822 1397/2823/2823 1396/2824/2824 1394/2825/2825
f 1298/3222/2826 1301/3223/2827 1300/3224/2828 1299/3225/2829
f 1398/2826/2830 1401/2827/2831 1400/2828/2832 1399/2829/2833
f 1303/3226/2834 1305/3227/2835 1304/3228/2836 1302/3229/2837
s 9
f 1250/2990/2838 1258/2991/2839 1259/2992/2840 1251/2993/2841
f 1251/2993/2841 1259/2992/2840 1260/2996/2842 1252/2997/2843
f 1252/2997/2843 1260/2996/2842 1261/2995/2844 1253/2994/2845
f 1253/2994/2845 1261/2995/2844 1258/2991/2839 1250/2990/2838
s 10
f 1255/2998/2846 1263/2999/2847 1262/3000/2848 1254/3001/2849
f 1254/3001/2849 1262/3000/2848 1264/3004/2850 1256/3005/2851
f 1256/3005/2851 1264/3004/2850 1265/3003/2852 1257/3002/2853
f 1257/3002/2853 1265/3003/2852 1263/2999/2847 1255/2998/2846
s off
f 1258/2830/2854 1266/2831/2855 1267/2832/2856 1259/2833/2857
f 1259/3230/2858 1267/3231/2859 1268/3232/2860 1260/3233/2861
f 1260/2834/2862 1268/2835/2863 1269/2836/2864 1261/2837/2865
f 1261/3234/2866 1269/3235/2867 1266/3236/2868 1258/3237/2869
f 1263/2838/2870 1271/2839/2871 1270/2840/2872 1262/2841/2873
f 1262/3238/2874 1270/3239/2875 1272/3240/2876 1264/3241/2877
f 1264/2842/2878 1272/2843/2879 1273/2844/2880 1265/2845/2881
f 1265/3242/2882 1273/3243/2883 1271/3244/2884 1263/3245/2885
s 11
f 1243/3246/2886 1274/3247/2887 1275/3248/2888 1244/3249/2889
f 1244/3249/2889 1275/3248/2888 1276/3252/2890 1252/3253/2891
f 1252/3253/2891 1276/3252/2890 1277/3251/2892 1251/3250/2893
f 1251/3250/2893 1277/3251/2892 1274/3247/2887 1243/3246/2886
s 12
f 1245/3254/2894 1279/3255/2895 1278/3256/2896 1242/3257/2897
f 1242/3257/2897 1278/3256/2896 1280/3260/2898 1250/3261/2899
f 1250/3261/2899 1280/3260/2898 1281/3259/2900 1253/3258/2901
f 1253/3258/2901 1281/3259/2900 1279/3255/2895 1245/3254/2894
s 13
f 1246/3262/2902 1282/3263/2903 1283/3264/2904 1248/3265/2905
f 1248/3265/2905 1283/3264/2904 1284/3268/2906 1256/3269/2907
f 1256/3269/2907 1284/3268/2906 1285/3267/2908 1254/3266/2909
f 1254/3266/2909 1285/3267/2908 1282/3263/2903 1246/3262/2902
s 14
f 1249/3270/2910 1287/3271/2911 1286/3272/2912 1247/3273/2913
f 1247/3273/2913 1286/3272/2912 1288/3276/2914 1255/3277/2915
f 1255/3277/2915 1288/3276/2914 1289/3275/2916 1257/3274/2917
f 1257/3274/2917 1289/3275/2916 1287/3271/2911 1249/3270/2910
s off
f 1274/3006/2918 1290/3007/2919 1291/3008/2920 1275/3009/2921
f 1275/2846/2922 1291/2847/2923 1292/2848/2924 1276/2849/2925
f 1276/3010/2926 1292/3011/2927 1293/3012/2928 1277/3013/2929
f 1277/2850/2930 1293/2851/2931 1290/2852/2932 1274/2853/2933
f 1279/3014/2934 1295/3015/2935 1294/3016/2936 1278/3017/2937
f 1278/2854/2938 1294/2855/2939 1296/2856/2940 1280/2857/2941
f 1280/3018/2942 1296/3019/2943 1297/3020/2944 1281/3021/2945
f 1281/2858/2946 1297/2859/2947 1295/2860/2948 1279/2861/2949
f 1282/3022/2950 1298/3023/2951 1299/3024/2952 1283/3025/2953
f 1283/2862/2954 1299/2863/2955 1300/2864/2956 1284/2865/2957
f 1284/3026/2958 1300/3027/2959 1301/3028/2960 1285/3029/2961
f 1285/2866/2962 1301/2867/2963 1298/2868/2964 1282/2869/2965
f 1287/3030/2966 1303/3031/2967 1302/3032/2968 1286/3033/2969
f 1286/2870/2970 1302/2871/2971 1304/2872/2972 1288/2873/2973
f 1288/3034/2974 1304/3035/2975 1305/3036/2976 1289/3037/2977
f 1289/2874/2978 1305/2875/2979 1303/2876/2980 1287/2877/2981
s 6
f 1307/2808/2982 1230/2812/2983 1228/2813/2984 1306/2811/2985
s 3
f 1308/3207/2986 1239/3210/2987 1230/3211/2988 1307/3203/2989
f 1239/3210/2987 1308/3207/2986 1309/3208/2990 1238/3213/2991
f 1231/3212/2992 1238/3213/2991 1309/3208/2990 1310/3204/2993
s 5
f 1311/2796/2994 1229/2800/2995 1231/2801/2996 1310/2799/2997
s 1
f 1312/3185/2998 1236/3188/2999 1229/3189/3000 1311/3181/3001
f 1313/3182/3002 1237/3187/3003 1236/3188/2999 1312/3185/2998
f 1228/3186/3004 1237/3187/3003 1313/3182/3002 1306/3178/3005
s off
f 1411/2878/3006 1413/2879/3007 1412/2880/3008 1410/2881/3009
s 19
f 1339/3278/3010 1341/3279/3011 1340/3280/3012 1338/3281/3013
f 1341/3279/3011 1339/3278/3010 1343/3282/3014 1342/3283/3015
f 1344/3284/3016 1342/3283/3015 1343/3282/3014 1345/3285/3017
s off
f 1415/2882/3018 1417/2883/3019 1416/2884/3020 1414/2885/3021
s 20
f 1347/3286/3022 1349/3287/3023 1348/3288/3024 1346/3289/3025
f 1350/3290/3026 1351/3291/3027 1349/3287/3023 1347/3286/3022
f 1351/3291/3027 1350/3290/3026 1353/3292/3028 1352/3293/3029
s 3
f 1316/3190/2758 1323/3199/3030 1322/3200/3031 1315/3195/2785
f 1315/3195/2785 1322/3200/3031 1324/3202/3032 1307/3203/2989
f 1307/3203/2989 1324/3202/3032 1325/3206/3033 1308/3207/2986
f 1308/3207/2986 1325/3206/3033 1326/3209/3034 1309/3208/2990
f 1317/3193/2761 1327/3198/3035 1323/3199/3030 1316/3190/2758
f 1310/3204/2993 1328/3205/3036 1329/3201/3037 1318/3196/2782
f 1318/3196/2782 1329/3201/3037 1327/3198/3035 1317/3193/2761
f 1309/3208/2990 1326/3209/3034 1328/3205/3036 1310/3204/2993
s 1
f 1320/3168/2752 1331/3173/3038 1330/3177/3039 1319/3175/2775
f 1319/3175/2775 1330/3177/3039 1332/3180/3040 1311/3181/3001
f 1311/3181/3001 1332/3180/3040 1333/3184/3041 1312/3185/2998
f 1321/3167/2751 1334/3172/3042 1331/3173/3038 1320/3168/2752
f 1312/3185/2998 1333/3184/3041 1335/3183/3043 1313/3182/3002
f 1313/3182/3002 1335/3183/3043 1336/3179/3044 1306/3178/3005
f 1306/3178/3005 1336/3179/3044 1337/3176/3045 1314/3171/2777
f 1314/3171/2777 1337/3176/3045 1334/3172/3042 1321/3167/2751
s 21
f 1323/3038/3046 1339/3039/3047 1338/3040/3048 1322/3041/3049
s off
f 1322/2886/3050 1338/2887/3051 1340/2888/3052 1324/2889/3053
s 22
f 1324/3046/3054 1340/3047/3055 1341/3048/3056 1325/3049/3057
f 1325/3049/3057 1341/3048/3056 1342/3050/3058 1326/3051/3059
s 21
f 1327/3042/3060 1343/3043/3061 1339/3039/3047 1323/3038/3046
s off
f 1328/2890/3062 1344/2891/3063 1345/2892/3064 1329/2893/3065
s 21
f 1329/3044/3066 1345/3045/3067 1343/3043/3061 1327/3042/3060
s 22
f 1326/3051/3059 1342/3050/3058 1344/3052/3068 1328/3053/3069
s 23
f 1331/3054/3070 1347/3055/3071 1346/3056/3072 1330/3057/3073
s off
f 1330/2894/3074 1346/2895/3075 1348/2896/3076 1332/2897/3077
s 24
f 1332/3062/3078 1348/3063/3079 1349/3064/3080 1333/3065/3081
s 23
f 1334/3058/3082 1350/3059/3083 1347/3055/3071 1331/3054/3070
s 24
f 1333/3065/3081 1349/3064/3080 1351/3066/3084 1335/3067/3085
f 1335/3067/3085 1351/3066/3084 1352/3068/3086 1336/3069/3087
s off
f 1336/2898/3088 1352/2899/3089 1353/2900/3090 1337/2901/3091
s 23
f 1337/3060/3092 1353/3061/3093 1350/3059/3083 1334/3058/3082
s 25
f 1237/3070/3094 1423/3071/3095 1422/3072/3096 1236/3073/3097
f 1238/3085/3098 1419/3084/3099 1418/3083/3100 1239/3082/3101
f 1229/3077/3102 1421/3076/3103 1420/3080/3104 1231/3081/3105
f 1231/3081/3105 1420/3080/3104 1419/3084/3099 1238/3085/3098
f 1236/3073/3097 1422/3072/3096 1421/3076/3103 1229/3077/3102
f 1230/3078/3106 1425/3079/3107 1424/3075/3108 1228/3074/3109
f 1228/3074/3109 1424/3075/3108 1423/3071/3095 1237/3070/3094
f 1239/3082/3101 1418/3083/3100 1425/3079/3107 1230/3078/3106
s 27
f 1354/3294/3110 1362/3295/3111 1363/3296/3112 1355/3297/3113
s 28
f 1356/3302/3114 1364/3303/3115 1365/3304/3116 1357/3305/3117
s off
f 1358/2902/3118 1366/2903/3119 1367/2904/3120 1359/2905/3121
s 28
f 1359/3306/3122 1367/3307/3123 1364/3303/3115 1356/3302/3114
s 27
f 1355/3297/3113 1363/3296/3112 1366/3300/3124 1358/3301/3125
s off
f 1361/2906/3126 1369/2907/3127 1368/2908/3128 1360/2909/3129
s 27
f 1360/3298/3130 1368/3299/3131 1362/3295/3111 1354/3294/3110
s 28
f 1357/3305/3117 1365/3304/3116 1369/3308/3132 1361/3309/3133
s 29
f 1242/2910/3134 1370/2911/3135 1371/2912/3136 1243/2913/3137
f 1243/2913/3137 1371/2912/3136 1372/2916/3138 1251/2917/3139
f 1251/2917/3139 1372/2916/3138 1373/2915/3140 1250/2914/3141
f 1250/2914/3141 1373/2915/3140 1370/2911/3135 1242/2910/3134
s 30
f 1244/2918/3142 1375/2919/3143 1374/2920/3144 1245/2921/3145
f 1245/2921/3145 1374/2920/3144 1376/2924/3146 1253/2925/3147
f 1253/2925/3147 1376/2924/3146 1377/2923/3148 1252/2922/3149
f 1252/2922/3149 1377/2923/3148 1375/2919/3143 1244/2918/3142
s 31
f 1247/2926/3150 1379/2927/3151 1378/2928/3152 1246/2929/3153
f 1246/2929/3153 1378/2928/3152 1380/2932/3154 1254/2933/3155
f 1254/2933/3155 1380/2932/3154 1381/2931/3156 1255/2930/3157
f 1255/2930/3157 1381/2931/3156 1379/2927/3151 1247/2926/3150
s 32
f 1248/2934/3158 1382/2935/3159 1383/2936/3160 1249/2937/3161
f 1249/2937/3161 1383/2936/3160 1384/2940/3162 1257/2941/3163
f 1257/2941/3163 1384/2940/3162 1385/2939/3164 1256/2938/3165
f 1256/2938/3165 1385/2939/3164 1382/2935/3159 1248/2934/3158
s off
f 1370/3086/3166 1386/3087/3167 1387/3088/3168 1371/3089/3169
f 1371/3310/3170 1387/3311/3171 1388/3312/3172 1372/3313/3173
f 1372/3090/3174 1388/3091/3175 1389/3092/3176 1373/3093/3177
f 1373/3314/3178 1389/3315/3179 1386/3316/3180 1370/3317/3181
f 1375/3094/3182 1391/3095/3183 1390/3096/3184 1374/3097/3185
f 1374/3318/3186 1390/3319/3187 1392/3320/3188 1376/3321/3189
f 1376/3098/3190 1392/3099/3191 1393/3100/3192 1377/3101/3193
f 1377/3322/3194 1393/3323/3195 1391/3324/3196 1375/3325/3197
f 1379/3102/3198 1395/3103/3199 1394/3104/3200 1378/3105/3201
f 1378/3326/3202 1394/3327/3203 1396/3328/3204 1380/3329/3205
f 1380/3106/3206 1396/3107/3207 1397/3108/3208 1381/3109/3209
f 1381/3330/3210 1397/3331/3211 1395/3332/3212 1379/3333/3213
f 1382/3110/3214 1398/3111/3215 1399/3112/3216 1383/3113/3217
f 1383/3334/3218 1399/3335/3219 1400/3336/3220 1384/3337/3221
f 1384/3114/3222 1400/3115/3223 1401/3116/3224 1385/3117/3225
f 1385/3338/3226 1401/3339/3227 1398/3340/3228 1382/3341/3229
s 6
f 1315/2803/2771 1403/2806/3230 1402/2807/3231 1314/2804/2772
f 1314/2804/2772 1402/2807/3231 1404/2810/3232 1306/2811/2985
f 1306/2811/2985 1404/2810/3232 1405/2809/3233 1307/2808/2982
f 1307/2808/2982 1405/2809/3233 1403/2806/3230 1315/2803/2771
s 5
f 1319/2791/2767 1407/2794/3234 1406/2795/3235 1318/2792/2768
f 1318/2792/2768 1406/2795/3235 1408/2798/3236 1310/2799/2997
f 1310/2799/2997 1408/2798/3236 1409/2797/3237 1311/2796/2994
f 1311/2796/2994 1409/2797/3237 1407/2794/3234 1319/2791/2767
s off
f 1403/3118/3238 1411/3119/3239 1410/3120/3240 1402/3121/3241
f 1402/3342/3242 1410/3343/3243 1412/3344/3244 1404/3345/3245
f 1404/3122/3246 1412/3123/3247 1413/3124/3248 1405/3125/3249
f 1405/3346/3250 1413/3347/3251 1411/3348/3252 1403/3349/3253
f 1407/3126/3254 1415/3127/3255 1414/3128/3256 1406/3129/3257
f 1406/3350/3258 1414/3351/3259 1416/3352/3260 1408/3353/3261
f 1408/3130/3262 1416/3131/3263 1417/3132/3264 1409/3133/3265
f 1409/3354/3266 1417/3355/3267 1415/3356/3268 1407/3357/3269
s 33
f 1435/3134/3270 1443/3135/3271 1442/3136/3272 1434/3137/3273
f 1436/3138/3274 1444/3139/3275 1443/3135/3271 1435/3134/3270
f 1437/3142/3276 1445/3143/3277 1444/3139/3275 1436/3138/3274
f 1438/3146/3278 1446/3147/3279 1445/3143/3277 1437/3142/3276
f 1439/3149/3280 1447/3148/3281 1446/3147/3279 1438/3146/3278
f 1440/3145/3282 1448/3144/3283 1447/3148/3281 1439/3149/3280
f 1441/3141/3284 1449/3140/3285 1448/3144/3283 1440/3145/3282
f 1434/3137/3273 1442/3136/3272 1449/3140/3285 1441/3141/3284
s 34
f 1427/3150/3286 1356/3151/3287 1357/3152/3288 1426/3153/3289
f 1428/3154/3290 1359/3155/3291 1356/3151/3287 1427/3150/3286
f 1429/3158/3292 1358/3159/3293 1359/3155/3291 1428/3154/3290
f 1430/3162/3294 1355/3163/3295 1358/3159/3293 1429/3158/3292
f 1431/3165/3296 1354/3164/3297 1355/3163/3295 1430/3162/3294
f 1432/3161/3298 1360/3160/3299 1354/3164/3297 1431/3165/3296
f 1433/3157/3300 1361/3156/3301 1360/3160/3299 1432/3161/3298
f 1426/3153/3289 1357/3152/3288 1361/3156/3301 1433/3157/3300
s 35
f 1419/3358/3302 1435/3359/3303 1434/3360/3304 1418/3361/3305
f 1420/3362/3306 1436/3363/3307 1435/3359/3303 1419/3358/3302
s off
f 1421/2942/3308 1437/2943/3309 1436/2944/3310 1420/2945/3311
s 36
f 1422/3366/3312 1438/3367/3313 1437/3368/3314 1421/3369/3315
f 1423/3370/3316 1439/3371/3317 1438/3367/3313 1422/3366/3312
f 1424/3372/3318 1440/3373/3319 1439/3371/3317 1423/3370/3316
s off
f 1425/2946/3320 1441/2947/3321 1440/2948/3322 1424/2949/3323
s 35
f 1418/3361/3305 1434/3360/3304 1441/3364/3324 1425/3365/3325
s 37
f 1426/3374/3326 1442/3375/3327 1443/3376/3328 1427/3377/3329
f 1427/3377/3329 1443/3376/3328 1444/3380/3330 1428/3381/3331
s off
f 1428/2950/3332 1444/2951/3333 1445/2952/3334 1429/2953/3335
s 38
f 1429/3382/3336 1445/3383/3337 1446/3384/3338 1430/3385/3339
f 1430/3385/3339 1446/3384/3338 1447/3386/3340 1431/3387/3341
f 1431/3387/3341 1447/3386/3340 1448/3388/3342 1432/3389/3343
s off
f 1432/2954/3344 1448/2955/3345 1449/2956/3346 1433/2957/3347
s 37
f 1433/3378/3348 1449/3379/3349 1442/3375/3327 1426/3374/3326
g default
v 0.725016 0.386658 2.528295
v -0.784040 0.386658 2.528360
v 0.725016 0.468417 2.528295
v -0.784040 0.468417 2.528360
v 0.724987 0.468417 2.169545
v -0.784058 0.468417 2.169622
v 0.724987 0.386658 2.169545
v -0.784058 0.386658 2.169622
v 0.232479 0.386658 2.528323
v -0.291533 0.386658 2.528341
v -0.291533 0.468417 2.528341
v 0.232479 0.468417 2.528323
v -0.291542 0.468417 2.169593
v 0.232460 0.468417 2.169574
v -0.291542 0.386658 2.169593
v 0.232460 0.386658 2.169574
v -0.656815 0.386658 2.262294
v -0.656807 0.386658 2.435697
v -0.418766 0.386658 2.435687
v -0.418776 0.386658 2.262284
v 0.597773 0.386658 2.262229
v 0.597782 0.386658 2.435630
v 0.359703 0.386658 2.262239
v 0.359713 0.386658 2.435640
v -0.656815 0.233168 2.262294
v -0.656807 0.233168 2.435697
v -0.418766 0.233168 2.435687
v -0.418776 0.233168 2.262284
v 0.597773 0.233168 2.262229
v 0.597782 0.233168 2.435630
v 0.359703 0.233168 2.262239
v 0.359713 0.233168 2.435640
v -0.670702 0.233168 2.252177
v -0.670692 0.233168 2.445813
v -0.404881 0.233168 2.445794
v -0.404888 0.233168 2.252168
v 0.611658 0.233168 2.252113
v 0.611668 0.233168 2.445747
v 0.345818 0.233168 2.252132
v 0.345827 0.233168 2.445756
v -0.670702 0.213510 2.252177
v -0.670692 0.213510 2.445813
v -0.404881 0.213510 2.445794
v -0.404888 0.213510 2.252168
v 0.611658 0.213510 2.252113
v 0.611668 0.213510 2.445747
v 0.345818 0.213510 2.252132
v 0.345827 0.213510 2.445756
v -0.621008 0.359009 2.435697
v -0.454563 0.359009 2.435687
v -0.454563 0.260816 2.435687
v -0.621008 0.260816 2.435697
v -0.621027 0.359009 2.262294
v -0.454573 0.359009 2.262284
v -0.621027 0.260816 2.262294
v -0.454573 0.260816 2.262284
v 0.561975 0.359009 2.262229
v 0.395502 0.359009 2.262239
v 0.395502 0.260816 2.262239
v 0.561975 0.260816 2.262229
v 0.561983 0.359009 2.435640
v 0.395512 0.359009 2.435640
v 0.561983 0.260816 2.435640
v 0.395512 0.260816 2.435640
v -0.621008 0.359009 2.421697
v -0.454573 0.359009 2.421687
v -0.454573 0.260816 2.421687
v -0.621008 0.260816 2.421697
v -0.621027 0.359009 2.276284
v -0.454573 0.359009 2.276275
v -0.621027 0.260816 2.276284
v -0.454573 0.260816 2.276275
v 0.561975 0.359009 2.276227
v 0.395502 0.359009 2.276237
v 0.395502 0.260816 2.276237
v 0.561975 0.260816 2.276227
v 0.561983 0.359009 2.421642
v 0.395502 0.359009 2.421651
v 0.561983 0.260816 2.421642
v 0.395502 0.260816 2.421651
v 0.725016 0.444561 2.528295
v 0.724987 0.444561 2.169545
v 0.232460 0.444561 2.169574
v -0.291542 0.444561 2.169593
v -0.784058 0.444561 2.169622
v -0.784040 0.444561 2.528360
v -0.291533 0.444561 2.528341
v 0.232479 0.444561 2.528323
v 0.725016 0.415599 2.528295
v 0.724987 0.415599 2.169545
v 0.232460 0.415599 2.169574
v -0.291542 0.415599 2.169593
v -0.784058 0.415599 2.169622
v -0.784040 0.415599 2.528360
v -0.291533 0.415599 2.528341
v 0.232479 0.415599 2.528323
v 0.641605 0.421870 2.169555
v 0.229816 0.421870 2.169574
v 0.641605 0.438290 2.169555
v 0.229816 0.438290 2.169574
v -0.288870 0.438290 2.169603
v -0.288870 0.421870 2.169603
v -0.700676 0.438290 2.169622
v -0.700676 0.421870 2.169622
v -0.700659 0.421870 2.528360
v -0.288851 0.421870 2.528341
v -0.700659 0.438290 2.528360
v -0.288851 0.438290 2.528341
v 0.229836 0.421870 2.528323
v 0.229836 0.438290 2.528323
v 0.641624 0.438290 2.528295
v 0.641624 0.421870 2.528295
v 0.641615 0.421870 2.187173
v 0.229816 0.421870 2.187192
v 0.641615 0.438290 2.187173
v 0.229816 0.438290 2.187192
v -0.288870 0.438290 2.187211
v -0.288870 0.421870 2.187211
v -0.700676 0.438290 2.187238
v -0.700676 0.421870 2.187238
v -0.700659 0.421870 2.510741
v -0.288851 0.421870 2.510724
v -0.700659 0.438290 2.510741
v -0.288851 0.438290 2.510724
v 0.229836 0.421870 2.510705
v 0.229836 0.438290 2.510705
v 0.641624 0.438290 2.510677
v 0.641624 0.421870 2.510677
v 0.231241 0.468417 2.488698
v -0.290285 0.468417 2.488727
v -0.290295 0.468417 2.209207
v 0.231241 0.468417 2.209188
v -0.745205 0.468417 2.488746
v -0.745213 0.468417 2.209245
v 0.686180 0.468417 2.488681
v 0.686161 0.468417 2.209169
v 0.231241 0.471526 2.488698
v -0.290285 0.471526 2.488727
v -0.290295 0.471526 2.209207
v 0.231241 0.471526 2.209188
v -0.745205 0.471526 2.488746
v -0.745213 0.471526 2.209245
v 0.686180 0.471526 2.488681
v 0.686161 0.471526 2.209169
v -0.656807 0.355783 2.286868
v -0.656807 0.355783 2.411121
v -0.656807 0.264043 2.411121
v -0.656807 0.264043 2.286868
v -0.418776 0.355783 2.286861
v -0.418776 0.355783 2.411103
v -0.418776 0.264043 2.286861
v -0.418776 0.264043 2.411103
v 0.597773 0.355783 2.286803
v 0.597782 0.355783 2.411056
v 0.597773 0.264043 2.286803
v 0.597782 0.264043 2.411056
v 0.359703 0.355783 2.286823
v 0.359703 0.355783 2.411065
v 0.359703 0.264043 2.411065
v 0.359703 0.264043 2.286823
v -0.645002 0.355783 2.286868
v -0.644993 0.355783 2.411121
v -0.644993 0.264043 2.411121
v -0.645002 0.264043 2.286868
v -0.430599 0.355783 2.286861
v -0.430590 0.355783 2.411111
v -0.430599 0.264043 2.286861
v -0.430590 0.264043 2.411111
v 0.585958 0.355783 2.286803
v 0.585958 0.355783 2.411056
v 0.585958 0.264043 2.286803
v 0.585958 0.264043 2.411056
v 0.371517 0.355783 2.286813
v 0.371527 0.355783 2.411065
v 0.371527 0.264043 2.411065
v 0.371517 0.264043 2.286813
v 0.725006 0.424643 2.511840
v 0.724987 0.424643 2.186002
v 0.725006 0.435518 2.511840
v 0.724987 0.435518 2.186002
v -0.784058 0.424643 2.186067
v -0.784040 0.424643 2.511914
v -0.784058 0.435518 2.186067
v -0.784040 0.435518 2.511914
v 0.720591 0.424643 2.511840
v 0.720572 0.424643 2.186002
v 0.720591 0.435518 2.511840
v 0.720572 0.435518 2.186002
v -0.779633 0.424643 2.186076
v -0.779613 0.424643 2.511914
v -0.779633 0.435518 2.186076
v -0.779613 0.435518 2.511914
v 0.232029 0.468417 2.183536
v -0.291101 0.468417 2.183555
v -0.770369 0.468417 2.183572
v -0.770361 0.468417 2.514417
v -0.291092 0.468417 2.514390
v 0.232048 0.468417 2.514362
v 0.711327 0.468417 2.514343
v 0.711308 0.468417 2.183498
v 0.231691 0.468417 2.194280
v -0.290764 0.468417 2.194308
v -0.759830 0.468417 2.194328
v -0.759821 0.468417 2.503663
v -0.290754 0.468417 2.503635
v 0.231720 0.468417 2.503608
v 0.700788 0.468417 2.503589
v 0.700769 0.468417 2.194261
v 0.232029 0.466749 2.183536
v -0.291101 0.466749 2.183555
v -0.770369 0.466749 2.183572
v -0.770361 0.466749 2.514417
v -0.291092 0.466749 2.514390
v 0.232048 0.466749 2.514362
v 0.711327 0.466749 2.514343
v 0.711308 0.466749 2.183498
v 0.231691 0.466749 2.194280
v -0.290764 0.466749 2.194308
v -0.759830 0.466749 2.194328
v -0.759821 0.466749 2.503663
v -0.290754 0.466749 2.503635
v 0.231720 0.466749 2.503608
v 0.700788 0.466749 2.503589
v 0.700769 0.466749 2.194261
vt 4.870393 1.717118
vt 5.006457 1.717118
vt 5.006457 3.403685
vt 4.870393 3.403685
vt 5.048974 1.794433
vt 5.048974 3.326369
vt 5.142617 1.717118
vt 5.100104 1.794433
vt 5.100104 3.326369
vt 5.142617 3.403685
vt 5.254777 1.717118
vt 5.254777 3.403685
vt 5.318880 1.717073
vt 5.454942 1.717073
vt 5.454942 3.403693
vt 5.318880 3.403693
vt 5.497458 1.794439
vt 5.497458 3.326334
vt 5.591104 1.717073
vt 5.548590 1.794439
vt 5.548590 3.326334
vt 5.591104 3.403693
vt 5.703259 1.717073
vt 5.703259 3.403693
vt 2.164773 4.149141
vt 1.733465 4.149141
vt 1.733465 3.564982
vt 2.164773 3.564982
vt 2.673847 4.149130
vt 2.242537 4.149130
vt 2.242537 3.564982
vt 2.673847 3.564982
vt 3.182917 4.149141
vt 2.751610 4.149141
vt 2.751610 3.564983
vt 3.182917 3.564983
vt 3.691993 4.149141
vt 3.260684 4.149141
vt 3.260684 3.564983
vt 3.691993 3.564983
vt -3.876254 3.411577
vt -3.968675 3.411577
vt -3.968675 2.501219
vt -3.876254 2.501219
vt -4.189297 3.411533
vt -4.281714 3.411533
vt -4.281714 2.501219
vt -4.189297 2.501219
vt -4.032778 3.411566
vt -4.125196 3.411566
vt -4.125196 2.501219
vt -4.032778 2.501219
vt -4.345817 3.411524
vt -4.438238 3.411524
vt -4.438238 2.501219
vt -4.345817 2.501219
vt 4.812997 4.194707
vt 4.747178 4.194707
vt 4.747178 3.733064
vt 4.812997 3.733064
vt 4.889719 3.445388
vt 4.955538 3.445388
vt 4.955538 3.907031
vt 4.889719 3.907031
vt 5.098032 3.907031
vt 5.032259 3.907031
vt 5.032259 3.445388
vt 5.098032 3.445388
vt 5.174799 3.445388
vt 5.240574 3.445388
vt 5.240574 3.907031
vt 5.174799 3.907031
vt 5.383153 3.907039
vt 5.317341 3.907039
vt 5.317341 3.445396
vt 5.383153 3.445396
vt 5.459881 3.445396
vt 5.525691 3.445396
vt 5.525691 3.907039
vt 5.459881 3.907039
vt 5.668231 3.907039
vt 5.602421 3.907039
vt 5.602421 3.445396
vt 5.668231 3.445396
vt 5.637493 3.948741
vt 5.703259 3.948741
vt 5.703259 4.410385
vt 5.637493 4.410385
vt 4.441283 2.136011
vt 4.492410 2.136011
vt 4.492410 3.667905
vt 4.441283 3.667905
vt 4.326051 2.136011
vt 4.377180 2.136011
vt 4.377180 3.667902
vt 4.326051 3.667902
vt 4.538943 4.418342
vt 4.538943 4.335513
vt 4.616141 4.335513
vt 4.616141 4.418342
vt 4.474842 4.335513
vt 4.474842 4.418332
vt 4.397642 4.418332
vt 4.397642 4.335513
vt 4.256343 4.418300
vt 4.256343 4.335471
vt 4.333541 4.335471
vt 4.333541 4.418300
vt 4.192239 4.335457
vt 4.192239 4.418288
vt 4.115042 4.418288
vt 4.115042 4.335457
vt 3.854823 2.136011
vt 3.869438 2.136011
vt 3.869438 3.450054
vt 3.854823 3.450054
vt 3.933541 2.136011
vt 3.948159 2.136011
vt 3.948159 3.450105
vt 3.933541 3.450105
vt -3.981642 4.268514
vt -4.126796 4.152980
vt -4.126796 3.568823
vt -3.981642 3.453280
vt -4.703259 4.268514
vt -4.558104 4.152980
vt -4.558104 3.568823
vt -4.703259 3.453280
vt -3.185451 4.477283
vt -3.330606 4.361703
vt -3.330606 3.777591
vt -3.185451 3.662046
vt -3.907069 4.477283
vt -3.761913 4.361703
vt -3.761913 3.777591
vt -3.907069 3.662046
vt -2.391295 4.477272
vt -2.536451 4.361739
vt -2.536451 3.777580
vt -2.391295 3.662046
vt -3.112913 4.477272
vt -2.967757 4.361739
vt -2.967757 3.777580
vt -3.112913 3.662046
vt -1.597142 4.477407
vt -1.742296 4.361826
vt -1.742296 3.777714
vt -1.597142 3.662179
vt -2.318759 4.477407
vt -2.173605 4.361826
vt -2.173605 3.777714
vt -2.318759 3.662179
vt 4.806292 3.272549
vt 4.798450 3.272549
vt 4.798450 1.717118
vt 4.806292 1.717118
vt 4.734347 3.691362
vt 4.726502 3.691362
vt 4.726502 2.135931
vt 4.734347 2.135931
vt 4.092048 3.590318
vt 4.084205 3.590318
vt 4.084205 2.136011
vt 4.092048 2.136011
vt 4.020103 3.590283
vt 4.012261 3.590283
vt 4.012261 2.136011
vt 4.020103 2.136011
vt 3.220182 -2.496385
vt 4.534268 -2.496385
vt 4.534180 -0.044439
vt 3.220047 -0.044486
vt 4.534358 -4.635141
vt 3.220262 -4.635230
vt 3.219958 2.094272
vt 4.534002 2.094308
vt -4.703124 -2.319531
vt -3.016504 -2.319622
vt -3.016422 0.143962
vt -4.703034 0.144007
vt -4.267472 -2.917750
vt -3.452245 -2.917797
vt -3.452021 0.742138
vt -4.267257 0.742182
vt -4.703259 -4.635094
vt -4.267516 -4.037008
vt -3.452292 -4.037055
vt -3.016637 -4.635229
vt -3.016333 2.459435
vt -3.451977 1.861260
vt -4.267211 1.861296
vt -4.702900 2.459516
vt 0.618319 3.622235
vt 0.618274 2.372540
vt 1.528589 2.372505
vt 1.528678 3.622190
vt 3.790675 2.273415
vt 3.790721 3.523235
vt 2.880417 3.523280
vt 2.880326 2.273460
vt 0.506566 3.685524
vt 0.554129 3.750817
vt -0.356231 3.750770
vt -0.308669 3.685488
vt 0.506612 2.566410
vt 0.554172 2.501120
vt -0.356142 2.501084
vt -0.308625 2.566366
vt 1.953438 2.338695
vt 1.905876 2.273415
vt 2.816223 2.273460
vt 2.768663 2.338742
vt 1.953392 3.457951
vt 1.905830 3.523233
vt 2.816135 3.523280
vt 2.768617 3.458001
vt 0.984810 4.446462
vt 0.918991 4.446462
vt 0.918947 3.663984
vt 0.984766 3.663939
vt 1.061532 3.663938
vt 1.127351 3.663982
vt 1.127306 4.446460
vt 1.061487 4.446460
vt 0.633866 3.663939
vt 0.699640 3.663939
vt 0.699685 4.446506
vt 0.633911 4.446506
vt 0.842179 4.446507
vt 0.776406 4.446507
vt 0.776449 3.663938
vt 0.842225 3.663938
vt -0.180651 3.792519
vt -0.114839 3.792519
vt -0.114794 4.575175
vt -0.180604 4.575175
vt 0.027701 4.575173
vt -0.038110 4.575173
vt -0.038064 3.792519
vt 0.027747 3.792519
vt -0.929358 4.444836
vt -0.995124 4.444880
vt -0.995168 3.662188
vt -0.929358 3.662188
vt -0.852628 3.662188
vt -0.786818 3.662188
vt -0.786863 4.444880
vt -0.852628 4.444834
vt 4.993124 -2.699204
vt 4.910295 -2.699204
vt 4.910384 -4.635230
vt 4.993217 -4.635185
vt 4.992989 -0.260658
vt 4.910206 -0.260658
vt 4.992900 1.675404
vt 4.910081 1.675404
vt 5.072985 -4.635185
vt 5.155815 -4.635229
vt 5.155904 -2.699204
vt 5.073075 -2.699204
vt 5.155993 -0.260656
vt 5.073209 -0.260656
vt 5.156120 1.675406
vt 5.073299 1.675406
vt 5.378518 -0.260703
vt 5.461340 -0.260703
vt 5.461258 1.675367
vt 5.378429 1.675367
vt 5.378600 -2.699249
vt 5.461430 -2.699249
vt 5.378734 -4.635230
vt 5.461565 -4.635230
vt 5.624468 1.675369
vt 5.541638 1.675369
vt 5.541557 -0.260702
vt 5.624379 -0.260702
vt 5.541468 -2.699249
vt 5.624297 -2.699249
vt 5.541333 -4.635230
vt 5.624164 -4.635230
vt -2.949839 -2.319622
vt -2.884200 -2.317595
vt -2.884335 0.141891
vt -2.949921 0.143961
vt -2.949706 -4.635230
vt -2.884111 -4.570872
vt -2.884460 2.395120
vt -2.950010 2.459435
vt -1.263084 -4.635094
vt -1.328679 -4.570782
vt -1.329028 2.395156
vt -1.263443 2.459517
vt -1.263220 -2.319532
vt -1.328857 -2.317505
vt -1.328950 0.141934
vt -1.263308 0.144007
vt 3.769757 3.564983
vt 3.825255 3.564983
vt 3.825300 4.149141
vt 3.769757 4.149141
vt 3.891935 3.491808
vt 3.947477 3.491808
vt 3.947433 4.075965
vt 3.891935 4.075965
vt 4.069700 4.216135
vt 4.014157 4.216171
vt 4.014112 3.632020
vt 4.069700 3.632020
vt 4.191877 4.293755
vt 4.136290 4.293755
vt 4.136335 3.709606
vt 4.191877 3.709642
vt 4.314057 4.293767
vt 4.258468 4.293767
vt 4.258468 3.709608
vt 4.314011 3.709608
vt 4.436188 4.293767
vt 4.380646 4.293767
vt 4.380646 3.709608
vt 4.436234 3.709608
vt 4.502823 3.709696
vt 4.558365 3.709651
vt 4.558412 4.293809
vt 4.502823 4.293809
vt 4.625000 3.709615
vt 4.680589 3.709615
vt 4.680543 4.293776
vt 4.625000 4.293730
vt 4.261860 3.667905
vt 4.241101 3.667905
vt 4.241190 2.136011
vt 4.261949 2.136011
vt 4.176999 3.667903
vt 4.156240 3.667903
vt 4.156151 2.136011
vt 4.176910 2.136011
vt 4.641588 2.135975
vt 4.662401 2.135975
vt 4.662312 3.667866
vt 4.641508 3.667913
vt 4.556513 2.136011
vt 4.577316 2.136055
vt 4.577405 3.667947
vt 4.556593 3.667947
vt 1.293407 0.077580
vt 1.242852 0.075990
vt 1.242984 -2.380276
vt 1.293499 -2.381862
vt 1.293329 2.330802
vt 1.242763 2.281257
vt 1.243077 -4.585596
vt 1.293678 -4.635139
vt -0.262103 2.330766
vt -0.211546 2.281211
vt -0.211196 -4.585685
vt -0.261754 -4.635230
vt -0.261978 0.077534
vt -0.211411 0.075944
vt -0.211287 -2.380411
vt -0.261843 -2.381953
vt 2.984233 0.026446
vt 2.914189 0.024241
vt 2.914278 -2.427705
vt 2.984365 -2.429821
vt 2.984144 2.231712
vt 2.914011 2.162988
vt 2.914367 -4.566461
vt 2.984457 -4.635141
vt 1.529834 2.231666
vt 1.599967 2.162952
vt 1.600271 -4.566549
vt 1.530185 -4.635230
vt 1.529969 0.026399
vt 1.600056 0.024194
vt 1.600191 -2.427705
vt 1.530094 -2.429956
vt -1.198797 -2.319622
vt -1.062734 -2.319622
vt -1.062734 0.143961
vt -1.198797 0.143961
vt -1.198797 -4.635230
vt -1.062734 -4.635230
vt -1.033253 -2.307193
vt -1.033253 0.131353
vt -1.198797 2.459435
vt -1.062734 2.459435
vt -1.033253 -4.243174
vt -1.033253 2.067425
vt -0.926574 -4.635230
vt -0.956055 -4.243174
vt -0.956055 2.067425
vt -0.926574 2.459435
vt -0.926574 -2.319622
vt -0.956055 -2.307193
vt -0.956055 0.131353
vt -0.926574 0.143961
vt -0.814414 -4.635230
vt -0.814414 -2.319622
vt -0.814414 0.143961
vt -0.814414 2.459435
vt -0.482133 -2.319667
vt -0.346064 -2.319667
vt -0.346064 0.143869
vt -0.482133 0.143869
vt -0.346064 -4.635226
vt -0.482133 -4.635226
vt -0.482133 2.459378
vt -0.346064 2.459378
vt -0.511609 0.131307
vt -0.511609 -2.307241
vt -0.511609 -4.243221
vt -0.511609 2.067373
vt -0.588812 -4.243221
vt -0.618288 -4.635226
vt -0.618288 2.459378
vt -0.588812 2.067373
vt -0.588812 -2.307241
vt -0.618288 -2.319667
vt -0.618288 0.143869
vt -0.588812 0.131307
vt -0.730450 -2.319667
vt -0.730450 -4.635226
vt -0.730450 2.459378
vt -0.730450 0.143869
vt 1.665671 4.446417
vt 1.204028 4.446417
vt 1.204028 3.663939
vt 1.665671 3.663939
vt 0.104430 3.792521
vt 0.566069 3.792521
vt 0.566069 4.575086
vt 0.104430 4.575086
vt -0.710087 3.792521
vt -0.248448 3.792521
vt -0.248448 4.575179
vt -0.710087 4.575179
vt -1.062961 4.444880
vt -1.524604 4.444880
vt -1.524604 3.662188
vt -1.062961 3.662188
vt -0.420333 3.750769
vt -0.512754 3.750769
vt -0.512754 2.501084
vt -0.420333 2.501084
vt -0.669281 2.501087
vt -0.576856 2.501087
vt -0.576856 3.750782
vt -0.669281 3.750782
vt 1.749303 2.273419
vt 1.841727 2.273419
vt 1.841727 3.523235
vt 1.749303 3.523235
vt 1.685201 3.523235
vt 1.592780 3.523235
vt 1.592780 2.273415
vt 1.685201 2.273415
vt -2.304819 3.620341
vt -2.434806 3.452037
vt -2.434806 2.669515
vt -2.304819 2.501219
vt -3.026435 3.620341
vt -2.896449 3.452037
vt -2.896449 2.669515
vt -3.026435 2.501219
vt -3.812152 2.501222
vt -3.682164 2.669520
vt -3.682164 3.452085
vt -3.812152 3.620340
vt -3.090537 2.501222
vt -3.220525 2.669520
vt -3.220525 3.452085
vt -3.090537 3.620340
vt -1.454998 2.501222
vt -1.325010 2.669520
vt -1.325010 3.452178
vt -1.454998 3.620482
vt -0.733383 2.501222
vt -0.863370 2.669520
vt -0.863370 3.452178
vt -0.733383 3.620482
vt -1.519099 3.620476
vt -1.649087 3.452172
vt -1.649087 2.669526
vt -1.519099 2.501219
vt -2.240716 3.620476
vt -2.110730 3.452172
vt -2.110730 2.669526
vt -2.240716 2.501219
vt 4.844744 -2.699203
vt 4.767541 -2.699203
vt 4.767541 -4.635226
vt 4.844744 -4.635226
vt 4.844744 -0.260655
vt 4.767541 -0.260655
vt 4.767541 1.675411
vt 4.844744 1.675411
vt 5.235888 -0.260703
vt 5.313086 -0.260703
vt 5.313086 1.675369
vt 5.235888 1.675369
vt 5.235888 -2.699249
vt 5.313086 -2.699249
vt 5.235888 -4.635230
vt 5.313086 -4.635230
vt 4.604637 -2.496385
vt 4.619252 -2.496385
vt 4.619252 -0.044486
vt 4.604637 -0.044486
vt 4.604637 -4.635230
vt 4.619252 -4.635230
vt 4.619252 2.094272
vt 4.604637 2.094272
vt 4.700699 -0.044523
vt 4.686089 -0.044523
vt 4.686089 -2.496464
vt 4.700699 -2.496464
vt 4.700699 2.094224
vt 4.686089 2.094224
vt 4.686089 -4.635226
vt 4.700699 -4.635226
vt 5.517848 3.948748
vt 5.573392 3.948748
vt 5.573392 4.380058
vt 5.517848 4.380058
vt 5.398248 3.948741
vt 5.453747 3.948741
vt 5.453747 4.380050
vt 5.398248 4.380050
vt 5.334146 4.380050
vt 5.278559 4.380050
vt 5.278559 3.948741
vt 5.334146 3.948741
vt 5.214457 4.380051
vt 5.158915 4.380051
vt 5.158915 3.948741
vt 5.214457 3.948741
vt 5.094813 4.380043
vt 5.039270 4.380043
vt 5.039270 3.948734
vt 5.094813 3.948734
vt 4.975168 4.380051
vt 4.919579 4.380051
vt 4.919579 3.948741
vt 4.975168 3.948741
vt 4.799888 4.236414
vt 4.855477 4.236414
vt 4.855477 4.667724
vt 4.799888 4.667724
vt 4.680243 4.335479
vt 4.735786 4.335479
vt 4.735786 4.766787
vt 4.680243 4.766787
vt 4.050939 4.309008
vt 4.030181 4.309008
vt 4.030181 4.257881
vt 4.050939 4.257881
vt 3.966078 4.168797
vt 3.945320 4.168797
vt 3.945320 4.117668
vt 3.966078 4.117668
vt 3.860413 4.190845
vt 3.881217 4.190845
vt 3.881217 4.241973
vt 3.860413 4.241973
vt 3.775499 4.190849
vt 3.796311 4.190849
vt 3.796311 4.241976
vt 3.775499 4.241976
vt 1.456227 0.077488
vt 1.448383 0.077488
vt 1.448383 -2.381953
vt 1.456227 -2.381953
vt 1.456227 2.330709
vt 1.448383 2.330709
vt 1.448383 -4.635230
vt 1.456227 -4.635230
vt 1.366932 0.077541
vt 1.374777 0.077541
vt 1.374777 2.330770
vt 1.366932 2.330770
vt 1.366932 -2.381947
vt 1.374777 -2.381947
vt 1.366932 -4.635226
vt 1.374777 -4.635226
vt 3.138506 -2.429909
vt 3.146352 -2.429909
vt 3.146352 0.026357
vt 3.138506 0.026357
vt 3.138506 -4.635226
vt 3.146352 -4.635226
vt 3.146352 2.231624
vt 3.138506 2.231624
vt 3.064898 2.231666
vt 3.057054 2.231666
vt 3.057054 0.026401
vt 3.064898 0.026401
vt 3.057054 -2.429956
vt 3.064898 -2.429956
vt 3.057054 -4.635230
vt 3.064898 -4.635230
vn 0.000045 0.000000 1.000000
vn 0.000046 0.000044 1.000000
vn 0.000036 -0.000029 1.000000
vn 0.000035 0.000000 1.000000
vn 0.000000 1.000000 0.000000
vn 0.000000 1.000000 0.000000
vn 0.000000 1.000000 -0.000000
vn 0.000000 1.000000 -0.000000
vn -0.000047 0.000092 -1.000000
vn -0.000047 0.000000 -1.000000
vn -0.000047 0.000000 -1.000000
vn -0.000047 0.000165 -1.000000
vn 0.000000 -1.000000 0.000000
vn 0.000000 -1.000000 -0.000000
vn 0.000000 -1.000000 -0.000000
vn 0.000000 -1.000000 0.000000
vn -1.000000 0.000000 0.000048
vn -1.000000 0.000000 0.000047
vn -1.000000 0.000000 0.000047
vn -1.000000 0.000000 0.000048
vn 1.000000 0.000000 -0.000080
vn 1.000000 0.000045 -0.000077
vn 1.000000 0.000045 -0.000088
vn 1.000000 0.000000 -0.000080
vn 0.000039 0.000000 1.000000
vn 0.000034 -0.000002 1.000000
vn 0.000058 0.000000 1.000000
vn 0.000051 0.000004 1.000000
vn 0.000000 1.000000 -0.000000
vn 0.000000 1.000000 -0.000000
vn 0.000000 1.000000 0.000000
vn 0.000000 1.000000 0.000000
vn -0.000052 0.000009 -1.000000
vn -0.000058 0.000000 -1.000000
vn -0.000058 0.000000 -1.000000
vn -0.000065 0.000003 -1.000000
vn 0.000000 -1.000000 0.000000
vn 0.000000 -1.000000 0.000000
vn 0.000000 -1.000000 0.000000
vn 0.000000 -1.000000 0.000000
vn 0.000000 -1.000000 0.000000
vn 0.000000 -1.000000 0.000000
vn 0.000000 -1.000000 0.000000
vn 0.000000 -1.000000 0.000000
vn 0.000000 -1.000000 -0.000000
vn 0.000000 -1.000000 -0.000000
vn 0.000000 -1.000000 -0.000000
vn 0.000000 -1.000000 -0.000000
vn 0.000000 -1.000000 -0.000000
vn 0.000000 -1.000000 0.000000
vn 0.000000 -1.000000 0.000000
vn 0.000000 -1.000000 0.000000
vn 0.000000 -1.000000 0.000000
vn 0.000000 -1.000000 0.000000
vn 0.000000 -1.000000 0.000000
vn 0.000000 -1.000000 -0.000000
vn -1.000000 0.000000 0.000077
vn -1.000000 0.000000 0.000077
vn -1.000000 0.000000 0.000077
vn -1.000000 0.000000 0.000077
vn 0.000057 0.000000 1.000000
vn 0.000057 0.000000 1.000000
vn 0.000057 0.000000 1.000000
vn 0.000057 0.000000 1.000000
vn 1.000000 0.000000 -0.000077
vn 1.000000 0.000000 -0.000077
vn 1.000000 0.000000 -0.000077
vn 1.000000 0.000000 -0.000077
vn -0.000057 0.000000 -1.000000
vn -0.000057 0.000000 -1.000000
vn -0.000057 0.000000 -1.000000
vn -0.000057 0.000000 -1.000000
vn 1.000000 0.000000 0.000000
vn 1.000000 0.000000 0.000000
vn 1.000000 0.000000 0.000000
vn 1.000000 0.000000 0.000000
vn -0.000057 0.000000 -1.000000
vn -0.000057 0.000000 -1.000000
vn -0.000057 0.000000 -1.000000
vn -0.000057 0.000000 -1.000000
vn -1.000000 0.000000 0.000077
vn -1.000000 0.000000 0.000077
vn -1.000000 0.000000 0.000077
vn -1.000000 0.000000 0.000077
vn 0.000057 0.000000 1.000000
vn 0.000057 0.000000 1.000000
vn 0.000057 0.000000 1.000000
vn 0.000057 0.000000 1.000000
vn 0.000000 1.000000 -0.000000
vn 0.000000 1.000000 -0.000000
vn 0.000000 1.000000 -0.000000
vn 0.000000 1.000000 -0.000000
vn 0.000000 1.000000 -0.000000
vn 0.000000 1.000000 -0.000000
vn 0.000000 1.000000 -0.000000
vn 0.000000 1.000000 -0.000000
vn 0.000000 1.000000 -0.000001
vn 0.000000 1.000000 -0.000001
vn 0.000000 1.000000 0.000001
vn 0.000000 1.000000 0.000001
vn 0.000000 1.000000 0.000001
vn 0.000000 1.000000 0.000001
vn 0.000000 1.000000 -0.000001
vn 0.000000 1.000000 -0.000001
vn -1.000000 0.000000 0.000049
vn -1.000000 0.000000 0.000049
vn -1.000000 0.000000 0.000049
vn -1.000000 0.000000 0.000049
vn 0.000071 0.000000 1.000000
vn 0.000071 0.000000 1.000000
vn 0.000071 0.000000 1.000000
vn 0.000071 0.000000 1.000000
vn 1.000000 0.000000 -0.000039
vn 1.000000 0.000000 -0.000039
vn 1.000000 0.000000 -0.000039
vn 1.000000 0.000000 -0.000039
vn -0.000036 0.000000 -1.000000
vn -0.000036 0.000000 -1.000000
vn -0.000036 0.000000 -1.000000
vn -0.000036 0.000000 -1.000000
vn 1.000000 0.000000 -0.000049
vn 1.000000 0.000000 -0.000049
vn 1.000000 0.000000 -0.000049
vn 1.000000 0.000000 -0.000049
vn -0.000071 0.000000 -1.000000
vn -0.000071 0.000000 -1.000000
vn -0.000071 0.000000 -1.000000
vn -0.000071 0.000000 -1.000000
vn -1.000000 0.000000 0.000049
vn -1.000000 0.000000 0.000049
vn -1.000000 0.000000 0.000049
vn -1.000000 0.000000 0.000049
vn 0.000036 0.000000 1.000000
vn 0.000036 0.000000 1.000000
vn 0.000036 0.000000 1.000000
vn 0.000036 0.000000 1.000000
vn 0.000023 0.000000 1.000000
vn 0.000028 0.000000 1.000000
vn 0.000028 0.000000 1.000000
vn 0.000023 0.000000 1.000000
vn 0.000027 -0.000000 1.000000
vn 0.000022 -0.000000 1.000000
vn 0.000027 -0.000000 1.000000
vn 0.000022 -0.000000 1.000000
vn -0.000022 0.000000 -1.000000
vn -0.000027 0.000000 -1.000000
vn -0.000027 0.000000 -1.000000
vn -0.000022 0.000000 -1.000000
vn -0.000028 -0.000000 -1.000000
vn -0.000023 -0.000000 -1.000000
vn -0.000028 -0.000000 -1.000000
vn -0.000023 -0.000000 -1.000000
vn -0.000022 -0.000000 -1.000000
vn -0.000027 -0.000000 -1.000000
vn -0.000027 -0.000000 -1.000000
vn -0.000022 -0.000000 -1.000000
vn -0.000028 0.000000 -1.000000
vn -0.000023 0.000000 -1.000000
vn -0.000028 0.000000 -1.000000
vn -0.000023 0.000000 -1.000000
vn 0.000007 0.000081 1.000000
vn 0.000010 0.000100 1.000000
vn 0.000127 0.000100 1.000000
vn 0.000154 0.000081 1.000000
vn 0.000128 -0.000100 1.000000
vn 0.000155 -0.000081 1.000000
vn 0.000011 -0.000100 1.000000
vn 0.000008 -0.000081 1.000000
vn 0.000000 -1.000000 0.000000
vn 0.000000 -1.000000 0.000000
vn 0.000000 -1.000000 0.000000
vn 0.000000 -1.000000 0.000000
vn -1.000000 0.000000 0.000681
vn -1.000000 0.000000 0.000681
vn -1.000000 0.000000 0.000681
vn -1.000000 0.000000 0.000681
vn 0.000000 1.000000 0.000000
vn 0.000000 1.000000 0.000000
vn 0.000000 1.000000 0.000000
vn 0.000000 1.000000 0.000000
vn 1.000000 0.000000 0.000000
vn 1.000000 0.000000 0.000000
vn 1.000000 0.000000 0.000000
vn 1.000000 0.000000 0.000000
vn 0.000000 -1.000000 0.000000
vn 0.000000 -1.000000 0.000000
vn 0.000000 -1.000000 0.000000
vn 0.000000 -1.000000 0.000000
vn 1.000000 0.000000 0.000000
vn 1.000000 0.000000 0.000000
vn 1.000000 0.000000 0.000000
vn 1.000000 0.000000 0.000000
vn 0.000000 1.000000 0.000000
vn 0.000000 1.000000 0.000000
vn 0.000000 1.000000 0.000000
vn 0.000000 1.000000 0.000000
vn -1.000000 0.000000 0.000000
vn -1.000000 0.000000 0.000000
vn -1.000000 0.000000 0.000000
vn -1.000000 0.000000 0.000000
vn 0.000000 -1.000000 0.000000
vn 0.000000 -1.000000 0.000000
vn 0.000000 -1.000000 0.000000
vn 0.000000 -1.000000 0.000000
vn 1.000000 0.000000 0.000000
vn 1.000000 0.000000 0.000000
vn 1.000000 0.000000 0.000000
vn 1.000000 0.000000 0.000000
vn 0.000000 1.000000 0.000000
vn 0.000000 1.000000 0.000000
vn 0.000000 1.000000 0.000000
vn 0.000000 1.000000 0.000000
vn -1.000000 0.000000 0.000000
vn -1.000000 0.000000 0.000000
vn -1.000000 0.000000 0.000000
vn -1.000000 0.000000 0.000000
vn 0.000000 -1.000000 0.000000
vn 0.000000 -1.000000 0.000000
vn 0.000000 -1.000000 0.000000
vn 0.000000 -1.000000 0.000000
vn -1.000000 0.000000 0.000000
vn -1.000000 0.000000 0.000000
vn -1.000000 0.000000 0.000000
vn -1.000000 0.000000 0.000000
vn 0.000000 1.000000 0.000000
vn 0.000000 1.000000 0.000000
vn 0.000000 1.000000 0.000000
vn 0.000000 1.000000 0.000000
vn 1.000000 0.000000 -0.000682
vn 1.000000 0.000000 -0.000682
vn 1.000000 0.000000 -0.000682
vn 1.000000 0.000000 -0.000682
vn 1.000000 -0.000053 -0.000077
vn 1.000000 0.000000 -0.000080
vn 1.000000 0.000000 -0.000080
vn 1.000000 -0.000053 -0.000090
vn -0.000048 -0.000108 -1.000000
vn -0.000047 0.000000 -1.000000
vn -0.000058 0.000000 -1.000000
vn -0.000066 -0.000004 -1.000000
vn -0.000048 -0.000193 -1.000000
vn -0.000047 0.000000 -1.000000
vn -0.000058 0.000000 -1.000000
vn -0.000051 -0.000011 -1.000000
vn -1.000000 0.000000 0.000047
vn -1.000000 0.000000 0.000048
vn -1.000000 0.000000 0.000048
vn -1.000000 0.000000 0.000047
vn 0.000036 0.000034 1.000000
vn 0.000036 0.000000 1.000000
vn 0.000039 0.000000 1.000000
vn 0.000034 0.000003 1.000000
vn 0.000046 -0.000051 1.000000
vn 0.000045 0.000000 1.000000
vn 0.000058 0.000000 1.000000
vn 0.000050 -0.000004 1.000000
vn 1.000000 0.000000 -0.000059
vn 1.000000 0.000000 -0.000059
vn 1.000000 0.000000 -0.000059
vn 1.000000 0.000000 -0.000059
vn -0.000041 0.000000 -1.000000
vn -0.000041 0.000000 -1.000000
vn -0.000046 0.000000 -1.000000
vn -0.000046 0.000000 -1.000000
vn -0.000049 0.000000 -1.000000
vn -0.000049 0.000000 -1.000000
vn -0.000065 0.000000 -1.000000
vn -0.000065 0.000000 -1.000000
vn -1.000000 0.000000 0.000059
vn -1.000000 0.000000 0.000059
vn -1.000000 0.000000 0.000059
vn -1.000000 0.000000 0.000059
vn 0.000039 0.000000 1.000000
vn 0.000039 0.000000 1.000000
vn 0.000042 0.000000 1.000000
vn 0.000042 0.000000 1.000000
vn 0.000051 0.000000 1.000000
vn 0.000051 0.000000 1.000000
vn 0.000069 0.000000 1.000000
vn 0.000069 0.000000 1.000000
vn -0.000048 0.000637 -1.000000
vn -0.000070 0.000294 -1.000000
vn -0.000070 -0.000294 -1.000000
vn -0.000048 -0.000637 -1.000000
vn -0.000048 -0.000883 -1.000000
vn -0.000048 0.000883 -1.000000
vn -0.000039 -0.000826 -1.000000
vn -0.000039 0.000826 -1.000000
vn 0.000036 -0.000098 1.000000
vn 0.000031 -0.000213 1.000000
vn 0.000031 0.000213 1.000000
vn 0.000036 0.000098 1.000000
vn 0.000043 0.000148 1.000000
vn 0.000043 -0.000148 1.000000
vn 0.000046 -0.000320 1.000000
vn 0.000045 0.000320 1.000000
vn 0.000000 1.000000 0.000000
vn 0.000000 1.000000 0.000000
vn 0.000000 1.000000 0.000000
vn 0.000000 1.000000 0.000000
vn -1.000000 0.000000 0.000541
vn -1.000000 0.000000 0.000541
vn -1.000000 0.000000 0.000541
vn -1.000000 0.000000 0.000541
vn 0.000000 -1.000000 -0.000002
vn 0.000000 -1.000000 -0.000002
vn 0.000000 -1.000000 -0.000001
vn 0.000000 -1.000000 -0.000001
vn 0.000000 -1.000000 0.000000
vn 0.000000 -1.000000 0.000000
vn 0.000000 1.000000 0.000000
vn 0.000000 1.000000 0.000000
vn 1.000000 0.000000 0.000000
vn 1.000000 0.000000 0.000000
vn 1.000000 0.000000 0.000000
vn 1.000000 0.000000 0.000000
vn 0.000000 1.000000 0.000000
vn 0.000000 1.000000 0.000000
vn 0.000000 -1.000000 0.000000
vn 0.000000 -1.000000 0.000000
vn 0.000000 1.000000 0.000000
vn 0.000000 1.000000 0.000000
vn 0.000000 1.000000 0.000000
vn 0.000000 1.000000 0.000000
vn 1.000000 0.000000 0.000000
vn 1.000000 0.000000 0.000000
vn 1.000000 0.000000 0.000000
vn 1.000000 0.000000 0.000000
vn 0.000000 -1.000000 0.000000
vn 0.000000 -1.000000 0.000000
vn 0.000000 -1.000000 0.000000
vn 0.000000 -1.000000 0.000000
vn 0.000000 1.000000 0.000000
vn 0.000000 1.000000 0.000000
vn 0.000000 -1.000000 0.000000
vn 0.000000 -1.000000 0.000000
vn 0.000000 -1.000000 0.000000
vn 0.000000 -1.000000 0.000000
vn -1.000000 0.000000 0.000000
vn -1.000000 0.000000 0.000000
vn -1.000000 0.000000 0.000000
vn -1.000000 0.000000 0.000000
vn 0.000000 1.000000 0.000000
vn 0.000000 1.000000 0.000000
vn 0.000000 1.000000 -0.000001
vn 0.000000 1.000000 -0.000001
vn 0.000000 1.000000 -0.000000
vn 0.000000 1.000000 0.000000
vn 0.000000 1.000000 0.000000
vn 0.000000 1.000000 0.000000
vn 0.000000 1.000000 -0.000001
vn 0.000000 1.000000 -0.000001
vn 0.000000 1.000000 0.000001
vn 0.000000 1.000000 0.000001
vn 0.000000 1.000000 0.000000
vn 0.000000 1.000000 0.000000
vn 0.000000 1.000000 -0.000001
vn 0.000000 1.000000 -0.000001
vn 0.000000 1.000000 0.000000
vn 0.000000 1.000000 0.000000
vn 0.000047 0.000000 1.000000
vn 0.000047 0.000000 1.000000
vn 0.000049 0.000000 1.000000
vn 0.000049 0.000000 1.000000
vn -0.000059 0.000000 -1.000000
vn -0.000059 0.000000 -1.000000
vn -0.000039 0.000000 -1.000000
vn -0.000039 0.000000 -1.000000
vn -1.000000 0.000000 0.000027
vn -1.000000 0.000000 0.000027
vn -1.000000 0.000000 0.000027
vn -1.000000 0.000000 0.000027
vn -0.000084 0.000000 -1.000000
vn -0.000084 0.000000 -1.000000
vn 0.000042 0.000000 1.000000
vn 0.000042 0.000000 1.000000
vn 1.000000 0.000000 -0.000068
vn 1.000000 0.000000 -0.000068
vn 1.000000 0.000000 -0.000068
vn 1.000000 0.000000 -0.000068
vn 0.000038 0.000000 1.000000
vn 0.000038 0.000000 1.000000
vn -0.000042 0.000000 -1.000000
vn -0.000042 0.000000 -1.000000
vn -1.000000 -0.000083 0.000119
vn -1.000000 -0.000072 0.000145
vn -1.000000 -0.000072 0.000015
vn -1.000000 -0.000083 0.000017
vn -1.000000 0.000073 0.000015
vn -1.000000 0.000084 0.000017
vn -1.000000 0.000073 0.000145
vn -1.000000 0.000084 0.000119
vn 1.000000 -0.000104 -0.000149
vn 1.000000 -0.000090 -0.000181
vn 1.000000 -0.000090 -0.000019
vn 1.000000 -0.000104 -0.000021
vn 1.000000 0.000089 -0.000019
vn 1.000000 0.000103 -0.000021
vn 1.000000 0.000089 -0.000181
vn 1.000000 0.000103 -0.000149
vn 1.000000 0.000000 -0.000043
vn 1.000000 0.000000 -0.000037
vn 1.000000 0.000000 -0.000037
vn 1.000000 0.000000 -0.000043
vn 1.000000 0.000000 -0.000037
vn 1.000000 0.000000 -0.000043
vn 1.000000 0.000000 -0.000037
vn 1.000000 0.000000 -0.000043
vn -1.000000 0.000103 0.000021
vn -1.000000 0.000089 0.000019
vn -1.000000 0.000089 0.000181
vn -1.000000 0.000103 0.000149
vn -1.000000 -0.000090 0.000181
vn -1.000000 -0.000104 0.000149
vn -1.000000 -0.000090 0.000019
vn -1.000000 -0.000104 0.000021
vn 0.000000 -1.000000 0.000000
vn 0.000000 -1.000000 0.000000
vn 0.000000 -1.000000 0.000000
vn 0.000000 -1.000000 0.000000
vn 0.000000 0.000000 -1.000000
vn 0.000000 0.000000 -1.000000
vn 0.000000 0.000000 -1.000000
vn 0.000000 0.000000 -1.000000
vn 0.000000 1.000000 0.000000
vn 0.000000 1.000000 0.000000
vn 0.000000 1.000000 0.000000
vn 0.000000 1.000000 0.000000
vn 0.000000 0.000000 1.000000
vn 0.000000 0.000000 1.000000
vn 0.000000 0.000000 1.000000
vn 0.000000 0.000000 1.000000
vn 0.000000 -1.000000 -0.000000
vn 0.000000 -1.000000 -0.000000
vn 0.000000 -1.000000 -0.000000
vn 0.000000 -1.000000 -0.000000
vn 0.000000 0.000000 1.000000
vn 0.000000 0.000000 1.000000
vn 0.000000 0.000000 1.000000
vn 0.000000 0.000000 1.000000
vn 0.000000 1.000000 0.000000
vn 0.000000 1.000000 0.000000
vn 0.000000 1.000000 0.000000
vn 0.000000 1.000000 0.000000
vn -0.000660 0.000000 -1.000000
vn -0.000660 0.000000 -1.000000
vn -0.000660 0.000000 -1.000000
vn -0.000660 0.000000 -1.000000
vn 0.000000 -1.000000 0.000000
vn 0.000000 -1.000000 0.000000
vn 0.000000 -1.000000 0.000000
vn 0.000000 -1.000000 0.000000
vn 0.000000 0.000000 1.000000
vn 0.000000 0.000000 1.000000
vn 0.000000 0.000000 1.000000
vn 0.000000 0.000000 1.000000
vn 0.000000 1.000000 -0.000000
vn 0.000000 1.000000 -0.000000
vn 0.000000 1.000000 -0.000000
vn 0.000000 1.000000 -0.000000
vn 0.000000 0.000000 -1.000000
vn 0.000000 0.000000 -1.000000
vn 0.000000 0.000000 -1.000000
vn 0.000000 0.000000 -1.000000
vn 0.000000 -1.000000 0.000000
vn 0.000000 -1.000000 0.000000
vn 0.000000 -1.000000 0.000000
vn 0.000000 -1.000000 0.000000
vn 0.000000 0.000000 -1.000000
vn 0.000000 0.000000 -1.000000
vn 0.000000 0.000000 -1.000000
vn 0.000000 0.000000 -1.000000
vn 0.000000 1.000000 -0.000000
vn 0.000000 1.000000 -0.000000
vn 0.000000 1.000000 -0.000000
vn 0.000000 1.000000 -0.000000
vn 0.000797 0.000000 1.000000
vn 0.000797 0.000000 1.000000
vn 0.000797 0.000000 1.000000
vn 0.000797 0.000000 1.000000
vn 1.000000 0.000489 -0.000064
vn 1.000000 0.000489 -0.000109
vn 1.000000 -0.000480 -0.000109
vn 1.000000 -0.000480 -0.000064
vn -1.000000 0.000000 0.000046
vn -1.000000 0.000000 0.000046
vn -1.000000 0.000000 0.000046
vn -1.000000 0.000000 0.000046
vn 0.000000 1.000000 0.000000
vn 0.000000 1.000000 0.000000
vn 0.000000 1.000000 0.000000
vn 0.000000 1.000000 0.000000
vn 0.000000 0.000000 -1.000000
vn 0.000000 0.000000 -1.000000
vn 0.000000 0.000000 -1.000000
vn 0.000000 0.000000 -1.000000
vn 0.000000 -1.000000 -0.000000
vn 0.000000 -1.000000 -0.000000
vn 0.000000 -1.000000 -0.000000
vn 0.000000 -1.000000 -0.000000
vn 0.000000 0.000000 1.000000
vn 0.000000 0.000000 1.000000
vn 0.000000 0.000000 1.000000
vn 0.000000 0.000000 1.000000
vn 0.000000 1.000000 -0.000000
vn 0.000000 1.000000 -0.000000
vn 0.000000 1.000000 -0.000000
vn 0.000000 1.000000 -0.000000
vn -0.002167 0.000000 0.999998
vn -0.002167 0.000000 0.999998
vn -0.002167 0.000000 0.999998
vn -0.002167 0.000000 0.999998
vn 0.000000 -1.000000 -0.000000
vn 0.000000 -1.000000 -0.000000
vn 0.000000 -1.000000 -0.000000
vn 0.000000 -1.000000 -0.000000
vn 0.000000 0.000000 -1.000000
vn 0.000000 0.000000 -1.000000
vn 0.000000 0.000000 -1.000000
vn 0.000000 0.000000 -1.000000
vn 0.000000 1.000000 -0.000001
vn 0.000000 1.000000 -0.000001
vn 0.000000 1.000000 -0.000001
vn 0.000000 1.000000 -0.000001
vn 0.000000 1.000000 -0.000000
vn 0.000000 1.000000 -0.000000
vn 0.000000 1.000000 -0.000000
vn 0.000000 1.000000 -0.000000
vn 0.000000 1.000000 0.000000
vn 0.000000 1.000000 0.000000
vn 0.000000 1.000000 0.000000
vn 0.000000 1.000000 0.000000
vn 0.000000 1.000000 0.000000
vn 0.000000 1.000000 0.000000
vn 0.000000 1.000000 0.000000
vn 0.000000 1.000000 0.000000
vn 0.000000 1.000000 0.000000
vn 0.000000 1.000000 0.000000
vn 0.000000 1.000000 -0.000001
vn 0.000000 1.000000 -0.000001
vn 0.000000 1.000000 0.000000
vn 0.000000 1.000000 0.000000
vn 0.000000 1.000000 0.000000
vn 0.000000 1.000000 0.000000
vn 0.000000 1.000000 0.000000
vn 0.000000 1.000000 0.000000
vn 0.000000 1.000000 0.000000
vn 0.000000 1.000000 0.000000
vn 0.000000 1.000000 0.000000
vn 0.000000 1.000000 0.000000
vn 0.000000 1.000000 -0.000001
vn 0.000000 1.000000 -0.000001
vn 0.000036 0.000000 1.000000
vn 0.000036 0.000000 1.000000
vn 0.000057 0.000000 1.000000
vn 0.000057 0.000000 1.000000
vn 0.000036 0.000000 1.000000
vn 0.000036 0.000000 1.000000
vn 1.000000 0.000000 -0.000023
vn 1.000000 0.000000 -0.000023
vn 1.000000 0.000000 -0.000023
vn 1.000000 0.000000 -0.000023
vn -0.000055 0.000000 -1.000000
vn -0.000055 0.000000 -1.000000
vn -0.000056 0.000000 -1.000000
vn -0.000056 0.000000 -1.000000
vn -0.000048 0.000000 -1.000000
vn -0.000048 0.000000 -1.000000
vn -0.000040 0.000000 -1.000000
vn -0.000040 0.000000 -1.000000
vn -1.000000 0.000000 0.000058
vn -1.000000 0.000000 0.000058
vn -1.000000 0.000000 0.000058
vn -1.000000 0.000000 0.000058
vn 0.000079 0.000000 1.000000
vn 0.000079 0.000000 1.000000
vn -0.000048 0.000000 -1.000000
vn -0.000048 0.000000 -1.000000
vn -0.000048 0.000000 -1.000000
vn -0.000048 0.000000 -1.000000
vn -0.000040 0.000000 -1.000000
vn -0.000040 0.000000 -1.000000
vn -1.000000 0.000000 0.000031
vn -1.000000 0.000000 0.000031
vn -1.000000 0.000000 0.000031
vn -1.000000 0.000000 0.000031
vn 0.000061 0.000000 1.000000
vn 0.000061 0.000000 1.000000
vn 0.000056 0.000000 1.000000
vn 0.000056 0.000000 1.000000
vn 0.000046 0.000000 1.000000
vn 0.000046 0.000000 1.000000
vn 0.000040 0.000000 1.000000
vn 0.000040 0.000000 1.000000
vn 1.000000 0.000000 -0.000062
vn 1.000000 0.000000 -0.000062
vn 1.000000 0.000000 -0.000062
vn 1.000000 0.000000 -0.000062
vn -0.000041 0.000000 -1.000000
vn -0.000041 0.000000 -1.000000
s 1
g Altar Benchs Bench58
usemtl lambert16SG
f 1458/3766/3350 1545/3767/3351 1544/3768/3352 1459/3769/3353
s 2
f 1586/3558/3354 1589/3559/3355 1588/3560/3356 1587/3561/3357
s 3
f 1540/3790/3358 1465/3791/3359 1464/3792/3360 1541/3793/3361
s 4
f 1465/3566/3362 1458/3567/3363 1459/3568/3364 1464/3569/3365
s 5
f 1451/3390/3366 1543/3391/3367 1542/3392/3368 1457/3393/3369
s 6
f 1456/3402/3370 1539/3403/3371 1538/3404/3372 1450/3405/3373
s 1
f 1451/3774/3374 1459/3769/3353 1544/3768/3352 1543/3775/3375
f 1545/3767/3351 1458/3766/3350 1450/3770/3376 1538/3771/3377
s 2
f 1590/3564/3378 1587/3561/3357 1588/3560/3356 1591/3565/3379
f 1593/3562/3380 1589/3559/3355 1586/3558/3354 1592/3563/3381
s 3
f 1542/3796/3382 1541/3793/3361 1464/3792/3360 1457/3797/3383
f 1456/3794/3384 1465/3791/3359 1540/3790/3358 1539/3795/3385
s off
f 1490/3582/3386 1493/3583/3387 1492/3584/3388 1491/3585/3389
f 1495/3586/3390 1497/3587/3391 1496/3588/3392 1494/3589/3393
s 4
f 1457/3581/3394 1466/3580/3395 1467/3579/3396 1451/3578/3397
f 1451/3578/3397 1467/3579/3396 1468/3572/3398 1459/3568/3364
f 1459/3568/3364 1468/3572/3398 1469/3573/3399 1464/3569/3365
f 1464/3569/3365 1469/3573/3399 1466/3580/3395 1457/3581/3394
f 1450/3577/3400 1471/3576/3401 1470/3575/3402 1456/3574/3403
f 1456/3574/3403 1470/3575/3402 1472/3570/3404 1465/3566/3362
f 1465/3566/3362 1472/3570/3404 1473/3571/3405 1458/3567/3363
f 1458/3567/3363 1473/3571/3405 1471/3576/3401 1450/3577/3400
s off
f 1610/3414/3406 1613/3415/3407 1612/3416/3408 1611/3417/3409
f 1514/3814/3410 1517/3815/3411 1516/3816/3412 1515/3817/3413
f 1615/3418/3414 1617/3419/3415 1616/3420/3416 1614/3421/3417
f 1519/3818/3418 1521/3819/3419 1520/3820/3420 1518/3821/3421
f 1619/3422/3422 1621/3423/3423 1620/3424/3424 1618/3425/3425
f 1522/3822/3426 1525/3823/3427 1524/3824/3428 1523/3825/3429
f 1622/3426/3430 1625/3427/3431 1624/3428/3432 1623/3429/3433
f 1527/3826/3434 1529/3827/3435 1528/3828/3436 1526/3829/3437
s 9
f 1474/3590/3438 1482/3591/3439 1483/3592/3440 1475/3593/3441
f 1475/3593/3441 1483/3592/3440 1484/3596/3442 1476/3597/3443
f 1476/3597/3443 1484/3596/3442 1485/3595/3444 1477/3594/3445
f 1477/3594/3445 1485/3595/3444 1482/3591/3439 1474/3590/3438
s 10
f 1479/3598/3446 1487/3599/3447 1486/3600/3448 1478/3601/3449
f 1478/3601/3449 1486/3600/3448 1488/3604/3450 1480/3605/3451
f 1480/3605/3451 1488/3604/3450 1489/3603/3452 1481/3602/3453
f 1481/3602/3453 1489/3603/3452 1487/3599/3447 1479/3598/3446
s off
f 1482/3430/3454 1490/3431/3455 1491/3432/3456 1483/3433/3457
f 1483/3830/3458 1491/3831/3459 1492/3832/3460 1484/3833/3461
f 1484/3434/3462 1492/3435/3463 1493/3436/3464 1485/3437/3465
f 1485/3834/3466 1493/3835/3467 1490/3836/3468 1482/3837/3469
f 1487/3438/3470 1495/3439/3471 1494/3440/3472 1486/3441/3473
f 1486/3838/3474 1494/3839/3475 1496/3840/3476 1488/3841/3477
f 1488/3442/3478 1496/3443/3479 1497/3444/3480 1489/3445/3481
f 1489/3842/3482 1497/3843/3483 1495/3844/3484 1487/3845/3485
s 11
f 1467/3846/3486 1498/3847/3487 1499/3848/3488 1468/3849/3489
f 1468/3849/3489 1499/3848/3488 1500/3852/3490 1476/3853/3491
f 1476/3853/3491 1500/3852/3490 1501/3851/3492 1475/3850/3493
f 1475/3850/3493 1501/3851/3492 1498/3847/3487 1467/3846/3486
s 12
f 1469/3854/3494 1503/3855/3495 1502/3856/3496 1466/3857/3497
f 1466/3857/3497 1502/3856/3496 1504/3860/3498 1474/3861/3499
f 1474/3861/3499 1504/3860/3498 1505/3859/3500 1477/3858/3501
f 1477/3858/3501 1505/3859/3500 1503/3855/3495 1469/3854/3494
s 13
f 1470/3862/3502 1506/3863/3503 1507/3864/3504 1472/3865/3505
f 1472/3865/3505 1507/3864/3504 1508/3868/3506 1480/3869/3507
f 1480/3869/3507 1508/3868/3506 1509/3867/3508 1478/3866/3509
f 1478/3866/3509 1509/3867/3508 1506/3863/3503 1470/3862/3502
s 14
f 1473/3870/3510 1511/3871/3511 1510/3872/3512 1471/3873/3513
f 1471/3873/3513 1510/3872/3512 1512/3876/3514 1479/3877/3515
f 1479/3877/3515 1512/3876/3514 1513/3875/3516 1481/3874/3517
f 1481/3874/3517 1513/3875/3516 1511/3871/3511 1473/3870/3510
s off
f 1498/3606/3518 1514/3607/3519 1515/3608/3520 1499/3609/3521
f 1499/3446/3522 1515/3447/3523 1516/3448/3524 1500/3449/3525
f 1500/3610/3526 1516/3611/3527 1517/3612/3528 1501/3613/3529
f 1501/3450/3530 1517/3451/3531 1514/3452/3532 1498/3453/3533
f 1503/3614/3534 1519/3615/3535 1518/3616/3536 1502/3617/3537
f 1502/3454/3538 1518/3455/3539 1520/3456/3540 1504/3457/3541
f 1504/3618/3542 1520/3619/3543 1521/3620/3544 1505/3621/3545
f 1505/3458/3546 1521/3459/3547 1519/3460/3548 1503/3461/3549
f 1506/3622/3550 1522/3623/3551 1523/3624/3552 1507/3625/3553
f 1507/3462/3554 1523/3463/3555 1524/3464/3556 1508/3465/3557
f 1508/3626/3558 1524/3627/3559 1525/3628/3560 1509/3629/3561
f 1509/3466/3562 1525/3467/3563 1522/3468/3564 1506/3469/3565
f 1511/3630/3566 1527/3631/3567 1526/3632/3568 1510/3633/3569
f 1510/3470/3570 1526/3471/3571 1528/3472/3572 1512/3473/3573
f 1512/3634/3574 1528/3635/3575 1529/3636/3576 1513/3637/3577
f 1513/3474/3578 1529/3475/3579 1527/3476/3580 1511/3477/3581
s 6
f 1531/3408/3582 1454/3412/3583 1452/3413/3584 1530/3411/3585
s 3
f 1532/3807/3586 1463/3810/3587 1454/3811/3588 1531/3803/3589
f 1463/3810/3587 1532/3807/3586 1533/3808/3590 1462/3813/3591
f 1455/3812/3592 1462/3813/3591 1533/3808/3590 1534/3804/3593
s 5
f 1535/3396/3594 1453/3400/3595 1455/3401/3596 1534/3399/3597
s 1
f 1536/3785/3598 1460/3788/3599 1453/3789/3600 1535/3781/3601
f 1537/3782/3602 1461/3787/3603 1460/3788/3599 1536/3785/3598
f 1452/3786/3604 1461/3787/3603 1537/3782/3602 1530/3778/3605
s off
f 1635/3478/3606 1637/3479/3607 1636/3480/3608 1634/3481/3609
s 19
f 1563/3878/3610 1565/3879/3611 1564/3880/3612 1562/3881/3613
f 1565/3879/3611 1563/3878/3610 1567/3882/3614 1566/3883/3615
f 1568/3884/3616 1566/3883/3615 1567/3882/3614 1569/3885/3617
s off
f 1639/3482/3618 1641/3483/3619 1640/3484/3620 1638/3485/3621
s 20
f 1571/3886/3622 1573/3887/3623 1572/3888/3624 1570/3889/3625
f 1574/3890/3626 1575/3891/3627 1573/3887/3623 1571/3886/3622
f 1575/3891/3627 1574/3890/3626 1577/3892/3628 1576/3893/3629
s 3
f 1540/3790/3358 1547/3799/3630 1546/3800/3631 1539/3795/3385
f 1539/3795/3385 1546/3800/3631 1548/3802/3632 1531/3803/3589
f 1531/3803/3589 1548/3802/3632 1549/3806/3633 1532/3807/3586
f 1532/3807/3586 1549/3806/3633 1550/3809/3634 1533/3808/3590
f 1541/3793/3361 1551/3798/3635 1547/3799/3630 1540/3790/3358
f 1534/3804/3593 1552/3805/3636 1553/3801/3637 1542/3796/3382
f 1542/3796/3382 1553/3801/3637 1551/3798/3635 1541/3793/3361
f 1533/3808/3590 1550/3809/3634 1552/3805/3636 1534/3804/3593
s 1
f 1544/3768/3352 1555/3773/3638 1554/3777/3639 1543/3775/3375
f 1543/3775/3375 1554/3777/3639 1556/3780/3640 1535/3781/3601
f 1535/3781/3601 1556/3780/3640 1557/3784/3641 1536/3785/3598
f 1545/3767/3351 1558/3772/3642 1555/3773/3638 1544/3768/3352
f 1536/3785/3598 1557/3784/3641 1559/3783/3643 1537/3782/3602
f 1537/3782/3602 1559/3783/3643 1560/3779/3644 1530/3778/3605
f 1530/3778/3605 1560/3779/3644 1561/3776/3645 1538/3771/3377
f 1538/3771/3377 1561/3776/3645 1558/3772/3642 1545/3767/3351
s 21
f 1547/3638/3646 1563/3639/3647 1562/3640/3648 1546/3641/3649
s off
f 1546/3486/3650 1562/3487/3651 1564/3488/3652 1548/3489/3653
s 22
f 1548/3646/3654 1564/3647/3655 1565/3648/3656 1549/3649/3657
f 1549/3649/3657 1565/3648/3656 1566/3650/3658 1550/3651/3659
s 21
f 1551/3642/3660 1567/3643/3661 1563/3639/3647 1547/3638/3646
s off
f 1552/3490/3662 1568/3491/3663 1569/3492/3664 1553/3493/3665
s 21
f 1553/3644/3666 1569/3645/3667 1567/3643/3661 1551/3642/3660
s 22
f 1550/3651/3659 1566/3650/3658 1568/3652/3668 1552/3653/3669
s 23
f 1555/3654/3670 1571/3655/3671 1570/3656/3672 1554/3657/3673
s off
f 1554/3494/3674 1570/3495/3675 1572/3496/3676 1556/3497/3677
s 24
f 1556/3662/3678 1572/3663/3679 1573/3664/3680 1557/3665/3681
s 23
f 1558/3658/3682 1574/3659/3683 1571/3655/3671 1555/3654/3670
s 24
f 1557/3665/3681 1573/3664/3680 1575/3666/3684 1559/3667/3685
f 1559/3667/3685 1575/3666/3684 1576/3668/3686 1560/3669/3687
s off
f 1560/3498/3688 1576/3499/3689 1577/3500/3690 1561/3501/3691
s 23
f 1561/3660/3692 1577/3661/3693 1574/3659/3683 1558/3658/3682
s 25
f 1461/3670/3694 1647/3671/3695 1646/3672/3696 1460/3673/3697
f 1462/3685/3698 1643/3684/3699 1642/3683/3700 1463/3682/3701
f 1453/3677/3702 1645/3676/3703 1644/3680/3704 1455/3681/3705
f 1455/3681/3705 1644/3680/3704 1643/3684/3699 1462/3685/3698
f 1460/3673/3697 1646/3672/3696 1645/3676/3703 1453/3677/3702
f 1454/3678/3706 1649/3679/3707 1648/3675/3708 1452/3674/3709
f 1452/3674/3709 1648/3675/3708 1647/3671/3695 1461/3670/3694
f 1463/3682/3701 1642/3683/3700 1649/3679/3707 1454/3678/3706
s 27
f 1578/3894/3710 1586/3895/3711 1587/3896/3712 1579/3897/3713
s 28
f 1580/3902/3714 1588/3903/3715 1589/3904/3716 1581/3905/3717
s off
f 1582/3502/3718 1590/3503/3719 1591/3504/3720 1583/3505/3721
s 28
f 1583/3906/3722 1591/3907/3723 1588/3903/3715 1580/3902/3714
s 27
f 1579/3897/3713 1587/3896/3712 1590/3900/3724 1582/3901/3725
s off
f 1585/3506/3726 1593/3507/3727 1592/3508/3728 1584/3509/3729
s 27
f 1584/3898/3730 1592/3899/3731 1586/3895/3711 1578/3894/3710
s 28
f 1581/3905/3717 1589/3904/3716 1593/3908/3732 1585/3909/3733
s 29
f 1466/3510/3734 1594/3511/3735 1595/3512/3736 1467/3513/3737
f 1467/3513/3737 1595/3512/3736 1596/3516/3738 1475/3517/3739
f 1475/3517/3739 1596/3516/3738 1597/3515/3740 1474/3514/3741
f 1474/3514/3741 1597/3515/3740 1594/3511/3735 1466/3510/3734
s 30
f 1468/3518/3742 1599/3519/3743 1598/3520/3744 1469/3521/3745
f 1469/3521/3745 1598/3520/3744 1600/3524/3746 1477/3525/3747
f 1477/3525/3747 1600/3524/3746 1601/3523/3748 1476/3522/3749
f 1476/3522/3749 1601/3523/3748 1599/3519/3743 1468/3518/3742
s 31
f 1471/3526/3750 1603/3527/3751 1602/3528/3752 1470/3529/3753
f 1470/3529/3753 1602/3528/3752 1604/3532/3754 1478/3533/3755
f 1478/3533/3755 1604/3532/3754 1605/3531/3756 1479/3530/3757
f 1479/3530/3757 1605/3531/3756 1603/3527/3751 1471/3526/3750
s 32
f 1472/3534/3758 1606/3535/3759 1607/3536/3760 1473/3537/3761
f 1473/3537/3761 1607/3536/3760 1608/3540/3762 1481/3541/3763
f 1481/3541/3763 1608/3540/3762 1609/3539/3764 1480/3538/3765
f 1480/3538/3765 1609/3539/3764 1606/3535/3759 1472/3534/3758
s off
f 1594/3686/3766 1610/3687/3767 1611/3688/3768 1595/3689/3769
f 1595/3910/3770 1611/3911/3771 1612/3912/3772 1596/3913/3773
f 1596/3690/3774 1612/3691/3775 1613/3692/3776 1597/3693/3777
f 1597/3914/3778 1613/3915/3779 1610/3916/3780 1594/3917/3781
f 1599/3694/3782 1615/3695/3783 1614/3696/3784 1598/3697/3785
f 1598/3918/3786 1614/3919/3787 1616/3920/3788 1600/3921/3789
f 1600/3698/3790 1616/3699/3791 1617/3700/3792 1601/3701/3793
f 1601/3922/3794 1617/3923/3795 1615/3924/3796 1599/3925/3797
f 1603/3702/3798 1619/3703/3799 1618/3704/3800 1602/3705/3801
f 1602/3926/3802 1618/3927/3803 1620/3928/3804 1604/3929/3805
f 1604/3706/3806 1620/3707/3807 1621/3708/3808 1605/3709/3809
f 1605/3930/3810 1621/3931/3811 1619/3932/3812 1603/3933/3813
f 1606/3710/3814 1622/3711/3815 1623/3712/3816 1607/3713/3817
f 1607/3934/3818 1623/3935/3819 1624/3936/3820 1608/3937/3821
f 1608/3714/3822 1624/3715/3823 1625/3716/3824 1609/3717/3825
f 1609/3938/3826 1625/3939/3827 1622/3940/3828 1606/3941/3829
s 6
f 1539/3403/3371 1627/3406/3830 1626/3407/3831 1538/3404/3372
f 1538/3404/3372 1626/3407/3831 1628/3410/3832 1530/3411/3585
f 1530/3411/3585 1628/3410/3832 1629/3409/3833 1531/3408/3582
f 1531/3408/3582 1629/3409/3833 1627/3406/3830 1539/3403/3371
s 5
f 1543/3391/3367 1631/3394/3834 1630/3395/3835 1542/3392/3368
f 1542/3392/3368 1630/3395/3835 1632/3398/3836 1534/3399/3597
f 1534/3399/3597 1632/3398/3836 1633/3397/3837 1535/3396/3594
f 1535/3396/3594 1633/3397/3837 1631/3394/3834 1543/3391/3367
s off
f 1627/3718/3838 1635/3719/3839 1634/3720/3840 1626/3721/3841
f 1626/3942/3842 1634/3943/3843 1636/3944/3844 1628/3945/3845
f 1628/3722/3846 1636/3723/3847 1637/3724/3848 1629/3725/3849
f 1629/3946/3850 1637/3947/3851 1635/3948/3852 1627/3949/3853
f 1631/3726/3854 1639/3727/3855 1638/3728/3856 1630/3729/3857
f 1630/3950/3858 1638/3951/3859 1640/3952/3860 1632/3953/3861
f 1632/3730/3862 1640/3731/3863 1641/3732/3864 1633/3733/3865
f 1633/3954/3866 1641/3955/3867 1639/3956/3868 1631/3957/3869
s 33
f 1659/3734/3870 1667/3735/3871 1666/3736/3872 1658/3737/3873
f 1660/3738/3874 1668/3739/3875 1667/3735/3871 1659/3734/3870
f 1661/3742/3876 1669/3743/3877 1668/3739/3875 1660/3738/3874
f 1662/3746/3878 1670/3747/3879 1669/3743/3877 1661/3742/3876
f 1663/3749/3880 1671/3748/3881 1670/3747/3879 1662/3746/3878
f 1664/3745/3882 1672/3744/3883 1671/3748/3881 1663/3749/3880
f 1665/3741/3884 1673/3740/3885 1672/3744/3883 1664/3745/3882
f 1658/3737/3873 1666/3736/3872 1673/3740/3885 1665/3741/3884
s 34
f 1651/3750/3886 1580/3751/3887 1581/3752/3888 1650/3753/3889
f 1652/3754/3890 1583/3755/3891 1580/3751/3887 1651/3750/3886
f 1653/3758/3892 1582/3759/3893 1583/3755/3891 1652/3754/3890
f 1654/3762/3894 1579/3763/3895 1582/3759/3893 1653/3758/3892
f 1655/3765/3896 1578/3764/3897 1579/3763/3895 1654/3762/3894
f 1656/3761/3898 1584/3760/3899 1578/3764/3897 1655/3765/3896
f 1657/3757/3900 1585/3756/3901 1584/3760/3899 1656/3761/3898
f 1650/3753/3889 1581/3752/3888 1585/3756/3901 1657/3757/3900
s 35
f 1643/3958/3902 1659/3959/3903 1658/3960/3904 1642/3961/3905
f 1644/3962/3906 1660/3963/3907 1659/3959/3903 1643/3958/3902
s off
f 1645/3542/3908 1661/3543/3909 1660/3544/3910 1644/3545/3911
s 36
f 1646/3966/3912 1662/3967/3913 1661/3968/3914 1645/3969/3915
f 1647/3970/3916 1663/3971/3917 1662/3967/3913 1646/3966/3912
f 1648/3972/3918 1664/3973/3919 1663/3971/3917 1647/3970/3916
s off
f 1649/3546/3920 1665/3547/3921 1664/3548/3922 1648/3549/3923
s 35
f 1642/3961/3905 1658/3960/3904 1665/3964/3924 1649/3965/3925
s 37
f 1650/3974/3926 1666/3975/3927 1667/3976/3928 1651/3977/3929
f 1651/3977/3929 1667/3976/3928 1668/3980/3930 1652/3981/3931
s off
f 1652/3550/3932 1668/3551/3933 1669/3552/3934 1653/3553/3935
s 38
f 1653/3982/3936 1669/3983/3937 1670/3984/3938 1654/3985/3939
f 1654/3985/3939 1670/3984/3938 1671/3986/3940 1655/3987/3941
f 1655/3987/3941 1671/3986/3940 1672/3988/3942 1656/3989/3943
s off
f 1656/3554/3944 1672/3555/3945 1673/3556/3946 1657/3557/3947
s 37
f 1657/3978/3948 1673/3979/3949 1666/3975/3927 1650/3974/3926
g default
v -2.216705 0.386658 -0.725016
v -2.216640 0.386658 0.784040
v -2.216705 0.468417 -0.725016
v -2.216640 0.468417 0.784040
v -2.575454 0.468417 -0.724987
v -2.575378 0.468417 0.784058
v -2.575454 0.386658 -0.724987
v -2.575378 0.386658 0.784058
v -2.216676 0.386658 -0.232479
v -2.216659 0.386658 0.291533
v -2.216659 0.468417 0.291533
v -2.216676 0.468417 -0.232479
v -2.575406 0.468417 0.291542
v -2.575425 0.468417 -0.232460
v -2.575406 0.386658 0.291542
v -2.575425 0.386658 -0.232460
v -2.482705 0.386658 0.656815
v -2.309302 0.386658 0.656807
v -2.309312 0.386658 0.418766
v -2.482715 0.386658 0.418776
v -2.482770 0.386658 -0.597773
v -2.309369 0.386658 -0.597782
v -2.482761 0.386658 -0.359703
v -2.309360 0.386658 -0.359713
v -2.482705 0.233168 0.656815
v -2.309302 0.233168 0.656807
v -2.309312 0.233168 0.418766
v -2.482715 0.233168 0.418776
v -2.482770 0.233168 -0.597773
v -2.309369 0.233168 -0.597782
v -2.482761 0.233168 -0.359703
v -2.309360 0.233168 -0.359713
v -2.492822 0.233168 0.670702
v -2.299186 0.233168 0.670692
v -2.299205 0.233168 0.404881
v -2.492831 0.233168 0.404888
v -2.492887 0.233168 -0.611658
v -2.299253 0.233168 -0.611668
v -2.492868 0.233168 -0.345818
v -2.299243 0.233168 -0.345827
v -2.492822 0.213510 0.670702
v -2.299186 0.213510 0.670692
v -2.299205 0.213510 0.404881
v -2.492831 0.213510 0.404888
v -2.492887 0.213510 -0.611658
v -2.299253 0.213510 -0.611668
v -2.492868 0.213510 -0.345818
v -2.299243 0.213510 -0.345827
v -2.309302 0.359009 0.621008
v -2.309312 0.359009 0.454563
v -2.309312 0.260816 0.454563
v -2.309302 0.260816 0.621008
v -2.482705 0.359009 0.621027
v -2.482715 0.359009 0.454573
v -2.482705 0.260816 0.621027
v -2.482715 0.260816 0.454573
v -2.482770 0.359009 -0.561975
v -2.482761 0.359009 -0.395502
v -2.482761 0.260816 -0.395502
v -2.482770 0.260816 -0.561975
v -2.309360 0.359009 -0.561983
v -2.309360 0.359009 -0.395512
v -2.309360 0.260816 -0.561983
v -2.309360 0.260816 -0.395512
v -2.323302 0.359009 0.621008
v -2.323312 0.359009 0.454573
v -2.323312 0.260816 0.454573
v -2.323302 0.260816 0.621008
v -2.468715 0.359009 0.621027
v -2.468724 0.359009 0.454573
v -2.468715 0.260816 0.621027
v -2.468724 0.260816 0.454573
v -2.468772 0.359009 -0.561975
v -2.468763 0.359009 -0.395502
v -2.468763 0.260816 -0.395502
v -2.468772 0.260816 -0.561975
v -2.323358 0.359009 -0.561983
v -2.323348 0.359009 -0.395502
v -2.323358 0.260816 -0.561983
v -2.323348 0.260816 -0.395502
v -2.216705 0.444561 -0.725016
v -2.575454 0.444561 -0.724987
v -2.575425 0.444561 -0.232460
v -2.575406 0.444561 0.291542
v -2.575378 0.444561 0.784058
v -2.216640 0.444561 0.784040
v -2.216659 0.444561 0.291533
v -2.216676 0.444561 -0.232479
v -2.216705 0.415599 -0.725016
v -2.575454 0.415599 -0.724987
v -2.575425 0.415599 -0.232460
v -2.575406 0.415599 0.291542
v -2.575378 0.415599 0.784058
v -2.216640 0.415599 0.784040
v -2.216659 0.415599 0.291533
v -2.216676 0.415599 -0.232479
v -2.575444 0.421870 -0.641605
v -2.575425 0.421870 -0.229816
v -2.575444 0.438290 -0.641605
v -2.575425 0.438290 -0.229816
v -2.575397 0.438290 0.288870
v -2.575397 0.421870 0.288870
v -2.575378 0.438290 0.700676
v -2.575378 0.421870 0.700676
v -2.216640 0.421870 0.700659
v -2.216659 0.421870 0.288851
v -2.216640 0.438290 0.700659
v -2.216659 0.438290 0.288851
v -2.216676 0.421870 -0.229836
v -2.216676 0.438290 -0.229836
v -2.216705 0.438290 -0.641624
v -2.216705 0.421870 -0.641624
v -2.557826 0.421870 -0.641615
v -2.557807 0.421870 -0.229816
v -2.557826 0.438290 -0.641615
v -2.557807 0.438290 -0.229816
v -2.557788 0.438290 0.288870
v -2.557788 0.421870 0.288870
v -2.557761 0.438290 0.700676
v -2.557761 0.421870 0.700676
v -2.234258 0.421870 0.700659
v -2.234275 0.421870 0.288851
v -2.234258 0.438290 0.700659
v -2.234275 0.438290 0.288851
v -2.234294 0.421870 -0.229836
v -2.234294 0.438290 -0.229836
v -2.234323 0.438290 -0.641624
v -2.234323 0.421870 -0.641624
v -2.256301 0.468417 -0.231241
v -2.256272 0.468417 0.290285
v -2.535793 0.468417 0.290295
v -2.535812 0.468417 -0.231241
v -2.256253 0.468417 0.745205
v -2.535754 0.468417 0.745213
v -2.256318 0.468417 -0.686180
v -2.535831 0.468417 -0.686161
v -2.256301 0.471526 -0.231241
v -2.256272 0.471526 0.290285
v -2.535793 0.471526 0.290295
v -2.535812 0.471526 -0.231241
v -2.256253 0.471526 0.745205
v -2.535754 0.471526 0.745213
v -2.256318 0.471526 -0.686180
v -2.535831 0.471526 -0.686161
v -2.458131 0.355783 0.656807
v -2.333879 0.355783 0.656807
v -2.333879 0.264043 0.656807
v -2.458131 0.264043 0.656807
v -2.458139 0.355783 0.418776
v -2.333896 0.355783 0.418776
v -2.458139 0.264043 0.418776
v -2.333896 0.264043 0.418776
v -2.458196 0.355783 -0.597773
v -2.333944 0.355783 -0.597782
v -2.458196 0.264043 -0.597773
v -2.333944 0.264043 -0.597782
v -2.458177 0.355783 -0.359703
v -2.333934 0.355783 -0.359703
v -2.333934 0.264043 -0.359703
v -2.458177 0.264043 -0.359703
v -2.458131 0.355783 0.645002
v -2.333879 0.355783 0.644993
v -2.333879 0.264043 0.644993
v -2.458131 0.264043 0.645002
v -2.458139 0.355783 0.430599
v -2.333888 0.355783 0.430590
v -2.458139 0.264043 0.430599
v -2.333888 0.264043 0.430590
v -2.458196 0.355783 -0.585958
v -2.333944 0.355783 -0.585958
v -2.458196 0.264043 -0.585958
v -2.333944 0.264043 -0.585958
v -2.458186 0.355783 -0.371517
v -2.333934 0.355783 -0.371527
v -2.333934 0.264043 -0.371527
v -2.458186 0.264043 -0.371517
v -2.233159 0.424643 -0.725006
v -2.558997 0.424643 -0.724987
v -2.233159 0.435518 -0.725006
v -2.558997 0.435518 -0.724987
v -2.558932 0.424643 0.784058
v -2.233085 0.424643 0.784040
v -2.558932 0.435518 0.784058
v -2.233085 0.435518 0.784040
v -2.233159 0.424643 -0.720591
v -2.558997 0.424643 -0.720572
v -2.233159 0.435518 -0.720591
v -2.558997 0.435518 -0.720572
v -2.558923 0.424643 0.779633
v -2.233085 0.424643 0.779613
v -2.558923 0.435518 0.779633
v -2.233085 0.435518 0.779613
v -2.561464 0.468417 -0.232029
v -2.561444 0.468417 0.291101
v -2.561427 0.468417 0.770369
v -2.230582 0.468417 0.770361
v -2.230609 0.468417 0.291092
v -2.230638 0.468417 -0.232048
v -2.230657 0.468417 -0.711327
v -2.561502 0.468417 -0.711308
v -2.550719 0.468417 -0.231691
v -2.550691 0.468417 0.290764
v -2.550672 0.468417 0.759830
v -2.241336 0.468417 0.759821
v -2.241365 0.468417 0.290754
v -2.241391 0.468417 -0.231720
v -2.241410 0.468417 -0.700788
v -2.550739 0.468417 -0.700769
v -2.561464 0.466749 -0.232029
v -2.561444 0.466749 0.291101
v -2.561427 0.466749 0.770369
v -2.230582 0.466749 0.770361
v -2.230609 0.466749 0.291092
v -2.230638 0.466749 -0.232048
v -2.230657 0.466749 -0.711327
v -2.561502 0.466749 -0.711308
v -2.550719 0.466749 -0.231691
v -2.550691 0.466749 0.290764
v -2.550672 0.466749 0.759830
v -2.241336 0.466749 0.759821
v -2.241365 0.466749 0.290754
v -2.241391 0.466749 -0.231720
v -2.241410 0.466749 -0.700788
v -2.550739 0.466749 -0.700769
vt 4.870393 1.717118
vt 5.006457 1.717118
vt 5.006457 3.403685
vt 4.870393 3.403685
vt 5.048974 1.794433
vt 5.048974 3.326369
vt 5.142617 1.717118
vt 5.100104 1.794433
vt 5.100104 3.326369
vt 5.142617 3.403685
vt 5.254777 1.717118
vt 5.254777 3.403685
vt 5.318880 1.717073
vt 5.454942 1.717073
vt 5.454942 3.403693
vt 5.318880 3.403693
vt 5.497458 1.794439
vt 5.497458 3.326334
vt 5.591104 1.717073
vt 5.548590 1.794439
vt 5.548590 3.326334
vt 5.591104 3.403693
vt 5.703259 1.717073
vt 5.703259 3.403693
vt 2.164773 4.149141
vt 1.733465 4.149141
vt 1.733465 3.564982
vt 2.164773 3.564982
vt 2.673847 4.149130
vt 2.242537 4.149130
vt 2.242537 3.564982
vt 2.673847 3.564982
vt 3.182917 4.149141
vt 2.751610 4.149141
vt 2.751610 3.564983
vt 3.182917 3.564983
vt 3.691993 4.149141
vt 3.260684 4.149141
vt 3.260684 3.564983
vt 3.691993 3.564983
vt -3.876254 3.411577
vt -3.968675 3.411577
vt -3.968675 2.501219
vt -3.876254 2.501219
vt -4.189297 3.411533
vt -4.281714 3.411533
vt -4.281714 2.501219
vt -4.189297 2.501219
vt -4.032778 3.411566
vt -4.125196 3.411566
vt -4.125196 2.501219
vt -4.032778 2.501219
vt -4.345817 3.411524
vt -4.438238 3.411524
vt -4.438238 2.501219
vt -4.345817 2.501219
vt 4.812997 4.194707
vt 4.747178 4.194707
vt 4.747178 3.733064
vt 4.812997 3.733064
vt 4.889719 3.445388
vt 4.955538 3.445388
vt 4.955538 3.907031
vt 4.889719 3.907031
vt 5.098032 3.907031
vt 5.032259 3.907031
vt 5.032259 3.445388
vt 5.098032 3.445388
vt 5.174799 3.445388
vt 5.240574 3.445388
vt 5.240574 3.907031
vt 5.174799 3.907031
vt 5.383153 3.907039
vt 5.317341 3.907039
vt 5.317341 3.445396
vt 5.383153 3.445396
vt 5.459881 3.445396
vt 5.525691 3.445396
vt 5.525691 3.907039
vt 5.459881 3.907039
vt 5.668231 3.907039
vt 5.602421 3.907039
vt 5.602421 3.445396
vt 5.668231 3.445396
vt 5.637493 3.948741
vt 5.703259 3.948741
vt 5.703259 4.410385
vt 5.637493 4.410385
vt 4.441283 2.136011
vt 4.492410 2.136011
vt 4.492410 3.667905
vt 4.441283 3.667905
vt 4.326051 2.136011
vt 4.377180 2.136011
vt 4.377180 3.667902
vt 4.326051 3.667902
vt 4.538943 4.418342
vt 4.538943 4.335513
vt 4.616141 4.335513
vt 4.616141 4.418342
vt 4.474842 4.335513
vt 4.474842 4.418332
vt 4.397642 4.418332
vt 4.397642 4.335513
vt 4.256343 4.418300
vt 4.256343 4.335471
vt 4.333541 4.335471
vt 4.333541 4.418300
vt 4.192239 4.335457
vt 4.192239 4.418288
vt 4.115042 4.418288
vt 4.115042 4.335457
vt 3.854823 2.136011
vt 3.869438 2.136011
vt 3.869438 3.450054
vt 3.854823 3.450054
vt 3.933541 2.136011
vt 3.948159 2.136011
vt 3.948159 3.450105
vt 3.933541 3.450105
vt -3.981642 4.268514
vt -4.126796 4.152980
vt -4.126796 3.568823
vt -3.981642 3.453280
vt -4.703259 4.268514
vt -4.558104 4.152980
vt -4.558104 3.568823
vt -4.703259 3.453280
vt -3.185451 4.477283
vt -3.330606 4.361703
vt -3.330606 3.777591
vt -3.185451 3.662046
vt -3.907069 4.477283
vt -3.761913 4.361703
vt -3.761913 3.777591
vt -3.907069 3.662046
vt -2.391295 4.477272
vt -2.536451 4.361739
vt -2.536451 3.777580
vt -2.391295 3.662046
vt -3.112913 4.477272
vt -2.967757 4.361739
vt -2.967757 3.777580
vt -3.112913 3.662046
vt -1.597142 4.477407
vt -1.742296 4.361826
vt -1.742296 3.777714
vt -1.597142 3.662179
vt -2.318759 4.477407
vt -2.173605 4.361826
vt -2.173605 3.777714
vt -2.318759 3.662179
vt 4.806292 3.272549
vt 4.798450 3.272549
vt 4.798450 1.717118
vt 4.806292 1.717118
vt 4.734347 3.691362
vt 4.726502 3.691362
vt 4.726502 2.135931
vt 4.734347 2.135931
vt 4.092048 3.590318
vt 4.084205 3.590318
vt 4.084205 2.136011
vt 4.092048 2.136011
vt 4.020103 3.590283
vt 4.012261 3.590283
vt 4.012261 2.136011
vt 4.020103 2.136011
vt 3.220182 -2.496385
vt 4.534268 -2.496385
vt 4.534180 -0.044439
vt 3.220047 -0.044486
vt 4.534358 -4.635141
vt 3.220262 -4.635230
vt 3.219958 2.094272
vt 4.534002 2.094308
vt -4.703124 -2.319531
vt -3.016504 -2.319622
vt -3.016422 0.143962
vt -4.703034 0.144007
vt -4.267472 -2.917750
vt -3.452245 -2.917797
vt -3.452021 0.742138
vt -4.267257 0.742182
vt -4.703259 -4.635094
vt -4.267516 -4.037008
vt -3.452292 -4.037055
vt -3.016637 -4.635229
vt -3.016333 2.459435
vt -3.451977 1.861260
vt -4.267211 1.861296
vt -4.702900 2.459516
vt 0.618319 3.622235
vt 0.618274 2.372540
vt 1.528589 2.372505
vt 1.528678 3.622190
vt 3.790675 2.273415
vt 3.790721 3.523235
vt 2.880417 3.523280
vt 2.880326 2.273460
vt 0.506566 3.685524
vt 0.554129 3.750817
vt -0.356231 3.750770
vt -0.308669 3.685488
vt 0.506612 2.566410
vt 0.554172 2.501120
vt -0.356142 2.501084
vt -0.308625 2.566366
vt 1.953438 2.338695
vt 1.905876 2.273415
vt 2.816223 2.273460
vt 2.768663 2.338742
vt 1.953392 3.457951
vt 1.905830 3.523233
vt 2.816135 3.523280
vt 2.768617 3.458001
vt 0.984810 4.446462
vt 0.918991 4.446462
vt 0.918947 3.663984
vt 0.984766 3.663939
vt 1.061532 3.663938
vt 1.127351 3.663982
vt 1.127306 4.446460
vt 1.061487 4.446460
vt 0.633866 3.663939
vt 0.699640 3.663939
vt 0.699685 4.446506
vt 0.633911 4.446506
vt 0.842179 4.446507
vt 0.776406 4.446507
vt 0.776449 3.663938
vt 0.842225 3.663938
vt -0.180651 3.792519
vt -0.114839 3.792519
vt -0.114794 4.575175
vt -0.180604 4.575175
vt 0.027701 4.575173
vt -0.038110 4.575173
vt -0.038064 3.792519
vt 0.027747 3.792519
vt -0.929358 4.444836
vt -0.995124 4.444880
vt -0.995168 3.662188
vt -0.929358 3.662188
vt -0.852628 3.662188
vt -0.786818 3.662188
vt -0.786863 4.444880
vt -0.852628 4.444834
vt 4.993124 -2.699204
vt 4.910295 -2.699204
vt 4.910384 -4.635230
vt 4.993217 -4.635185
vt 4.992989 -0.260658
vt 4.910206 -0.260658
vt 4.992900 1.675404
vt 4.910081 1.675404
vt 5.072985 -4.635185
vt 5.155815 -4.635229
vt 5.155904 -2.699204
vt 5.073075 -2.699204
vt 5.155993 -0.260656
vt 5.073209 -0.260656
vt 5.156120 1.675406
vt 5.073299 1.675406
vt 5.378518 -0.260703
vt 5.461340 -0.260703
vt 5.461258 1.675367
vt 5.378429 1.675367
vt 5.378600 -2.699249
vt 5.461430 -2.699249
vt 5.378734 -4.635230
vt 5.461565 -4.635230
vt 5.624468 1.675369
vt 5.541638 1.675369
vt 5.541557 -0.260702
vt 5.624379 -0.260702
vt 5.541468 -2.699249
vt 5.624297 -2.699249
vt 5.541333 -4.635230
vt 5.624164 -4.635230
vt -2.949839 -2.319622
vt -2.884200 -2.317595
vt -2.884335 0.141891
vt -2.949921 0.143961
vt -2.949706 -4.635230
vt -2.884111 -4.570872
vt -2.884460 2.395120
vt -2.950010 2.459435
vt -1.263084 -4.635094
vt -1.328679 -4.570782
vt -1.329028 2.395156
vt -1.263443 2.459517
vt -1.263220 -2.319532
vt -1.328857 -2.317505
vt -1.328950 0.141934
vt -1.263308 0.144007
vt 3.769757 3.564983
vt 3.825255 3.564983
vt 3.825300 4.149141
vt 3.769757 4.149141
vt 3.891935 3.491808
vt 3.947477 3.491808
vt 3.947433 4.075965
vt 3.891935 4.075965
vt 4.069700 4.216135
vt 4.014157 4.216171
vt 4.014112 3.632020
vt 4.069700 3.632020
vt 4.191877 4.293755
vt 4.136290 4.293755
vt 4.136335 3.709606
vt 4.191877 3.709642
vt 4.314057 4.293767
vt 4.258468 4.293767
vt 4.258468 3.709608
vt 4.314011 3.709608
vt 4.436188 4.293767
vt 4.380646 4.293767
vt 4.380646 3.709608
vt 4.436234 3.709608
vt 4.502823 3.709696
vt 4.558365 3.709651
vt 4.558412 4.293809
vt 4.502823 4.293809
vt 4.625000 3.709615
vt 4.680589 3.709615
vt 4.680543 4.293776
vt 4.625000 4.293730
vt 4.261860 3.667905
vt 4.241101 3.667905
vt 4.241190 2.136011
vt 4.261949 2.136011
vt 4.176999 3.667903
vt 4.156240 3.667903
vt 4.156151 2.136011
vt 4.176910 2.136011
vt 4.641588 2.135975
vt 4.662401 2.135975
vt 4.662312 3.667866
vt 4.641508 3.667913
vt 4.556513 2.136011
vt 4.577316 2.136055
vt 4.577405 3.667947
vt 4.556593 3.667947
vt 1.293407 0.077580
vt 1.242852 0.075990
vt 1.242984 -2.380276
vt 1.293499 -2.381862
vt 1.293329 2.330802
vt 1.242763 2.281257
vt 1.243077 -4.585596
vt 1.293678 -4.635139
vt -0.262103 2.330766
vt -0.211546 2.281211
vt -0.211196 -4.585685
vt -0.261754 -4.635230
vt -0.261978 0.077534
vt -0.211411 0.075944
vt -0.211287 -2.380411
vt -0.261843 -2.381953
vt 2.984233 0.026446
vt 2.914189 0.024241
vt 2.914278 -2.427705
vt 2.984365 -2.429821
vt 2.984144 2.231712
vt 2.914011 2.162988
vt 2.914367 -4.566461
vt 2.984457 -4.635141
vt 1.529834 2.231666
vt 1.599967 2.162952
vt 1.600271 -4.566549
vt 1.530185 -4.635230
vt 1.529969 0.026399
vt 1.600056 0.024194
vt 1.600191 -2.427705
vt 1.530094 -2.429956
vt -1.198797 -2.319622
vt -1.062734 -2.319622
vt -1.062734 0.143961
vt -1.198797 0.143961
vt -1.198797 -4.635230
vt -1.062734 -4.635230
vt -1.033253 -2.307193
vt -1.033253 0.131353
vt -1.198797 2.459435
vt -1.062734 2.459435
vt -1.033253 -4.243174
vt -1.033253 2.067425
vt -0.926574 -4.635230
vt -0.956055 -4.243174
vt -0.956055 2.067425
vt -0.926574 2.459435
vt -0.926574 -2.319622
vt -0.956055 -2.307193
vt -0.956055 0.131353
vt -0.926574 0.143961
vt -0.814414 -4.635230
vt -0.814414 -2.319622
vt -0.814414 0.143961
vt -0.814414 2.459435
vt -0.482133 -2.319667
vt -0.346064 -2.319667
vt -0.346064 0.143869
vt -0.482133 0.143869
vt -0.346064 -4.635226
vt -0.482133 -4.635226
vt -0.482133 2.459378
vt -0.346064 2.459378
vt -0.511609 0.131307
vt -0.511609 -2.307241
vt -0.511609 -4.243221
vt -0.511609 2.067373
vt -0.588812 -4.243221
vt -0.618288 -4.635226
vt -0.618288 2.459378
vt -0.588812 2.067373
vt -0.588812 -2.307241
vt -0.618288 -2.319667
vt -0.618288 0.143869
vt -0.588812 0.131307
vt -0.730450 -2.319667
vt -0.730450 -4.635226
vt -0.730450 2.459378
vt -0.730450 0.143869
vt 1.665671 4.446417
vt 1.204028 4.446417
vt 1.204028 3.663939
vt 1.665671 3.663939
vt 0.104430 3.792521
vt 0.566069 3.792521
vt 0.566069 4.575086
vt 0.104430 4.575086
vt -0.710087 3.792521
vt -0.248448 3.792521
vt -0.248448 4.575179
vt -0.710087 4.575179
vt -1.062961 4.444880
vt -1.524604 4.444880
vt -1.524604 3.662188
vt -1.062961 3.662188
vt -0.420333 3.750769
vt -0.512754 3.750769
vt -0.512754 2.501084
vt -0.420333 2.501084
vt -0.669281 2.501087
vt -0.576856 2.501087
vt -0.576856 3.750782
vt -0.669281 3.750782
vt 1.749303 2.273419
vt 1.841727 2.273419
vt 1.841727 3.523235
vt 1.749303 3.523235
vt 1.685201 3.523235
vt 1.592780 3.523235
vt 1.592780 2.273415
vt 1.685201 2.273415
vt -2.304819 3.620341
vt -2.434806 3.452037
vt -2.434806 2.669515
vt -2.304819 2.501219
vt -3.026435 3.620341
vt -2.896449 3.452037
vt -2.896449 2.669515
vt -3.026435 2.501219
vt -3.812152 2.501222
vt -3.682164 2.669520
vt -3.682164 3.452085
vt -3.812152 3.620340
vt -3.090537 2.501222
vt -3.220525 2.669520
vt -3.220525 3.452085
vt -3.090537 3.620340
vt -1.454998 2.501222
vt -1.325010 2.669520
vt -1.325010 3.452178
vt -1.454998 3.620482
vt -0.733383 2.501222
vt -0.863370 2.669520
vt -0.863370 3.452178
vt -0.733383 3.620482
vt -1.519099 3.620476
vt -1.649087 3.452172
vt -1.649087 2.669526
vt -1.519099 2.501219
vt -2.240716 3.620476
vt -2.110730 3.452172
vt -2.110730 2.669526
vt -2.240716 2.501219
vt 4.844744 -2.699203
vt 4.767541 -2.699203
vt 4.767541 -4.635226
vt 4.844744 -4.635226
vt 4.844744 -0.260655
vt 4.767541 -0.260655
vt 4.767541 1.675411
vt 4.844744 1.675411
vt 5.235888 -0.260703
vt 5.313086 -0.260703
vt 5.313086 1.675369
vt 5.235888 1.675369
vt 5.235888 -2.699249
vt 5.313086 -2.699249
vt 5.235888 -4.635230
vt 5.313086 -4.635230
vt 4.604637 -2.496385
vt 4.619252 -2.496385
vt 4.619252 -0.044486
vt 4.604637 -0.044486
vt 4.604637 -4.635230
vt 4.619252 -4.635230
vt 4.619252 2.094272
vt 4.604637 2.094272
vt 4.700699 -0.044523
vt 4.686089 -0.044523
vt 4.686089 -2.496464
vt 4.700699 -2.496464
vt 4.700699 2.094224
vt 4.686089 2.094224
vt 4.686089 -4.635226
vt 4.700699 -4.635226
vt 5.517848 3.948748
vt 5.573392 3.948748
vt 5.573392 4.380058
vt 5.517848 4.380058
vt 5.398248 3.948741
vt 5.453747 3.948741
vt 5.453747 4.380050
vt 5.398248 4.380050
vt 5.334146 4.380050
vt 5.278559 4.380050
vt 5.278559 3.948741
vt 5.334146 3.948741
vt 5.214457 4.380051
vt 5.158915 4.380051
vt 5.158915 3.948741
vt 5.214457 3.948741
vt 5.094813 4.380043
vt 5.039270 4.380043
vt 5.039270 3.948734
vt 5.094813 3.948734
vt 4.975168 4.380051
vt 4.919579 4.380051
vt 4.919579 3.948741
vt 4.975168 3.948741
vt 4.799888 4.236414
vt 4.855477 4.236414
vt 4.855477 4.667724
vt 4.799888 4.667724
vt 4.680243 4.335479
vt 4.735786 4.335479
vt 4.735786 4.766787
vt 4.680243 4.766787
vt 4.050939 4.309008
vt 4.030181 4.309008
vt 4.030181 4.257881
vt 4.050939 4.257881
vt 3.966078 4.168797
vt 3.945320 4.168797
vt 3.945320 4.117668
vt 3.966078 4.117668
vt 3.860413 4.190845
vt 3.881217 4.190845
vt 3.881217 4.241973
vt 3.860413 4.241973
vt 3.775499 4.190849
vt 3.796311 4.190849
vt 3.796311 4.241976
vt 3.775499 4.241976
vt 1.456227 0.077488
vt 1.448383 0.077488
vt 1.448383 -2.381953
vt 1.456227 -2.381953
vt 1.456227 2.330709
vt 1.448383 2.330709
vt 1.448383 -4.635230
vt 1.456227 -4.635230
vt 1.366932 0.077541
vt 1.374777 0.077541
vt 1.374777 2.330770
vt 1.366932 2.330770
vt 1.366932 -2.381947
vt 1.374777 -2.381947
vt 1.366932 -4.635226
vt 1.374777 -4.635226
vt 3.138506 -2.429909
vt 3.146352 -2.429909
vt 3.146352 0.026357
vt 3.138506 0.026357
vt 3.138506 -4.635226
vt 3.146352 -4.635226
vt 3.146352 2.231624
vt 3.138506 2.231624
vt 3.064898 2.231666
vt 3.057054 2.231666
vt 3.057054 0.026401
vt 3.064898 0.026401
vt 3.057054 -2.429956
vt 3.064898 -2.429956
vt 3.057054 -4.635230
vt 3.064898 -4.635230
vn 1.000000 0.000000 -0.000045
vn 1.000000 0.000044 -0.000046
vn 1.000000 -0.000029 -0.000036
vn 1.000000 0.000000 -0.000035
vn 0.000000 1.000000 0.000000
vn 0.000000 1.000000 0.000000
vn -0.000000 1.000000 -0.000000
vn -0.000000 1.000000 -0.000000
vn -1.000000 0.000092 0.000047
vn -1.000000 0.000000 0.000047
vn -1.000000 0.000000 0.000047
vn -1.000000 0.000165 0.000047
vn 0.000000 -1.000000 0.000000
vn -0.000000 -1.000000 0.000000
vn -0.000000 -1.000000 0.000000
vn 0.000000 -1.000000 0.000000
vn 0.000048 0.000000 1.000000
vn 0.000047 0.000000 1.000000
vn 0.000047 0.000000 1.000000
vn 0.000048 0.000000 1.000000
vn -0.000080 0.000000 -1.000000
vn -0.000077 0.000045 -1.000000
vn -0.000088 0.000045 -1.000000
vn -0.000080 0.000000 -1.000000
vn 1.000000 0.000000 -0.000039
vn 1.000000 -0.000002 -0.000034
vn 1.000000 0.000000 -0.000058
vn 1.000000 0.000004 -0.000051
vn -0.000000 1.000000 -0.000000
vn -0.000000 1.000000 -0.000000
vn 0.000000 1.000000 0.000000
vn 0.000000 1.000000 0.000000
vn -1.000000 0.000009 0.000052
vn -1.000000 0.000000 0.000058
vn -1.000000 0.000000 0.000058
vn -1.000000 0.000003 0.000065
vn 0.000000 -1.000000 0.000000
vn 0.000000 -1.000000 0.000000
vn 0.000000 -1.000000 0.000000
vn 0.000000 -1.000000 0.000000
vn 0.000000 -1.000000 0.000000
vn 0.000000 -1.000000 0.000000
vn 0.000000 -1.000000 0.000000
vn 0.000000 -1.000000 0.000000
vn -0.000000 -1.000000 0.000000
vn -0.000000 -1.000000 0.000000
vn -0.000000 -1.000000 0.000000
vn -0.000000 -1.000000 0.000000
vn -0.000000 -1.000000 0.000000
vn 0.000000 -1.000000 0.000000
vn 0.000000 -1.000000 0.000000
vn 0.000000 -1.000000 0.000000
vn 0.000000 -1.000000 0.000000
vn 0.000000 -1.000000 0.000000
vn 0.000000 -1.000000 0.000000
vn -0.000000 -1.000000 0.000000
vn 0.000077 0.000000 1.000000
vn 0.000077 0.000000 1.000000
vn 0.000077 0.000000 1.000000
vn 0.000077 0.000000 1.000000
vn 1.000000 0.000000 -0.000057
vn 1.000000 0.000000 -0.000057
vn 1.000000 0.000000 -0.000057
vn 1.000000 0.000000 -0.000057
vn -0.000077 0.000000 -1.000000
vn -0.000077 0.000000 -1.000000
vn -0.000077 0.000000 -1.000000
vn -0.000077 0.000000 -1.000000
vn -1.000000 0.000000 0.000057
vn -1.000000 0.000000 0.000057
vn -1.000000 0.000000 0.000057
vn -1.000000 0.000000 0.000057
vn 0.000000 0.000000 -1.000000
vn 0.000000 0.000000 -1.000000
vn 0.000000 0.000000 -1.000000
vn 0.000000 0.000000 -1.000000
vn -1.000000 0.000000 0.000057
vn -1.000000 0.000000 0.000057
vn -1.000000 0.000000 0.000057
vn -1.000000 0.000000 0.000057
vn 0.000077 0.000000 1.000000
vn 0.000077 0.000000 1.000000
vn 0.000077 0.000000 1.000000
vn 0.000077 0.000000 1.000000
vn 1.000000 0.000000 -0.000057
vn 1.000000 0.000000 -0.000057
vn 1.000000 0.000000 -0.000057
vn 1.000000 0.000000 -0.000057
vn -0.000000 1.000000 -0.000000
vn -0.000000 1.000000 -0.000000
vn -0.000000 1.000000 -0.000000
vn -0.000000 1.000000 -0.000000
vn -0.000000 1.000000 -0.000000
vn -0.000000 1.000000 -0.000000
vn -0.000000 1.000000 -0.000000
vn -0.000000 1.000000 -0.000000
vn -0.000001 1.000000 -0.000000
vn -0.000001 1.000000 -0.000000
vn 0.000001 1.000000 0.000000
vn 0.000001 1.000000 0.000000
vn 0.000001 1.000000 0.000000
vn 0.000001 1.000000 0.000000
vn -0.000001 1.000000 -0.000000
vn -0.000001 1.000000 -0.000000
vn 0.000049 0.000000 1.000000
vn 0.000049 0.000000 1.000000
vn 0.000049 0.000000 1.000000
vn 0.000049 0.000000 1.000000
vn 1.000000 0.000000 -0.000071
vn 1.000000 0.000000 -0.000071
vn 1.000000 0.000000 -0.000071
vn 1.000000 0.000000 -0.000071
vn -0.000039 0.000000 -1.000000
vn -0.000039 0.000000 -1.000000
vn -0.000039 0.000000 -1.000000
vn -0.000039 0.000000 -1.000000
vn -1.000000 0.000000 0.000036
vn -1.000000 0.000000 0.000036
vn -1.000000 0.000000 0.000036
vn -1.000000 0.000000 0.000036
vn -0.000049 0.000000 -1.000000
vn -0.000049 0.000000 -1.000000
vn -0.000049 0.000000 -1.000000
vn -0.000049 0.000000 -1.000000
vn -1.000000 0.000000 0.000071
vn -1.000000 0.000000 0.000071
vn -1.000000 0.000000 0.000071
vn -1.000000 0.000000 0.000071
vn 0.000049 0.000000 1.000000
vn 0.000049 0.000000 1.000000
vn 0.000049 0.000000 1.000000
vn 0.000049 0.000000 1.000000
vn 1.000000 0.000000 -0.000036
vn 1.000000 0.000000 -0.000036
vn 1.000000 0.000000 -0.000036
vn 1.000000 0.000000 -0.000036
vn 1.000000 0.000000 -0.000023
vn 1.000000 0.000000 -0.000028
vn 1.000000 0.000000 -0.000028
vn 1.000000 0.000000 -0.000023
vn 1.000000 -0.000000 -0.000027
vn 1.000000 -0.000000 -0.000022
vn 1.000000 -0.000000 -0.000027
vn 1.000000 -0.000000 -0.000022
vn -1.000000 0.000000 0.000022
vn -1.000000 0.000000 0.000027
vn -1.000000 0.000000 0.000027
vn -1.000000 0.000000 0.000022
vn -1.000000 -0.000000 0.000028
vn -1.000000 -0.000000 0.000023
vn -1.000000 -0.000000 0.000028
vn -1.000000 -0.000000 0.000023
vn -1.000000 -0.000000 0.000022
vn -1.000000 -0.000000 0.000027
vn -1.000000 -0.000000 0.000027
vn -1.000000 -0.000000 0.000022
vn -1.000000 0.000000 0.000028
vn -1.000000 0.000000 0.000023
vn -1.000000 0.000000 0.000028
vn -1.000000 0.000000 0.000023
vn 1.000000 0.000081 -0.000007
vn 1.000000 0.000100 -0.000010
vn 1.000000 0.000100 -0.000127
vn 1.000000 0.000081 -0.000154
vn 1.000000 -0.000100 -0.000128
vn 1.000000 -0.000081 -0.000155
vn 1.000000 -0.000100 -0.000011
vn 1.000000 -0.000081 -0.000008
vn 0.000000 -1.000000 0.000000
vn 0.000000 -1.000000 0.000000
vn 0.000000 -1.000000 0.000000
vn 0.000000 -1.000000 0.000000
vn 0.000681 0.000000 1.000000
vn 0.000681 0.000000 1.000000
vn 0.000681 0.000000 1.000000
vn 0.000681 0.000000 1.000000
vn 0.000000 1.000000 0.000000
vn 0.000000 1.000000 0.000000
vn 0.000000 1.000000 0.000000
vn 0.000000 1.000000 0.000000
vn 0.000000 0.000000 -1.000000
vn 0.000000 0.000000 -1.000000
vn 0.000000 0.000000 -1.000000
vn 0.000000 0.000000 -1.000000
vn 0.000000 -1.000000 0.000000
vn 0.000000 -1.000000 0.000000
vn 0.000000 -1.000000 0.000000
vn 0.000000 -1.000000 0.000000
vn 0.000000 0.000000 -1.000000
vn 0.000000 0.000000 -1.000000
vn 0.000000 0.000000 -1.000000
vn 0.000000 0.000000 -1.000000
vn 0.000000 1.000000 0.000000
vn 0.000000 1.000000 0.000000
vn 0.000000 1.000000 0.000000
vn 0.000000 1.000000 0.000000
vn 0.000000 0.000000 1.000000
vn 0.000000 0.000000 1.000000
vn 0.000000 0.000000 1.000000
vn 0.000000 0.000000 1.000000
vn 0.000000 -1.000000 0.000000
vn 0.000000 -1.000000 0.000000
vn 0.000000 -1.000000 0.000000
vn 0.000000 -1.000000 0.000000
vn 0.000000 0.000000 -1.000000
vn 0.000000 0.000000 -1.000000
vn 0.000000 0.000000 -1.000000
vn 0.000000 0.000000 -1.000000
vn 0.000000 1.000000 0.000000
vn 0.000000 1.000000 0.000000
vn 0.000000 1.000000 0.000000
vn 0.000000 1.000000 0.000000
vn 0.000000 0.000000 1.000000
vn 0.000000 0.000000 1.000000
vn 0.000000 0.000000 1.000000
vn 0.000000 0.000000 1.000000
vn 0.000000 -1.000000 0.000000
vn 0.000000 -1.000000 0.000000
vn 0.000000 -1.000000 0.000000
vn 0.000000 -1.000000 0.000000
vn 0.000000 0.000000 1.000000
vn 0.000000 0.000000 1.000000
vn 0.000000 0.000000 1.000000
vn 0.000000 0.000000 1.000000
vn 0.000000 1.000000 0.000000
vn 0.000000 1.000000 0.000000
vn 0.000000 1.000000 0.000000
vn 0.000000 1.000000 0.000000
vn -0.000682 0.000000 -1.000000
vn -0.000682 0.000000 -1.000000
vn -0.000682 0.000000 -1.000000
vn -0.000682 0.000000 -1.000000
vn -0.000077 -0.000053 -1.000000
vn -0.000080 0.000000 -1.000000
vn -0.000080 0.000000 -1.000000
vn -0.000090 -0.000053 -1.000000
vn -1.000000 -0.000108 0.000048
vn -1.000000 0.000000 0.000047
vn -1.000000 0.000000 0.000058
vn -1.000000 -0.000004 0.000066
vn -1.000000 -0.000193 0.000048
vn -1.000000 0.000000 0.000047
vn -1.000000 0.000000 0.000058
vn -1.000000 -0.000011 0.000051
vn 0.000047 0.000000 1.000000
vn 0.000048 0.000000 1.000000
vn 0.000048 0.000000 1.000000
vn 0.000047 0.000000 1.000000
vn 1.000000 0.000034 -0.000036
vn 1.000000 0.000000 -0.000036
vn 1.000000 0.000000 -0.000039
vn 1.000000 0.000003 -0.000034
vn 1.000000 -0.000051 -0.000046
vn 1.000000 0.000000 -0.000045
vn 1.000000 0.000000 -0.000058
vn 1.000000 -0.000004 -0.000050
vn -0.000059 0.000000 -1.000000
vn -0.000059 0.000000 -1.000000
vn -0.000059 0.000000 -1.000000
vn -0.000059 0.000000 -1.000000
vn -1.000000 0.000000 0.000041
vn -1.000000 0.000000 0.000041
vn -1.000000 0.000000 0.000046
vn -1.000000 0.000000 0.000046
vn -1.000000 0.000000 0.000049
vn -1.000000 0.000000 0.000049
vn -1.000000 0.000000 0.000065
vn -1.000000 0.000000 0.000065
vn 0.000059 0.000000 1.000000
vn 0.000059 0.000000 1.000000
vn 0.000059 0.000000 1.000000
vn 0.000059 0.000000 1.000000
vn 1.000000 0.000000 -0.000039
vn 1.000000 0.000000 -0.000039
vn 1.000000 0.000000 -0.000042
vn 1.000000 0.000000 -0.000042
vn 1.000000 0.000000 -0.000051
vn 1.000000 0.000000 -0.000051
vn 1.000000 0.000000 -0.000069
vn 1.000000 0.000000 -0.000069
vn -1.000000 0.000637 0.000048
vn -1.000000 0.000294 0.000070
vn -1.000000 -0.000294 0.000070
vn -1.000000 -0.000637 0.000048
vn -1.000000 -0.000883 0.000048
vn -1.000000 0.000883 0.000048
vn -1.000000 -0.000826 0.000039
vn -1.000000 0.000826 0.000039
vn 1.000000 -0.000098 -0.000036
vn 1.000000 -0.000213 -0.000031
vn 1.000000 0.000213 -0.000031
vn 1.000000 0.000098 -0.000036
vn 1.000000 0.000148 -0.000043
vn 1.000000 -0.000148 -0.000043
vn 1.000000 -0.000320 -0.000046
vn 1.000000 0.000320 -0.000045
vn 0.000000 1.000000 0.000000
vn 0.000000 1.000000 0.000000
vn 0.000000 1.000000 0.000000
vn 0.000000 1.000000 0.000000
vn 0.000541 0.000000 1.000000
vn 0.000541 0.000000 1.000000
vn 0.000541 0.000000 1.000000
vn 0.000541 0.000000 1.000000
vn -0.000002 -1.000000 0.000000
vn -0.000002 -1.000000 0.000000
vn -0.000001 -1.000000 0.000000
vn -0.000001 -1.000000 0.000000
vn 0.000000 -1.000000 0.000000
vn 0.000000 -1.000000 0.000000
vn 0.000000 1.000000 0.000000
vn 0.000000 1.000000 0.000000
vn 0.000000 0.000000 -1.000000
vn 0.000000 0.000000 -1.000000
vn 0.000000 0.000000 -1.000000
vn 0.000000 0.000000 -1.000000
vn 0.000000 1.000000 0.000000
vn 0.000000 1.000000 0.000000
vn 0.000000 -1.000000 0.000000
vn 0.000000 -1.000000 0.000000
vn 0.000000 1.000000 0.000000
vn 0.000000 1.000000 0.000000
vn 0.000000 1.000000 0.000000
vn 0.000000 1.000000 0.000000
vn 0.000000 0.000000 -1.000000
vn 0.000000 0.000000 -1.000000
vn 0.000000 0.000000 -1.000000
vn 0.000000 0.000000 -1.000000
vn 0.000000 -1.000000 0.000000
vn 0.000000 -1.000000 0.000000
vn 0.000000 -1.000000 0.000000
vn 0.000000 -1.000000 0.000000
vn 0.000000 1.000000 0.000000
vn 0.000000 1.000000 0.000000
vn 0.000000 -1.000000 0.000000
vn 0.000000 -1.000000 0.000000
vn 0.000000 -1.000000 0.000000
vn 0.000000 -1.000000 0.000000
vn 0.000000 0.000000 1.000000
vn 0.000000 0.000000 1.000000
vn 0.000000 0.000000 1.000000
vn 0.000000 0.000000 1.000000
vn 0.000000 1.000000 0.000000
vn 0.000000 1.000000 0.000000
vn -0.000001 1.000000 -0.000000
vn -0.000001 1.000000 -0.000000
vn -0.000000 1.000000 -0.000000
vn 0.000000 1.000000 0.000000
vn 0.000000 1.000000 0.000000
vn 0.000000 1.000000 0.000000
vn -0.000001 1.000000 -0.000000
vn -0.000001 1.000000 -0.000000
vn 0.000001 1.000000 0.000000
vn 0.000001 1.000000 0.000000
vn 0.000000 1.000000 0.000000
vn 0.000000 1.000000 0.000000
vn -0.000001 1.000000 -0.000000
vn -0.000001 1.000000 -0.000000
vn 0.000000 1.000000 0.000000
vn 0.000000 1.000000 0.000000
vn 1.000000 0.000000 -0.000047
vn 1.000000 0.000000 -0.000047
vn 1.000000 0.000000 -0.000049
vn 1.000000 0.000000 -0.000049
vn -1.000000 0.000000 0.000059
vn -1.000000 0.000000 0.000059
vn -1.000000 0.000000 0.000039
vn -1.000000 0.000000 0.000039
vn 0.000027 0.000000 1.000000
vn 0.000027 0.000000 1.000000
vn 0.000027 0.000000 1.000000
vn 0.000027 0.000000 1.000000
vn -1.000000 0.000000 0.000084
vn -1.000000 0.000000 0.000084
vn 1.000000 0.000000 -0.000042
vn 1.000000 0.000000 -0.000042
vn -0.000068 0.000000 -1.000000
vn -0.000068 0.000000 -1.000000
vn -0.000068 0.000000 -1.000000
vn -0.000068 0.000000 -1.000000
vn 1.000000 0.000000 -0.000038
vn 1.000000 0.000000 -0.000038
vn -1.000000 0.000000 0.000042
vn -1.000000 0.000000 0.000042
vn 0.000119 -0.000083 1.000000
vn 0.000145 -0.000072 1.000000
vn 0.000015 -0.000072 1.000000
vn 0.000017 -0.000083 1.000000
vn 0.000015 0.000073 1.000000
vn 0.000017 0.000084 1.000000
vn 0.000145 0.000073 1.000000
vn 0.000119 0.000084 1.000000
vn -0.000149 -0.000104 -1.000000
vn -0.000181 -0.000090 -1.000000
vn -0.000019 -0.000090 -1.000000
vn -0.000021 -0.000104 -1.000000
vn -0.000019 0.000089 -1.000000
vn -0.000021 0.000103 -1.000000
vn -0.000181 0.000089 -1.000000
vn -0.000149 0.000103 -1.000000
vn -0.000043 0.000000 -1.000000
vn -0.000037 0.000000 -1.000000
vn -0.000037 0.000000 -1.000000
vn -0.000043 0.000000 -1.000000
vn -0.000037 0.000000 -1.000000
vn -0.000043 0.000000 -1.000000
vn -0.000037 0.000000 -1.000000
vn -0.000043 0.000000 -1.000000
vn 0.000021 0.000103 1.000000
vn 0.000019 0.000089 1.000000
vn 0.000181 0.000089 1.000000
vn 0.000149 0.000103 1.000000
vn 0.000181 -0.000090 1.000000
vn 0.000149 -0.000104 1.000000
vn 0.000019 -0.000090 1.000000
vn 0.000021 -0.000104 1.000000
vn 0.000000 -1.000000 0.000000
vn 0.000000 -1.000000 0.000000
vn 0.000000 -1.000000 0.000000
vn 0.000000 -1.000000 0.000000
vn -1.000000 0.000000 -0.000000
vn -1.000000 0.000000 -0.000000
vn -1.000000 0.000000 -0.000000
vn -1.000000 0.000000 -0.000000
vn 0.000000 1.000000 0.000000
vn 0.000000 1.000000 0.000000
vn 0.000000 1.000000 0.000000
vn 0.000000 1.000000 0.000000
vn 1.000000 0.000000 0.000000
vn 1.000000 0.000000 0.000000
vn 1.000000 0.000000 0.000000
vn 1.000000 0.000000 0.000000
vn -0.000000 -1.000000 0.000000
vn -0.000000 -1.000000 0.000000
vn -0.000000 -1.000000 0.000000
vn -0.000000 -1.000000 0.000000
vn 1.000000 0.000000 0.000000
vn 1.000000 0.000000 0.000000
vn 1.000000 0.000000 0.000000
vn 1.000000 0.000000 0.000000
vn 0.000000 1.000000 0.000000
vn 0.000000 1.000000 0.000000
vn 0.000000 1.000000 0.000000
vn 0.000000 1.000000 0.000000
vn -1.000000 0.000000 0.000660
vn -1.000000 0.000000 0.000660
vn -1.000000 0.000000 0.000660
vn -1.000000 0.000000 0.000660
vn 0.000000 -1.000000 0.000000
vn 0.000000 -1.000000 0.000000
vn 0.000000 -1.000000 0.000000
vn 0.000000 -1.000000 0.000000
vn 1.000000 0.000000 0.000000
vn 1.000000 0.000000 0.000000
vn 1.000000 0.000000 0.000000
vn 1.000000 0.000000 0.000000
vn -0.000000 1.000000 -0.000000
vn -0.000000 1.000000 -0.000000
vn -0.000000 1.000000 -0.000000
vn -0.000000 1.000000 -0.000000
vn -1.000000 0.000000 -0.000000
vn -1.000000 0.000000 -0.000000
vn -1.000000 0.000000 -0.000000
vn -1.000000 0.000000 -0.000000
vn 0.000000 -1.000000 0.000000
vn 0.000000 -1.000000 0.000000
vn 0.000000 -1.000000 0.000000
vn 0.000000 -1.000000 0.000000
vn -1.000000 0.000000 -0.000000
vn -1.000000 0.000000 -0.000000
vn -1.000000 0.000000 -0.000000
vn -1.000000 0.000000 -0.000000
vn -0.000000 1.000000 -0.000000
vn -0.000000 1.000000 -0.000000
vn -0.000000 1.000000 -0.000000
vn -0.000000 1.000000 -0.000000
vn 1.000000 0.000000 -0.000797
vn 1.000000 0.000000 -0.000797
vn 1.000000 0.000000 -0.000797
vn 1.000000 0.000000 -0.000797
vn -0.000064 0.000489 -1.000000
vn -0.000109 0.000489 -1.000000
vn -0.000109 -0.000480 -1.000000
vn -0.000064 -0.000480 -1.000000
vn 0.000046 0.000000 1.000000
vn 0.000046 0.000000 1.000000
vn 0.000046 0.000000 1.000000
vn 0.000046 0.000000 1.000000
vn 0.000000 1.000000 0.000000
vn 0.000000 1.000000 0.000000
vn 0.000000 1.000000 0.000000
vn 0.000000 1.000000 0.000000
vn -1.000000 0.000000 -0.000000
vn -1.000000 0.000000 -0.000000
vn -1.000000 0.000000 -0.000000
vn -1.000000 0.000000 -0.000000
vn -0.000000 -1.000000 0.000000
vn -0.000000 -1.000000 0.000000
vn -0.000000 -1.000000 0.000000
vn -0.000000 -1.000000 0.000000
vn 1.000000 0.000000 0.000000
vn 1.000000 0.000000 0.000000
vn 1.000000 0.000000 0.000000
vn 1.000000 0.000000 0.000000
vn -0.000000 1.000000 -0.000000
vn -0.000000 1.000000 -0.000000
vn -0.000000 1.000000 -0.000000
vn -0.000000 1.000000 -0.000000
vn 0.999998 0.000000 0.002167
vn 0.999998 0.000000 0.002167
vn 0.999998 0.000000 0.002167
vn 0.999998 0.000000 0.002167
vn -0.000000 -1.000000 0.000000
vn -0.000000 -1.000000 0.000000
vn -0.000000 -1.000000 0.000000
vn -0.000000 -1.000000 0.000000
vn -1.000000 0.000000 -0.000000
vn -1.000000 0.000000 -0.000000
vn -1.000000 0.000000 -0.000000
vn -1.000000 0.000000 -0.000000
vn -0.000001 1.000000 -0.000000
vn -0.000001 1.000000 -0.000000
vn -0.000001 1.000000 -0.000000
vn -0.000001 1.000000 -0.000000
vn -0.000000 1.000000 -0.000000
vn -0.000000 1.000000 -0.000000
vn -0.000000 1.000000 -0.000000
vn -0.000000 1.000000 -0.000000
vn 0.000000 1.000000 0.000000
vn 0.000000 1.000000 0.000000
vn 0.000000 1.000000 0.000000
vn 0.000000 1.000000 0.000000
vn 0.000000 1.000000 0.000000
vn 0.000000 1.000000 0.000000
vn 0.000000 1.000000 0.000000
vn 0.000000 1.000000 0.000000
vn 0.000000 1.000000 0.000000
vn 0.000000 1.000000 0.000000
vn -0.000001 1.000000 -0.000000
vn -0.000001 1.000000 -0.000000
vn 0.000000 1.000000 0.000000
vn 0.000000 1.000000 0.000000
vn 0.000000 1.000000 0.000000
vn 0.000000 1.000000 0.000000
vn 0.000000 1.000000 0.000000
vn 0.000000 1.000000 0.000000
vn 0.000000 1.000000 0.000000
vn 0.000000 1.000000 0.000000
vn 0.000000 1.000000 0.000000
vn 0.000000 1.000000 0.000000
vn -0.000001 1.000000 -0.000000
vn -0.000001 1.000000 -0.000000
vn 1.000000 0.000000 -0.000036
vn 1.000000 0.000000 -0.000036
vn 1.000000 0.000000 -0.000057
vn 1.000000 0.000000 -0.000057
vn 1.000000 0.000000 -0.000036
vn 1.000000 0.000000 -0.000036
vn -0.000023 0.000000 -1.000000
vn -0.000023 0.000000 -1.000000
vn -0.000023 0.000000 -1.000000
vn -0.000023 0.000000 -1.000000
vn -1.000000 0.000000 0.000055
vn -1.000000 0.000000 0.000055
vn -1.000000 0.000000 0.000056
vn -1.000000 0.000000 0.000056
vn -1.000000 0.000000 0.000048
vn -1.000000 0.000000 0.000048
vn -1.000000 0.000000 0.000040
vn -1.000000 0.000000 0.000040
vn 0.000058 0.000000 1.000000
vn 0.000058 0.000000 1.000000
vn 0.000058 0.000000 1.000000
vn 0.000058 0.000000 1.000000
vn 1.000000 0.000000 -0.000079
vn 1.000000 0.000000 -0.000079
vn -1.000000 0.000000 0.000048
vn -1.000000 0.000000 0.000048
vn -1.000000 0.000000 0.000048
vn -1.000000 0.000000 0.000048
vn -1.000000 0.000000 0.000040
vn -1.000000 0.000000 0.000040
vn 0.000031 0.000000 1.000000
vn 0.000031 0.000000 1.000000
vn 0.000031 0.000000 1.000000
vn 0.000031 0.000000 1.000000
vn 1.000000 0.000000 -0.000061
vn 1.000000 0.000000 -0.000061
vn 1.000000 0.000000 -0.000056
vn 1.000000 0.000000 -0.000056
vn 1.000000 0.000000 -0.000046
vn 1.000000 0.000000 -0.000046
vn 1.000000 0.000000 -0.000040
vn 1.000000 0.000000 -0.000040
vn -0.000062 0.000000 -1.000000
vn -0.000062 0.000000 -1.000000
vn -0.000062 0.000000 -1.000000
vn -0.000062 0.000000 -1.000000
vn -1.000000 0.000000 0.000041
vn -1.000000 0.000000 0.000041
s 1
g Altar Benchs Bench59
usemtl lambert16SG
f 1682/4366/3950 1769/4367/3951 1768/4368/3952 1683/4369/3953
s 2
f 1810/4158/3954 1813/4159/3955 1812/4160/3956 1811/4161/3957
s 3
f 1764/4390/3958 1689/4391/3959 1688/4392/3960 1765/4393/3961
s 4
f 1689/4166/3962 1682/4167/3963 1683/4168/3964 1688/4169/3965
s 5
f 1675/3990/3966 1767/3991/3967 1766/3992/3968 1681/3993/3969
s 6
f 1680/4002/3970 1763/4003/3971 1762/4004/3972 1674/4005/3973
s 1
f 1675/4374/3974 1683/4369/3953 1768/4368/3952 1767/4375/3975
f 1769/4367/3951 1682/4366/3950 1674/4370/3976 1762/4371/3977
s 2
f 1814/4164/3978 1811/4161/3957 1812/4160/3956 1815/4165/3979
f 1817/4162/3980 1813/4159/3955 1810/4158/3954 1816/4163/3981
s 3
f 1766/4396/3982 1765/4393/3961 1688/4392/3960 1681/4397/3983
f 1680/4394/3984 1689/4391/3959 1764/4390/3958 1763/4395/3985
s off
f 1714/4182/3986 1717/4183/3987 1716/4184/3988 1715/4185/3989
f 1719/4186/3990 1721/4187/3991 1720/4188/3992 1718/4189/3993
s 4
f 1681/4181/3994 1690/4180/3995 1691/4179/3996 1675/4178/3997
f 1675/4178/3997 1691/4179/3996 1692/4172/3998 1683/4168/3964
f 1683/4168/3964 1692/4172/3998 1693/4173/3999 1688/4169/3965
f 1688/4169/3965 1693/4173/3999 1690/4180/3995 1681/4181/3994
f 1674/4177/4000 1695/4176/4001 1694/4175/4002 1680/4174/4003
f 1680/4174/4003 1694/4175/4002 1696/4170/4004 1689/4166/3962
f 1689/4166/3962 1696/4170/4004 1697/4171/4005 1682/4167/3963
f 1682/4167/3963 1697/4171/4005 1695/4176/4001 1674/4177/4000
s off
f 1834/4014/4006 1837/4015/4007 1836/4016/4008 1835/4017/4009
f 1738/4414/4010 1741/4415/4011 1740/4416/4012 1739/4417/4013
f 1839/4018/4014 1841/4019/4015 1840/4020/4016 1838/4021/4017
f 1743/4418/4018 1745/4419/4019 1744/4420/4020 1742/4421/4021
f 1843/4022/4022 1845/4023/4023 1844/4024/4024 1842/4025/4025
f 1746/4422/4026 1749/4423/4027 1748/4424/4028 1747/4425/4029
f 1846/4026/4030 1849/4027/4031 1848/4028/4032 1847/4029/4033
f 1751/4426/4034 1753/4427/4035 1752/4428/4036 1750/4429/4037
s 9
f 1698/4190/4038 1706/4191/4039 1707/4192/4040 1699/4193/4041
f 1699/4193/4041 1707/4192/4040 1708/4196/4042 1700/4197/4043
f 1700/4197/4043 1708/4196/4042 1709/4195/4044 1701/4194/4045
f 1701/4194/4045 1709/4195/4044 1706/4191/4039 1698/4190/4038
s 10
f 1703/4198/4046 1711/4199/4047 1710/4200/4048 1702/4201/4049
f 1702/4201/4049 1710/4200/4048 1712/4204/4050 1704/4205/4051
f 1704/4205/4051 1712/4204/4050 1713/4203/4052 1705/4202/4053
f 1705/4202/4053 1713/4203/4052 1711/4199/4047 1703/4198/4046
s off
f 1706/4030/4054 1714/4031/4055 1715/4032/4056 1707/4033/4057
f 1707/4430/4058 1715/4431/4059 1716/4432/4060 1708/4433/4061
f 1708/4034/4062 1716/4035/4063 1717/4036/4064 1709/4037/4065
f 1709/4434/4066 1717/4435/4067 1714/4436/4068 1706/4437/4069
f 1711/4038/4070 1719/4039/4071 1718/4040/4072 1710/4041/4073
f 1710/4438/4074 1718/4439/4075 1720/4440/4076 1712/4441/4077
f 1712/4042/4078 1720/4043/4079 1721/4044/4080 1713/4045/4081
f 1713/4442/4082 1721/4443/4083 1719/4444/4084 1711/4445/4085
s 11
f 1691/4446/4086 1722/4447/4087 1723/4448/4088 1692/4449/4089
f 1692/4449/4089 1723/4448/4088 1724/4452/4090 1700/4453/4091
f 1700/4453/4091 1724/4452/4090 1725/4451/4092 1699/4450/4093
f 1699/4450/4093 1725/4451/4092 1722/4447/4087 1691/4446/4086
s 12
f 1693/4454/4094 1727/4455/4095 1726/4456/4096 1690/4457/4097
f 1690/4457/4097 1726/4456/4096 1728/4460/4098 1698/4461/4099
f 1698/4461/4099 1728/4460/4098 1729/4459/4100 1701/4458/4101
f 1701/4458/4101 1729/4459/4100 1727/4455/4095 1693/4454/4094
s 13
f 1694/4462/4102 1730/4463/4103 1731/4464/4104 1696/4465/4105
f 1696/4465/4105 1731/4464/4104 1732/4468/4106 1704/4469/4107
f 1704/4469/4107 1732/4468/4106 1733/4467/4108 1702/4466/4109
f 1702/4466/4109 1733/4467/4108 1730/4463/4103 1694/4462/4102
s 14
f 1697/4470/4110 1735/4471/4111 1734/4472/4112 1695/4473/4113
f 1695/4473/4113 1734/4472/4112 1736/4476/4114 1703/4477/4115
f 1703/4477/4115 1736/4476/4114 1737/4475/4116 1705/4474/4117
f 1705/4474/4117 1737/4475/4116 1735/4471/4111 1697/4470/4110
s off
f 1722/4206/4118 1738/4207/4119 1739/4208/4120 1723/4209/4121
f 1723/4046/4122 1739/4047/4123 1740/4048/4124 1724/4049/4125
f 1724/4210/4126 1740/4211/4127 1741/4212/4128 1725/4213/4129
f 1725/4050/4130 1741/4051/4131 1738/4052/4132 1722/4053/4133
f 1727/4214/4134 1743/4215/4135 1742/4216/4136 1726/4217/4137
f 1726/4054/4138 1742/4055/4139 1744/4056/4140 1728/4057/4141
f 1728/4218/4142 1744/4219/4143 1745/4220/4144 1729/4221/4145
f 1729/4058/4146 1745/4059/4147 1743/4060/4148 1727/4061/4149
f 1730/4222/4150 1746/4223/4151 1747/4224/4152 1731/4225/4153
f 1731/4062/4154 1747/4063/4155 1748/4064/4156 1732/4065/4157
f 1732/4226/4158 1748/4227/4159 1749/4228/4160 1733/4229/4161
f 1733/4066/4162 1749/4067/4163 1746/4068/4164 1730/4069/4165
f 1735/4230/4166 1751/4231/4167 1750/4232/4168 1734/4233/4169
f 1734/4070/4170 1750/4071/4171 1752/4072/4172 1736/4073/4173
f 1736/4234/4174 1752/4235/4175 1753/4236/4176 1737/4237/4177
f 1737/4074/4178 1753/4075/4179 1751/4076/4180 1735/4077/4181
s 6
f 1755/4008/4182 1678/4012/4183 1676/4013/4184 1754/4011/4185
s 3
f 1756/4407/4186 1687/4410/4187 1678/4411/4188 1755/4403/4189
f 1687/4410/4187 1756/4407/4186 1757/4408/4190 1686/4413/4191
f 1679/4412/4192 1686/4413/4191 1757/4408/4190 1758/4404/4193
s 5
f 1759/3996/4194 1677/4000/4195 1679/4001/4196 1758/3999/4197
s 1
f 1760/4385/4198 1684/4388/4199 1677/4389/4200 1759/4381/4201
f 1761/4382/4202 1685/4387/4203 1684/4388/4199 1760/4385/4198
f 1676/4386/4204 1685/4387/4203 1761/4382/4202 1754/4378/4205
s off
f 1859/4078/4206 1861/4079/4207 1860/4080/4208 1858/4081/4209
s 19
f 1787/4478/4210 1789/4479/4211 1788/4480/4212 1786/4481/4213
f 1789/4479/4211 1787/4478/4210 1791/4482/4214 1790/4483/4215
f 1792/4484/4216 1790/4483/4215 1791/4482/4214 1793/4485/4217
s off
f 1863/4082/4218 1865/4083/4219 1864/4084/4220 1862/4085/4221
s 20
f 1795/4486/4222 1797/4487/4223 1796/4488/4224 1794/4489/4225
f 1798/4490/4226 1799/4491/4227 1797/4487/4223 1795/4486/4222
f 1799/4491/4227 1798/4490/4226 1801/4492/4228 1800/4493/4229
s 3
f 1764/4390/3958 1771/4399/4230 1770/4400/4231 1763/4395/3985
f 1763/4395/3985 1770/4400/4231 1772/4402/4232 1755/4403/4189
f 1755/4403/4189 1772/4402/4232 1773/4406/4233 1756/4407/4186
f 1756/4407/4186 1773/4406/4233 1774/4409/4234 1757/4408/4190
f 1765/4393/3961 1775/4398/4235 1771/4399/4230 1764/4390/3958
f 1758/4404/4193 1776/4405/4236 1777/4401/4237 1766/4396/3982
f 1766/4396/3982 1777/4401/4237 1775/4398/4235 1765/4393/3961
f 1757/4408/4190 1774/4409/4234 1776/4405/4236 1758/4404/4193
s 1
f 1768/4368/3952 1779/4373/4238 1778/4377/4239 1767/4375/3975
f 1767/4375/3975 1778/4377/4239 1780/4380/4240 1759/4381/4201
f 1759/4381/4201 1780/4380/4240 1781/4384/4241 1760/4385/4198
f 1769/4367/3951 1782/4372/4242 1779/4373/4238 1768/4368/3952
f 1760/4385/4198 1781/4384/4241 1783/4383/4243 1761/4382/4202
f 1761/4382/4202 1783/4383/4243 1784/4379/4244 1754/4378/4205
f 1754/4378/4205 1784/4379/4244 1785/4376/4245 1762/4371/3977
f 1762/4371/3977 1785/4376/4245 1782/4372/4242 1769/4367/3951
s 21
f 1771/4238/4246 1787/4239/4247 1786/4240/4248 1770/4241/4249
s off
f 1770/4086/4250 1786/4087/4251 1788/4088/4252 1772/4089/4253
s 22
f 1772/4246/4254 1788/4247/4255 1789/4248/4256 1773/4249/4257
f 1773/4249/4257 1789/4248/4256 1790/4250/4258 1774/4251/4259
s 21
f 1775/4242/4260 1791/4243/4261 1787/4239/4247 1771/4238/4246
s off
f 1776/4090/4262 1792/4091/4263 1793/4092/4264 1777/4093/4265
s 21
f 1777/4244/4266 1793/4245/4267 1791/4243/4261 1775/4242/4260
s 22
f 1774/4251/4259 1790/4250/4258 1792/4252/4268 1776/4253/4269
s 23
f 1779/4254/4270 1795/4255/4271 1794/4256/4272 1778/4257/4273
s off
f 1778/4094/4274 1794/4095/4275 1796/4096/4276 1780/4097/4277
s 24
f 1780/4262/4278 1796/4263/4279 1797/4264/4280 1781/4265/4281
s 23
f 1782/4258/4282 1798/4259/4283 1795/4255/4271 1779/4254/4270
s 24
f 1781/4265/4281 1797/4264/4280 1799/4266/4284 1783/4267/4285
f 1783/4267/4285 1799/4266/4284 1800/4268/4286 1784/4269/4287
s off
f 1784/4098/4288 1800/4099/4289 1801/4100/4290 1785/4101/4291
s 23
f 1785/4260/4292 1801/4261/4293 1798/4259/4283 1782/4258/4282
s 25
f 1685/4270/4294 1871/4271/4295 1870/4272/4296 1684/4273/4297
f 1686/4285/4298 1867/4284/4299 1866/4283/4300 1687/4282/4301
f 1677/4277/4302 1869/4276/4303 1868/4280/4304 1679/4281/4305
f 1679/4281/4305 1868/4280/4304 1867/4284/4299 1686/4285/4298
f 1684/4273/4297 1870/4272/4296 1869/4276/4303 1677/4277/4302
f 1678/4278/4306 1873/4279/4307 1872/4275/4308 1676/4274/4309
f 1676/4274/4309 1872/4275/4308 1871/4271/4295 1685/4270/4294
f 1687/4282/4301 1866/4283/4300 1873/4279/4307 1678/4278/4306
s 27
f 1802/4494/4310 1810/4495/4311 1811/4496/4312 1803/4497/4313
s 28
f 1804/4502/4314 1812/4503/4315 1813/4504/4316 1805/4505/4317
s off
f 1806/4102/4318 1814/4103/4319 1815/4104/4320 1807/4105/4321
s 28
f 1807/4506/4322 1815/4507/4323 1812/4503/4315 1804/4502/4314
s 27
f 1803/4497/4313 1811/4496/4312 1814/4500/4324 1806/4501/4325
s off
f 1809/4106/4326 1817/4107/4327 1816/4108/4328 1808/4109/4329
s 27
f 1808/4498/4330 1816/4499/4331 1810/4495/4311 1802/4494/4310
s 28
f 1805/4505/4317 1813/4504/4316 1817/4508/4332 1809/4509/4333
s 29
f 1690/4110/4334 1818/4111/4335 1819/4112/4336 1691/4113/4337
f 1691/4113/4337 1819/4112/4336 1820/4116/4338 1699/4117/4339
f 1699/4117/4339 1820/4116/4338 1821/4115/4340 1698/4114/4341
f 1698/4114/4341 1821/4115/4340 1818/4111/4335 1690/4110/4334
s 30
f 1692/4118/4342 1823/4119/4343 1822/4120/4344 1693/4121/4345
f 1693/4121/4345 1822/4120/4344 1824/4124/4346 1701/4125/4347
f 1701/4125/4347 1824/4124/4346 1825/4123/4348 1700/4122/4349
f 1700/4122/4349 1825/4123/4348 1823/4119/4343 1692/4118/4342
s 31
f 1695/4126/4350 1827/4127/4351 1826/4128/4352 1694/4129/4353
f 1694/4129/4353 1826/4128/4352 1828/4132/4354 1702/4133/4355
f 1702/4133/4355 1828/4132/4354 1829/4131/4356 1703/4130/4357
f 1703/4130/4357 1829/4131/4356 1827/4127/4351 1695/4126/4350
s 32
f 1696/4134/4358 1830/4135/4359 1831/4136/4360 1697/4137/4361
f 1697/4137/4361 1831/4136/4360 1832/4140/4362 1705/4141/4363
f 1705/4141/4363 1832/4140/4362 1833/4139/4364 1704/4138/4365
f 1704/4138/4365 1833/4139/4364 1830/4135/4359 1696/4134/4358
s off
f 1818/4286/4366 1834/4287/4367 1835/4288/4368 1819/4289/4369
f 1819/4510/4370 1835/4511/4371 1836/4512/4372 1820/4513/4373
f 1820/4290/4374 1836/4291/4375 1837/4292/4376 1821/4293/4377
f 1821/4514/4378 1837/4515/4379 1834/4516/4380 1818/4517/4381
f 1823/4294/4382 1839/4295/4383 1838/4296/4384 1822/4297/4385
f 1822/4518/4386 1838/4519/4387 1840/4520/4388 1824/4521/4389
f 1824/4298/4390 1840/4299/4391 1841/4300/4392 1825/4301/4393
f 1825/4522/4394 1841/4523/4395 1839/4524/4396 1823/4525/4397
f 1827/4302/4398 1843/4303/4399 1842/4304/4400 1826/4305/4401
f 1826/4526/4402 1842/4527/4403 1844/4528/4404 1828/4529/4405
f 1828/4306/4406 1844/4307/4407 1845/4308/4408 1829/4309/4409
f 1829/4530/4410 1845/4531/4411 1843/4532/4412 1827/4533/4413
f 1830/4310/4414 1846/4311/4415 1847/4312/4416 1831/4313/4417
f 1831/4534/4418 1847/4535/4419 1848/4536/4420 1832/4537/4421
f 1832/4314/4422 1848/4315/4423 1849/4316/4424 1833/4317/4425
f 1833/4538/4426 1849/4539/4427 1846/4540/4428 1830/4541/4429
s 6
f 1763/4003/3971 1851/4006/4430 1850/4007/4431 1762/4004/3972
f 1762/4004/3972 1850/4007/4431 1852/4010/4432 1754/4011/4185
f 1754/4011/4185 1852/4010/4432 1853/4009/4433 1755/4008/4182
f 1755/4008/4182 1853/4009/4433 1851/4006/4430 1763/4003/3971
s 5
f 1767/3991/3967 1855/3994/4434 1854/3995/4435 1766/3992/3968
f 1766/3992/3968 1854/3995/4435 1856/3998/4436 1758/3999/4197
f 1758/3999/4197 1856/3998/4436 1857/3997/4437 1759/3996/4194
f 1759/3996/4194 1857/3997/4437 1855/3994/4434 1767/3991/3967
s off
f 1851/4318/4438 1859/4319/4439 1858/4320/4440 1850/4321/4441
f 1850/4542/4442 1858/4543/4443 1860/4544/4444 1852/4545/4445
f 1852/4322/4446 1860/4323/4447 1861/4324/4448 1853/4325/4449
f 1853/4546/4450 1861/4547/4451 1859/4548/4452 1851/4549/4453
f 1855/4326/4454 1863/4327/4455 1862/4328/4456 1854/4329/4457
f 1854/4550/4458 1862/4551/4459 1864/4552/4460 1856/4553/4461
f 1856/4330/4462 1864/4331/4463 1865/4332/4464 1857/4333/4465
f 1857/4554/4466 1865/4555/4467 1863/4556/4468 1855/4557/4469
s 33
f 1883/4334/4470 1891/4335/4471 1890/4336/4472 1882/4337/4473
f 1884/4338/4474 1892/4339/4475 1891/4335/4471 1883/4334/4470
f 1885/4342/4476 1893/4343/4477 1892/4339/4475 1884/4338/4474
f 1886/4346/4478 1894/4347/4479 1893/4343/4477 1885/4342/4476
f 1887/4349/4480 1895/4348/4481 1894/4347/4479 1886/4346/4478
f 1888/4345/4482 1896/4344/4483 1895/4348/4481 1887/4349/4480
f 1889/4341/4484 1897/4340/4485 1896/4344/4483 1888/4345/4482
f 1882/4337/4473 1890/4336/4472 1897/4340/4485 1889/4341/4484
s 34
f 1875/4350/4486 1804/4351/4487 1805/4352/4488 1874/4353/4489
f 1876/4354/4490 1807/4355/4491 1804/4351/4487 1875/4350/4486
f 1877/4358/4492 1806/4359/4493 1807/4355/4491 1876/4354/4490
f 1878/4362/4494 1803/4363/4495 1806/4359/4493 1877/4358/4492
f 1879/4365/4496 1802/4364/4497 1803/4363/4495 1878/4362/4494
f 1880/4361/4498 1808/4360/4499 1802/4364/4497 1879/4365/4496
f 1881/4357/4500 1809/4356/4501 1808/4360/4499 1880/4361/4498
f 1874/4353/4489 1805/4352/4488 1809/4356/4501 1881/4357/4500
s 35
f 1867/4558/4502 1883/4559/4503 1882/4560/4504 1866/4561/4505
f 1868/4562/4506 1884/4563/4507 1883/4559/4503 1867/4558/4502
s off
f 1869/4142/4508 1885/4143/4509 1884/4144/4510 1868/4145/4511
s 36
f 1870/4566/4512 1886/4567/4513 1885/4568/4514 1869/4569/4515
f 1871/4570/4516 1887/4571/4517 1886/4567/4513 1870/4566/4512
f 1872/4572/4518 1888/4573/4519 1887/4571/4517 1871/4570/4516
s off
f 1873/4146/4520 1889/4147/4521 1888/4148/4522 1872/4149/4523
s 35
f 1866/4561/4505 1882/4560/4504 1889/4564/4524 1873/4565/4525
s 37
f 1874/4574/4526 1890/4575/4527 1891/4576/4528 1875/4577/4529
f 1875/4577/4529 1891/4576/4528 1892/4580/4530 1876/4581/4531
s off
f 1876/4150/4532 1892/4151/4533 1893/4152/4534 1877/4153/4535
s 38
f 1877/4582/4536 1893/4583/4537 1894/4584/4538 1878/4585/4539
f 1878/4585/4539 1894/4584/4538 1895/4586/4540 1879/4587/4541
f 1879/4587/4541 1895/4586/4540 1896/4588/4542 1880/4589/4543
s off
f 1880/4154/4544 1896/4155/4545 1897/4156/4546 1881/4157/4547
s 37
f 1881/4578/4548 1897/4579/4549 1890/4575/4527 1874/4574/4526
